obs_date,pub_date,source,source_family,tier,series,grade,location,value,currency,unit,price_type,market,quote_kind,url,confidence,raw_text,vintage_status,value_kind,date_precision
2023-01-31,2023-03-17,comtrade,un_comtrade,1,export.hacid.qty,HS 292221,World,1560.863197,,t,FOB,export,customs,https://comtradeapi.un.org/public/v1/preview/C/M/HS?reporterCode=156&period=202301&cmdCode=292221&flowCode=X&partnerCode=0,1.0,netWgt=1560863.197 kg; isQtyEstimated=True,estimated,observed,month
2023-02-28,2023-04-14,comtrade,un_comtrade,1,export.hacid.qty,HS 292221,World,1237.497466,,t,FOB,export,customs,https://comtradeapi.un.org/public/v1/preview/C/M/HS?reporterCode=156&period=202302&cmdCode=292221&flowCode=X&partnerCode=0,1.0,netWgt=1237497.466 kg; isQtyEstimated=True,estimated,observed,month
2023-03-31,2023-05-15,comtrade,un_comtrade,1,export.hacid.qty,HS 292221,World,1541.42623,,t,FOB,export,customs,https://comtradeapi.un.org/public/v1/preview/C/M/HS?reporterCode=156&period=202303&cmdCode=292221&flowCode=X&partnerCode=0,1.0,netWgt=1541426.23 kg; isQtyEstimated=True,estimated,observed,month
2023-04-30,2023-06-14,comtrade,un_comtrade,1,export.hacid.qty,HS 292221,World,1977.154707,,t,FOB,export,customs,https://comtradeapi.un.org/public/v1/preview/C/M/HS?reporterCode=156&period=202304&cmdCode=292221&flowCode=X&partnerCode=0,1.0,netWgt=1977154.707 kg; isQtyEstimated=True,estimated,observed,month
2023-05-31,2023-07-15,comtrade,un_comtrade,1,export.hacid.qty,HS 292221,World,1181.5744439999999,,t,FOB,export,customs,https://comtradeapi.un.org/public/v1/preview/C/M/HS?reporterCode=156&period=202305&cmdCode=292221&flowCode=X&partnerCode=0,1.0,netWgt=1181574.444 kg; isQtyEstimated=True,estimated,observed,month
2023-06-30,2023-08-14,comtrade,un_comtrade,1,export.hacid.qty,HS 292221,World,1713.424,,t,FOB,export,customs,https://comtradeapi.un.org/public/v1/preview/C/M/HS?reporterCode=156&period=202306&cmdCode=292221&flowCode=X&partnerCode=0,1.0,netWgt=1713424.0 kg; isQtyEstimated=False,estimated,observed,month
2023-07-31,2023-09-14,comtrade,un_comtrade,1,export.hacid.qty,HS 292221,World,1894.516,,t,FOB,export,customs,https://comtradeapi.un.org/public/v1/preview/C/M/HS?reporterCode=156&period=202307&cmdCode=292221&flowCode=X&partnerCode=0,1.0,netWgt=1894516.0 kg; isQtyEstimated=False,estimated,observed,month
2023-08-31,2023-10-15,comtrade,un_comtrade,1,export.hacid.qty,HS 292221,World,2316.726094,,t,FOB,export,customs,https://comtradeapi.un.org/public/v1/preview/C/M/HS?reporterCode=156&period=202308&cmdCode=292221&flowCode=X&partnerCode=0,1.0,netWgt=2316726.094 kg; isQtyEstimated=True,estimated,observed,month
2023-09-30,2023-11-14,comtrade,un_comtrade,1,export.hacid.qty,HS 292221,World,3033.235345,,t,FOB,export,customs,https://comtradeapi.un.org/public/v1/preview/C/M/HS?reporterCode=156&period=202309&cmdCode=292221&flowCode=X&partnerCode=0,1.0,netWgt=3033235.345 kg; isQtyEstimated=True,estimated,observed,month
2023-10-31,2023-12-15,comtrade,un_comtrade,1,export.hacid.qty,HS 292221,World,1743.413355,,t,FOB,export,customs,https://comtradeapi.un.org/public/v1/preview/C/M/HS?reporterCode=156&period=202310&cmdCode=292221&flowCode=X&partnerCode=0,1.0,netWgt=1743413.355 kg; isQtyEstimated=True,estimated,observed,month
2023-11-30,2024-01-14,comtrade,un_comtrade,1,export.hacid.qty,HS 292221,World,1678.200151,,t,FOB,export,customs,https://comtradeapi.un.org/public/v1/preview/C/M/HS?reporterCode=156&period=202311&cmdCode=292221&flowCode=X&partnerCode=0,1.0,netWgt=1678200.151 kg; isQtyEstimated=True,estimated,observed,month
2023-12-31,2024-02-14,comtrade,un_comtrade,1,export.hacid.qty,HS 292221,World,1178.099,,t,FOB,export,customs,https://comtradeapi.un.org/public/v1/preview/C/M/HS?reporterCode=156&period=202312&cmdCode=292221&flowCode=X&partnerCode=0,1.0,netWgt=1178099.0 kg; isQtyEstimated=False,estimated,observed,month
2024-01-31,2024-03-16,comtrade,un_comtrade,1,export.hacid.qty,HS 292221,World,1522.456,,t,FOB,export,customs,https://comtradeapi.un.org/public/v1/preview/C/M/HS?reporterCode=156&period=202401&cmdCode=292221&flowCode=X&partnerCode=0,1.0,netWgt=1522456.0 kg; isQtyEstimated=False,estimated,observed,month
2024-02-29,2024-04-14,comtrade,un_comtrade,1,export.hacid.qty,HS 292221,World,1104.877558,,t,FOB,export,customs,https://comtradeapi.un.org/public/v1/preview/C/M/HS?reporterCode=156&period=202402&cmdCode=292221&flowCode=X&partnerCode=0,1.0,netWgt=1104877.558 kg; isQtyEstimated=True,estimated,observed,month
2024-03-31,2024-05-15,comtrade,un_comtrade,1,export.hacid.qty,HS 292221,World,1535.36,,t,FOB,export,customs,https://comtradeapi.un.org/public/v1/preview/C/M/HS?reporterCode=156&period=202403&cmdCode=292221&flowCode=X&partnerCode=0,1.0,netWgt=1535360.0 kg; isQtyEstimated=False,estimated,observed,month
2024-04-30,2024-06-14,comtrade,un_comtrade,1,export.hacid.qty,HS 292221,World,1682.722,,t,FOB,export,customs,https://comtradeapi.un.org/public/v1/preview/C/M/HS?reporterCode=156&period=202404&cmdCode=292221&flowCode=X&partnerCode=0,1.0,netWgt=1682722.0 kg; isQtyEstimated=False,estimated,observed,month
2024-05-31,2024-07-15,comtrade,un_comtrade,1,export.hacid.qty,HS 292221,World,1459.423,,t,FOB,export,customs,https://comtradeapi.un.org/public/v1/preview/C/M/HS?reporterCode=156&period=202405&cmdCode=292221&flowCode=X&partnerCode=0,1.0,netWgt=1459423.0 kg; isQtyEstimated=False,estimated,observed,month
2024-06-30,2024-08-14,comtrade,un_comtrade,1,export.hacid.qty,HS 292221,World,2008.271,,t,FOB,export,customs,https://comtradeapi.un.org/public/v1/preview/C/M/HS?reporterCode=156&period=202406&cmdCode=292221&flowCode=X&partnerCode=0,1.0,netWgt=2008271.0 kg; isQtyEstimated=False,estimated,observed,month
2024-07-31,2024-09-14,comtrade,un_comtrade,1,export.hacid.qty,HS 292221,World,1380.845137,,t,FOB,export,customs,https://comtradeapi.un.org/public/v1/preview/C/M/HS?reporterCode=156&period=202407&cmdCode=292221&flowCode=X&partnerCode=0,1.0,netWgt=1380845.137 kg; isQtyEstimated=True,estimated,observed,month
2024-08-31,2024-10-15,comtrade,un_comtrade,1,export.hacid.qty,HS 292221,World,1878.286,,t,FOB,export,customs,https://comtradeapi.un.org/public/v1/preview/C/M/HS?reporterCode=156&period=202408&cmdCode=292221&flowCode=X&partnerCode=0,1.0,netWgt=1878286.0 kg; isQtyEstimated=False,estimated,observed,month
2024-09-30,2024-11-14,comtrade,un_comtrade,1,export.hacid.qty,HS 292221,World,1670.178,,t,FOB,export,customs,https://comtradeapi.un.org/public/v1/preview/C/M/HS?reporterCode=156&period=202409&cmdCode=292221&flowCode=X&partnerCode=0,1.0,netWgt=1670178.0 kg; isQtyEstimated=False,estimated,observed,month
2024-10-31,2024-12-15,comtrade,un_comtrade,1,export.hacid.qty,HS 292221,World,1794.0497460000001,,t,FOB,export,customs,https://comtradeapi.un.org/public/v1/preview/C/M/HS?reporterCode=156&period=202410&cmdCode=292221&flowCode=X&partnerCode=0,1.0,netWgt=1794049.746 kg; isQtyEstimated=True,estimated,observed,month
2024-11-30,2025-01-14,comtrade,un_comtrade,1,export.hacid.qty,HS 292221,World,2421.148042,,t,FOB,export,customs,https://comtradeapi.un.org/public/v1/preview/C/M/HS?reporterCode=156&period=202411&cmdCode=292221&flowCode=X&partnerCode=0,1.0,netWgt=2421148.042 kg; isQtyEstimated=True,estimated,observed,month
2024-12-31,2025-02-14,comtrade,un_comtrade,1,export.hacid.qty,HS 292221,World,2072.424,,t,FOB,export,customs,https://comtradeapi.un.org/public/v1/preview/C/M/HS?reporterCode=156&period=202412&cmdCode=292221&flowCode=X&partnerCode=0,1.0,netWgt=2072424.0 kg; isQtyEstimated=False,estimated,observed,month
2023-01-31,2023-03-17,comtrade,un_comtrade,1,export.hacid.value,HS 292221,World,6517552.0,USD,USD,FOB,export,customs,https://comtradeapi.un.org/public/v1/preview/C/M/HS?reporterCode=156&period=202301&cmdCode=292221&flowCode=X&partnerCode=0,1.0,fobvalue=6517552.0 USD,estimated,observed,month
2023-02-28,2023-04-14,comtrade,un_comtrade,1,export.hacid.value,HS 292221,World,5315411.0,USD,USD,FOB,export,customs,https://comtradeapi.un.org/public/v1/preview/C/M/HS?reporterCode=156&period=202302&cmdCode=292221&flowCode=X&partnerCode=0,1.0,fobvalue=5315411.0 USD,estimated,observed,month
2023-03-31,2023-05-15,comtrade,un_comtrade,1,export.hacid.value,HS 292221,World,6707184.0,USD,USD,FOB,export,customs,https://comtradeapi.un.org/public/v1/preview/C/M/HS?reporterCode=156&period=202303&cmdCode=292221&flowCode=X&partnerCode=0,1.0,fobvalue=6707184.0 USD,estimated,observed,month
2023-04-30,2023-06-14,comtrade,un_comtrade,1,export.hacid.value,HS 292221,World,8389399.0,USD,USD,FOB,export,customs,https://comtradeapi.un.org/public/v1/preview/C/M/HS?reporterCode=156&period=202304&cmdCode=292221&flowCode=X&partnerCode=0,1.0,fobvalue=8389399.0 USD,estimated,observed,month
2023-05-31,2023-07-15,comtrade,un_comtrade,1,export.hacid.value,HS 292221,World,5327854.0,USD,USD,FOB,export,customs,https://comtradeapi.un.org/public/v1/preview/C/M/HS?reporterCode=156&period=202305&cmdCode=292221&flowCode=X&partnerCode=0,1.0,fobvalue=5327854.0 USD,estimated,observed,month
2023-06-30,2023-08-14,comtrade,un_comtrade,1,export.hacid.value,HS 292221,World,6895605.0,USD,USD,FOB,export,customs,https://comtradeapi.un.org/public/v1/preview/C/M/HS?reporterCode=156&period=202306&cmdCode=292221&flowCode=X&partnerCode=0,1.0,fobvalue=6895605.0 USD,estimated,observed,month
2023-07-31,2023-09-14,comtrade,un_comtrade,1,export.hacid.value,HS 292221,World,7686278.0,USD,USD,FOB,export,customs,https://comtradeapi.un.org/public/v1/preview/C/M/HS?reporterCode=156&period=202307&cmdCode=292221&flowCode=X&partnerCode=0,1.0,fobvalue=7686278.0 USD,estimated,observed,month
2023-08-31,2023-10-15,comtrade,un_comtrade,1,export.hacid.value,HS 292221,World,9687179.0,USD,USD,FOB,export,customs,https://comtradeapi.un.org/public/v1/preview/C/M/HS?reporterCode=156&period=202308&cmdCode=292221&flowCode=X&partnerCode=0,1.0,fobvalue=9687179.0 USD,estimated,observed,month
2023-09-30,2023-11-14,comtrade,un_comtrade,1,export.hacid.value,HS 292221,World,12611089.0,USD,USD,FOB,export,customs,https://comtradeapi.un.org/public/v1/preview/C/M/HS?reporterCode=156&period=202309&cmdCode=292221&flowCode=X&partnerCode=0,1.0,fobvalue=12611089.0 USD,estimated,observed,month
2023-10-31,2023-12-15,comtrade,un_comtrade,1,export.hacid.value,HS 292221,World,7094301.0,USD,USD,FOB,export,customs,https://comtradeapi.un.org/public/v1/preview/C/M/HS?reporterCode=156&period=202310&cmdCode=292221&flowCode=X&partnerCode=0,1.0,fobvalue=7094301.0 USD,estimated,observed,month
2023-11-30,2024-01-14,comtrade,un_comtrade,1,export.hacid.value,HS 292221,World,6390495.0,USD,USD,FOB,export,customs,https://comtradeapi.un.org/public/v1/preview/C/M/HS?reporterCode=156&period=202311&cmdCode=292221&flowCode=X&partnerCode=0,1.0,fobvalue=6390495.0 USD,estimated,observed,month
2023-12-31,2024-02-14,comtrade,un_comtrade,1,export.hacid.value,HS 292221,World,4779180.0,USD,USD,FOB,export,customs,https://comtradeapi.un.org/public/v1/preview/C/M/HS?reporterCode=156&period=202312&cmdCode=292221&flowCode=X&partnerCode=0,1.0,fobvalue=4779180.0 USD,estimated,observed,month
2024-01-31,2024-03-16,comtrade,un_comtrade,1,export.hacid.value,HS 292221,World,6728487.0,USD,USD,FOB,export,customs,https://comtradeapi.un.org/public/v1/preview/C/M/HS?reporterCode=156&period=202401&cmdCode=292221&flowCode=X&partnerCode=0,1.0,fobvalue=6728487.0 USD,estimated,observed,month
2024-02-29,2024-04-14,comtrade,un_comtrade,1,export.hacid.value,HS 292221,World,4684171.0,USD,USD,FOB,export,customs,https://comtradeapi.un.org/public/v1/preview/C/M/HS?reporterCode=156&period=202402&cmdCode=292221&flowCode=X&partnerCode=0,1.0,fobvalue=4684171.0 USD,estimated,observed,month
2024-03-31,2024-05-15,comtrade,un_comtrade,1,export.hacid.value,HS 292221,World,6779665.0,USD,USD,FOB,export,customs,https://comtradeapi.un.org/public/v1/preview/C/M/HS?reporterCode=156&period=202403&cmdCode=292221&flowCode=X&partnerCode=0,1.0,fobvalue=6779665.0 USD,estimated,observed,month
2024-04-30,2024-06-14,comtrade,un_comtrade,1,export.hacid.value,HS 292221,World,7240780.0,USD,USD,FOB,export,customs,https://comtradeapi.un.org/public/v1/preview/C/M/HS?reporterCode=156&period=202404&cmdCode=292221&flowCode=X&partnerCode=0,1.0,fobvalue=7240780.0 USD,estimated,observed,month
2024-05-31,2024-07-15,comtrade,un_comtrade,1,export.hacid.value,HS 292221,World,6236902.0,USD,USD,FOB,export,customs,https://comtradeapi.un.org/public/v1/preview/C/M/HS?reporterCode=156&period=202405&cmdCode=292221&flowCode=X&partnerCode=0,1.0,fobvalue=6236902.0 USD,estimated,observed,month
2024-06-30,2024-08-14,comtrade,un_comtrade,1,export.hacid.value,HS 292221,World,9277291.0,USD,USD,FOB,export,customs,https://comtradeapi.un.org/public/v1/preview/C/M/HS?reporterCode=156&period=202406&cmdCode=292221&flowCode=X&partnerCode=0,1.0,fobvalue=9277291.0 USD,estimated,observed,month
2024-07-31,2024-09-14,comtrade,un_comtrade,1,export.hacid.value,HS 292221,World,6071715.0,USD,USD,FOB,export,customs,https://comtradeapi.un.org/public/v1/preview/C/M/HS?reporterCode=156&period=202407&cmdCode=292221&flowCode=X&partnerCode=0,1.0,fobvalue=6071715.0 USD,estimated,observed,month
2024-08-31,2024-10-15,comtrade,un_comtrade,1,export.hacid.value,HS 292221,World,8077664.0,USD,USD,FOB,export,customs,https://comtradeapi.un.org/public/v1/preview/C/M/HS?reporterCode=156&period=202408&cmdCode=292221&flowCode=X&partnerCode=0,1.0,fobvalue=8077664.0 USD,estimated,observed,month
2024-09-30,2024-11-14,comtrade,un_comtrade,1,export.hacid.value,HS 292221,World,7436605.0,USD,USD,FOB,export,customs,https://comtradeapi.un.org/public/v1/preview/C/M/HS?reporterCode=156&period=202409&cmdCode=292221&flowCode=X&partnerCode=0,1.0,fobvalue=7436605.0 USD,estimated,observed,month
2024-10-31,2024-12-15,comtrade,un_comtrade,1,export.hacid.value,HS 292221,World,8218709.0,USD,USD,FOB,export,customs,https://comtradeapi.un.org/public/v1/preview/C/M/HS?reporterCode=156&period=202410&cmdCode=292221&flowCode=X&partnerCode=0,1.0,fobvalue=8218709.0 USD,estimated,observed,month
2024-11-30,2025-01-14,comtrade,un_comtrade,1,export.hacid.value,HS 292221,World,11165433.0,USD,USD,FOB,export,customs,https://comtradeapi.un.org/public/v1/preview/C/M/HS?reporterCode=156&period=202411&cmdCode=292221&flowCode=X&partnerCode=0,1.0,fobvalue=11165433.0 USD,estimated,observed,month
2024-12-31,2025-02-14,comtrade,un_comtrade,1,export.hacid.value,HS 292221,World,9641600.0,USD,USD,FOB,export,customs,https://comtradeapi.un.org/public/v1/preview/C/M/HS?reporterCode=156&period=202412&cmdCode=292221&flowCode=X&partnerCode=0,1.0,fobvalue=9641600.0 USD,estimated,observed,month
2023-01-31,2023-04-01,comtrade,un_comtrade,1,mirror.bra.hacid.qty,HS 292221,Brazil (from China),13.201308000000001,,t,CIF (importer-reported),export,customs,https://comtradeapi.un.org/public/v1/preview/C/M/HS?reporterCode=76&period=202301&cmdCode=292221&flowCode=M&partnerCode=156,1.0,netWgt=13201.308 kg; isQtyEstimated=True,estimated,observed,month
2023-02-28,2023-04-29,comtrade,un_comtrade,1,mirror.bra.hacid.qty,HS 292221,Brazil (from China),24.00234,,t,CIF (importer-reported),export,customs,https://comtradeapi.un.org/public/v1/preview/C/M/HS?reporterCode=76&period=202302&cmdCode=292221&flowCode=M&partnerCode=156,1.0,netWgt=24002.34 kg; isQtyEstimated=True,estimated,observed,month
2023-03-31,2023-05-30,comtrade,un_comtrade,1,mirror.bra.hacid.qty,HS 292221,Brazil (from China),1.006,,t,CIF (importer-reported),export,customs,https://comtradeapi.un.org/public/v1/preview/C/M/HS?reporterCode=76&period=202303&cmdCode=292221&flowCode=M&partnerCode=156,1.0,netWgt=1006.0 kg; isQtyEstimated=False,estimated,observed,month
2023-04-30,2023-06-29,comtrade,un_comtrade,1,mirror.bra.hacid.qty,HS 292221,Brazil (from China),42.002,,t,CIF (importer-reported),export,customs,https://comtradeapi.un.org/public/v1/preview/C/M/HS?reporterCode=76&period=202304&cmdCode=292221&flowCode=M&partnerCode=156,1.0,netWgt=42002.0 kg; isQtyEstimated=False,estimated,observed,month
2023-05-31,2023-07-30,comtrade,un_comtrade,1,mirror.bra.hacid.qty,HS 292221,Brazil (from China),25.001,,t,CIF (importer-reported),export,customs,https://comtradeapi.un.org/public/v1/preview/C/M/HS?reporterCode=76&period=202305&cmdCode=292221&flowCode=M&partnerCode=156,1.0,netWgt=25001.0 kg; isQtyEstimated=False,estimated,observed,month
2023-06-30,2023-08-29,comtrade,un_comtrade,1,mirror.bra.hacid.qty,HS 292221,Brazil (from China),7.141,,t,CIF (importer-reported),export,customs,https://comtradeapi.un.org/public/v1/preview/C/M/HS?reporterCode=76&period=202306&cmdCode=292221&flowCode=M&partnerCode=156,1.0,netWgt=7141.0 kg; isQtyEstimated=False,estimated,observed,month
2023-07-31,2023-09-29,comtrade,un_comtrade,1,mirror.bra.hacid.qty,HS 292221,Brazil (from China),12.015,,t,CIF (importer-reported),export,customs,https://comtradeapi.un.org/public/v1/preview/C/M/HS?reporterCode=76&period=202307&cmdCode=292221&flowCode=M&partnerCode=156,1.0,netWgt=12015.0 kg; isQtyEstimated=False,estimated,observed,month
2023-08-31,2023-10-30,comtrade,un_comtrade,1,mirror.bra.hacid.qty,HS 292221,Brazil (from China),28.525,,t,CIF (importer-reported),export,customs,https://comtradeapi.un.org/public/v1/preview/C/M/HS?reporterCode=76&period=202308&cmdCode=292221&flowCode=M&partnerCode=156,1.0,netWgt=28525.0 kg; isQtyEstimated=False,estimated,observed,month
2023-09-30,2023-11-29,comtrade,un_comtrade,1,mirror.bra.hacid.qty,HS 292221,Brazil (from China),8.703,,t,CIF (importer-reported),export,customs,https://comtradeapi.un.org/public/v1/preview/C/M/HS?reporterCode=76&period=202309&cmdCode=292221&flowCode=M&partnerCode=156,1.0,netWgt=8703.0 kg; isQtyEstimated=False,estimated,observed,month
2023-10-31,2023-12-30,comtrade,un_comtrade,1,mirror.bra.hacid.qty,HS 292221,Brazil (from China),20.9,,t,CIF (importer-reported),export,customs,https://comtradeapi.un.org/public/v1/preview/C/M/HS?reporterCode=76&period=202310&cmdCode=292221&flowCode=M&partnerCode=156,1.0,netWgt=20900.0 kg; isQtyEstimated=False,estimated,observed,month
2023-11-30,2024-01-29,comtrade,un_comtrade,1,mirror.bra.hacid.qty,HS 292221,Brazil (from China),18.458,,t,CIF (importer-reported),export,customs,https://comtradeapi.un.org/public/v1/preview/C/M/HS?reporterCode=76&period=202311&cmdCode=292221&flowCode=M&partnerCode=156,1.0,netWgt=18458.0 kg; isQtyEstimated=False,estimated,observed,month
2023-12-31,2024-02-29,comtrade,un_comtrade,1,mirror.bra.hacid.qty,HS 292221,Brazil (from China),0.0028490000000000004,,t,CIF (importer-reported),export,customs,https://comtradeapi.un.org/public/v1/preview/C/M/HS?reporterCode=76&period=202312&cmdCode=292221&flowCode=M&partnerCode=156,1.0,netWgt=2.849 kg; isQtyEstimated=True,estimated,observed,month
2024-01-31,2024-03-31,comtrade,un_comtrade,1,mirror.bra.hacid.qty,HS 292221,Brazil (from China),26.0,,t,CIF (importer-reported),export,customs,https://comtradeapi.un.org/public/v1/preview/C/M/HS?reporterCode=76&period=202401&cmdCode=292221&flowCode=M&partnerCode=156,1.0,netWgt=26000.0 kg; isQtyEstimated=False,estimated,observed,month
2024-02-29,2024-04-29,comtrade,un_comtrade,1,mirror.bra.hacid.qty,HS 292221,Brazil (from China),82.0,,t,CIF (importer-reported),export,customs,https://comtradeapi.un.org/public/v1/preview/C/M/HS?reporterCode=76&period=202402&cmdCode=292221&flowCode=M&partnerCode=156,1.0,netWgt=82000.0 kg; isQtyEstimated=False,estimated,observed,month
2024-05-31,2024-07-30,comtrade,un_comtrade,1,mirror.bra.hacid.qty,HS 292221,Brazil (from China),50.025,,t,CIF (importer-reported),export,customs,https://comtradeapi.un.org/public/v1/preview/C/M/HS?reporterCode=76&period=202405&cmdCode=292221&flowCode=M&partnerCode=156,1.0,netWgt=50025.0 kg; isQtyEstimated=False,estimated,observed,month
2024-06-30,2024-08-29,comtrade,un_comtrade,1,mirror.bra.hacid.qty,HS 292221,Brazil (from China),13.1,,t,CIF (importer-reported),export,customs,https://comtradeapi.un.org/public/v1/preview/C/M/HS?reporterCode=76&period=202406&cmdCode=292221&flowCode=M&partnerCode=156,1.0,netWgt=13100.0 kg; isQtyEstimated=False,estimated,observed,month
2024-07-31,2024-09-29,comtrade,un_comtrade,1,mirror.bra.hacid.qty,HS 292221,Brazil (from China),39.001,,t,CIF (importer-reported),export,customs,https://comtradeapi.un.org/public/v1/preview/C/M/HS?reporterCode=76&period=202407&cmdCode=292221&flowCode=M&partnerCode=156,1.0,netWgt=39001.0 kg; isQtyEstimated=False,estimated,observed,month
2024-08-31,2024-10-30,comtrade,un_comtrade,1,mirror.bra.hacid.qty,HS 292221,Brazil (from China),4.0,,t,CIF (importer-reported),export,customs,https://comtradeapi.un.org/public/v1/preview/C/M/HS?reporterCode=76&period=202408&cmdCode=292221&flowCode=M&partnerCode=156,1.0,netWgt=4000.0 kg; isQtyEstimated=False,estimated,observed,month
2024-09-30,2024-11-29,comtrade,un_comtrade,1,mirror.bra.hacid.qty,HS 292221,Brazil (from China),78.626,,t,CIF (importer-reported),export,customs,https://comtradeapi.un.org/public/v1/preview/C/M/HS?reporterCode=76&period=202409&cmdCode=292221&flowCode=M&partnerCode=156,1.0,netWgt=78626.0 kg; isQtyEstimated=False,estimated,observed,month
2024-10-31,2024-12-30,comtrade,un_comtrade,1,mirror.bra.hacid.qty,HS 292221,Brazil (from China),32.076,,t,CIF (importer-reported),export,customs,https://comtradeapi.un.org/public/v1/preview/C/M/HS?reporterCode=76&period=202410&cmdCode=292221&flowCode=M&partnerCode=156,1.0,netWgt=32076.0 kg; isQtyEstimated=False,estimated,observed,month
2024-11-30,2025-01-29,comtrade,un_comtrade,1,mirror.bra.hacid.qty,HS 292221,Brazil (from China),31.002,,t,CIF (importer-reported),export,customs,https://comtradeapi.un.org/public/v1/preview/C/M/HS?reporterCode=76&period=202411&cmdCode=292221&flowCode=M&partnerCode=156,1.0,netWgt=31002.0 kg; isQtyEstimated=False,estimated,observed,month
2024-12-31,2025-03-01,comtrade,un_comtrade,1,mirror.bra.hacid.qty,HS 292221,Brazil (from China),11.202,,t,CIF (importer-reported),export,customs,https://comtradeapi.un.org/public/v1/preview/C/M/HS?reporterCode=76&period=202412&cmdCode=292221&flowCode=M&partnerCode=156,1.0,netWgt=11202.0 kg; isQtyEstimated=False,estimated,observed,month
2025-01-31,2025-04-01,comtrade,un_comtrade,1,mirror.bra.hacid.qty,HS 292221,Brazil (from China),19.7,,t,CIF (importer-reported),export,customs,https://comtradeapi.un.org/public/v1/preview/C/M/HS?reporterCode=76&period=202501&cmdCode=292221&flowCode=M&partnerCode=156,1.0,netWgt=19700.0 kg; isQtyEstimated=False,estimated,observed,month
2025-02-28,2025-04-29,comtrade,un_comtrade,1,mirror.bra.hacid.qty,HS 292221,Brazil (from China),47.5,,t,CIF (importer-reported),export,customs,https://comtradeapi.un.org/public/v1/preview/C/M/HS?reporterCode=76&period=202502&cmdCode=292221&flowCode=M&partnerCode=156,1.0,netWgt=47500.0 kg; isQtyEstimated=False,estimated,observed,month
2025-03-31,2025-05-30,comtrade,un_comtrade,1,mirror.bra.hacid.qty,HS 292221,Brazil (from China),27.001,,t,CIF (importer-reported),export,customs,https://comtradeapi.un.org/public/v1/preview/C/M/HS?reporterCode=76&period=202503&cmdCode=292221&flowCode=M&partnerCode=156,1.0,netWgt=27001.0 kg; isQtyEstimated=False,estimated,observed,month
2025-04-30,2025-06-29,comtrade,un_comtrade,1,mirror.bra.hacid.qty,HS 292221,Brazil (from China),0.047,,t,CIF (importer-reported),export,customs,https://comtradeapi.un.org/public/v1/preview/C/M/HS?reporterCode=76&period=202504&cmdCode=292221&flowCode=M&partnerCode=156,1.0,netWgt=47.0 kg; isQtyEstimated=False,estimated,observed,month
2025-05-31,2025-07-30,comtrade,un_comtrade,1,mirror.bra.hacid.qty,HS 292221,Brazil (from China),27.0,,t,CIF (importer-reported),export,customs,https://comtradeapi.un.org/public/v1/preview/C/M/HS?reporterCode=76&period=202505&cmdCode=292221&flowCode=M&partnerCode=156,1.0,netWgt=27000.0 kg; isQtyEstimated=False,estimated,observed,month
2025-06-30,2025-08-29,comtrade,un_comtrade,1,mirror.bra.hacid.qty,HS 292221,Brazil (from China),28.0,,t,CIF (importer-reported),export,customs,https://comtradeapi.un.org/public/v1/preview/C/M/HS?reporterCode=76&period=202506&cmdCode=292221&flowCode=M&partnerCode=156,1.0,netWgt=28000.0 kg; isQtyEstimated=False,estimated,observed,month
2025-07-31,2025-09-29,comtrade,un_comtrade,1,mirror.bra.hacid.qty,HS 292221,Brazil (from China),67.0,,t,CIF (importer-reported),export,customs,https://comtradeapi.un.org/public/v1/preview/C/M/HS?reporterCode=76&period=202507&cmdCode=292221&flowCode=M&partnerCode=156,1.0,netWgt=67000.0 kg; isQtyEstimated=False,estimated,observed,month
2025-08-31,2025-10-30,comtrade,un_comtrade,1,mirror.bra.hacid.qty,HS 292221,Brazil (from China),28.511,,t,CIF (importer-reported),export,customs,https://comtradeapi.un.org/public/v1/preview/C/M/HS?reporterCode=76&period=202508&cmdCode=292221&flowCode=M&partnerCode=156,1.0,netWgt=28511.0 kg; isQtyEstimated=False,estimated,observed,month
2025-09-30,2025-11-29,comtrade,un_comtrade,1,mirror.bra.hacid.qty,HS 292221,Brazil (from China),26.0,,t,CIF (importer-reported),export,customs,https://comtradeapi.un.org/public/v1/preview/C/M/HS?reporterCode=76&period=202509&cmdCode=292221&flowCode=M&partnerCode=156,1.0,netWgt=26000.0 kg; isQtyEstimated=False,estimated,observed,month
2025-10-31,2025-12-30,comtrade,un_comtrade,1,mirror.bra.hacid.qty,HS 292221,Brazil (from China),0.002,,t,CIF (importer-reported),export,customs,https://comtradeapi.un.org/public/v1/preview/C/M/HS?reporterCode=76&period=202510&cmdCode=292221&flowCode=M&partnerCode=156,1.0,netWgt=2.0 kg; isQtyEstimated=False,estimated,observed,month
2025-11-30,2026-01-29,comtrade,un_comtrade,1,mirror.bra.hacid.qty,HS 292221,Brazil (from China),34.2,,t,CIF (importer-reported),export,customs,https://comtradeapi.un.org/public/v1/preview/C/M/HS?reporterCode=76&period=202511&cmdCode=292221&flowCode=M&partnerCode=156,1.0,netWgt=34200.0 kg; isQtyEstimated=False,estimated,observed,month
2025-12-31,2026-03-01,comtrade,un_comtrade,1,mirror.bra.hacid.qty,HS 292221,Brazil (from China),2.25,,t,CIF (importer-reported),export,customs,https://comtradeapi.un.org/public/v1/preview/C/M/HS?reporterCode=76&period=202512&cmdCode=292221&flowCode=M&partnerCode=156,1.0,netWgt=2250.0 kg; isQtyEstimated=False,estimated,observed,month
2026-01-31,2026-04-01,comtrade,un_comtrade,1,mirror.bra.hacid.qty,HS 292221,Brazil (from China),31.95,,t,CIF (importer-reported),export,customs,https://comtradeapi.un.org/public/v1/preview/C/M/HS?reporterCode=76&period=202601&cmdCode=292221&flowCode=M&partnerCode=156,1.0,netWgt=31950.0 kg; isQtyEstimated=False,estimated,observed,month
2026-02-28,2026-04-29,comtrade,un_comtrade,1,mirror.bra.hacid.qty,HS 292221,Brazil (from China),10.354505999999999,,t,CIF (importer-reported),export,customs,https://comtradeapi.un.org/public/v1/preview/C/M/HS?reporterCode=76&period=202602&cmdCode=292221&flowCode=M&partnerCode=156,1.0,netWgt=10354.506 kg; isQtyEstimated=True,estimated,observed,month
2026-03-31,2026-05-30,comtrade,un_comtrade,1,mirror.bra.hacid.qty,HS 292221,Brazil (from China),30.004,,t,CIF (importer-reported),export,customs,https://comtradeapi.un.org/public/v1/preview/C/M/HS?reporterCode=76&period=202603&cmdCode=292221&flowCode=M&partnerCode=156,1.0,netWgt=30004.0 kg; isQtyEstimated=False,estimated,observed,month
2026-04-30,2026-06-29,comtrade,un_comtrade,1,mirror.bra.hacid.qty,HS 292221,Brazil (from China),2.0,,t,CIF (importer-reported),export,customs,https://comtradeapi.un.org/public/v1/preview/C/M/HS?reporterCode=76&period=202604&cmdCode=292221&flowCode=M&partnerCode=156,1.0,netWgt=2000.0 kg; isQtyEstimated=False,estimated,observed,month
2023-01-31,2023-04-01,comtrade,un_comtrade,1,mirror.bra.hacid.value,HS 292221,Brazil (from China),55242.0,USD,USD,CIF (importer-reported),export,customs,https://comtradeapi.un.org/public/v1/preview/C/M/HS?reporterCode=76&period=202301&cmdCode=292221&flowCode=M&partnerCode=156,1.0,cifvalue=55242.0 USD,estimated,observed,month
2023-02-28,2023-04-29,comtrade,un_comtrade,1,mirror.bra.hacid.value,HS 292221,Brazil (from China),61554.0,USD,USD,CIF (importer-reported),export,customs,https://comtradeapi.un.org/public/v1/preview/C/M/HS?reporterCode=76&period=202302&cmdCode=292221&flowCode=M&partnerCode=156,1.0,cifvalue=61554.0 USD,estimated,observed,month
2023-03-31,2023-05-30,comtrade,un_comtrade,1,mirror.bra.hacid.value,HS 292221,Brazil (from China),4995.0,USD,USD,CIF (importer-reported),export,customs,https://comtradeapi.un.org/public/v1/preview/C/M/HS?reporterCode=76&period=202303&cmdCode=292221&flowCode=M&partnerCode=156,1.0,cifvalue=4995.0 USD,estimated,observed,month
2023-04-30,2023-06-29,comtrade,un_comtrade,1,mirror.bra.hacid.value,HS 292221,Brazil (from China),99340.0,USD,USD,CIF (importer-reported),export,customs,https://comtradeapi.un.org/public/v1/preview/C/M/HS?reporterCode=76&period=202304&cmdCode=292221&flowCode=M&partnerCode=156,1.0,cifvalue=99340.0 USD,estimated,observed,month
2023-05-31,2023-07-30,comtrade,un_comtrade,1,mirror.bra.hacid.value,HS 292221,Brazil (from China),59177.0,USD,USD,CIF (importer-reported),export,customs,https://comtradeapi.un.org/public/v1/preview/C/M/HS?reporterCode=76&period=202305&cmdCode=292221&flowCode=M&partnerCode=156,1.0,cifvalue=59177.0 USD,estimated,observed,month
2023-06-30,2023-08-29,comtrade,un_comtrade,1,mirror.bra.hacid.value,HS 292221,Brazil (from China),38853.0,USD,USD,CIF (importer-reported),export,customs,https://comtradeapi.un.org/public/v1/preview/C/M/HS?reporterCode=76&period=202306&cmdCode=292221&flowCode=M&partnerCode=156,1.0,cifvalue=38853.0 USD,estimated,observed,month
2023-07-31,2023-09-29,comtrade,un_comtrade,1,mirror.bra.hacid.value,HS 292221,Brazil (from China),31129.0,USD,USD,CIF (importer-reported),export,customs,https://comtradeapi.un.org/public/v1/preview/C/M/HS?reporterCode=76&period=202307&cmdCode=292221&flowCode=M&partnerCode=156,1.0,cifvalue=31129.0 USD,estimated,observed,month
2023-08-31,2023-10-30,comtrade,un_comtrade,1,mirror.bra.hacid.value,HS 292221,Brazil (from China),63021.0,USD,USD,CIF (importer-reported),export,customs,https://comtradeapi.un.org/public/v1/preview/C/M/HS?reporterCode=76&period=202308&cmdCode=292221&flowCode=M&partnerCode=156,1.0,cifvalue=63021.0 USD,estimated,observed,month
2023-09-30,2023-11-29,comtrade,un_comtrade,1,mirror.bra.hacid.value,HS 292221,Brazil (from China),23389.0,USD,USD,CIF (importer-reported),export,customs,https://comtradeapi.un.org/public/v1/preview/C/M/HS?reporterCode=76&period=202309&cmdCode=292221&flowCode=M&partnerCode=156,1.0,cifvalue=23389.0 USD,estimated,observed,month
2023-10-31,2023-12-30,comtrade,un_comtrade,1,mirror.bra.hacid.value,HS 292221,Brazil (from China),84243.0,USD,USD,CIF (importer-reported),export,customs,https://comtradeapi.un.org/public/v1/preview/C/M/HS?reporterCode=76&period=202310&cmdCode=292221&flowCode=M&partnerCode=156,1.0,cifvalue=84243.0 USD,estimated,observed,month
2023-11-30,2024-01-29,comtrade,un_comtrade,1,mirror.bra.hacid.value,HS 292221,Brazil (from China),77326.0,USD,USD,CIF (importer-reported),export,customs,https://comtradeapi.un.org/public/v1/preview/C/M/HS?reporterCode=76&period=202311&cmdCode=292221&flowCode=M&partnerCode=156,1.0,cifvalue=77326.0 USD,estimated,observed,month
2023-12-31,2024-02-29,comtrade,un_comtrade,1,mirror.bra.hacid.value,HS 292221,Brazil (from China),19.0,USD,USD,CIF (importer-reported),export,customs,https://comtradeapi.un.org/public/v1/preview/C/M/HS?reporterCode=76&period=202312&cmdCode=292221&flowCode=M&partnerCode=156,1.0,cifvalue=19.0 USD,estimated,observed,month
2024-01-31,2024-03-31,comtrade,un_comtrade,1,mirror.bra.hacid.value,HS 292221,Brazil (from China),48294.0,USD,USD,CIF (importer-reported),export,customs,https://comtradeapi.un.org/public/v1/preview/C/M/HS?reporterCode=76&period=202401&cmdCode=292221&flowCode=M&partnerCode=156,1.0,cifvalue=48294.0 USD,estimated,observed,month
2024-02-29,2024-04-29,comtrade,un_comtrade,1,mirror.bra.hacid.value,HS 292221,Brazil (from China),232467.0,USD,USD,CIF (importer-reported),export,customs,https://comtradeapi.un.org/public/v1/preview/C/M/HS?reporterCode=76&period=202402&cmdCode=292221&flowCode=M&partnerCode=156,1.0,cifvalue=232467.0 USD,estimated,observed,month
2024-05-31,2024-07-30,comtrade,un_comtrade,1,mirror.bra.hacid.value,HS 292221,Brazil (from China),96268.0,USD,USD,CIF (importer-reported),export,customs,https://comtradeapi.un.org/public/v1/preview/C/M/HS?reporterCode=76&period=202405&cmdCode=292221&flowCode=M&partnerCode=156,1.0,cifvalue=96268.0 USD,estimated,observed,month
2024-06-30,2024-08-29,comtrade,un_comtrade,1,mirror.bra.hacid.value,HS 292221,Brazil (from China),50853.0,USD,USD,CIF (importer-reported),export,customs,https://comtradeapi.un.org/public/v1/preview/C/M/HS?reporterCode=76&period=202406&cmdCode=292221&flowCode=M&partnerCode=156,1.0,cifvalue=50853.0 USD,estimated,observed,month
2024-07-31,2024-09-29,comtrade,un_comtrade,1,mirror.bra.hacid.value,HS 292221,Brazil (from China),69171.0,USD,USD,CIF (importer-reported),export,customs,https://comtradeapi.un.org/public/v1/preview/C/M/HS?reporterCode=76&period=202407&cmdCode=292221&flowCode=M&partnerCode=156,1.0,cifvalue=69171.0 USD,estimated,observed,month
2024-08-31,2024-10-30,comtrade,un_comtrade,1,mirror.bra.hacid.value,HS 292221,Brazil (from China),7319.0,USD,USD,CIF (importer-reported),export,customs,https://comtradeapi.un.org/public/v1/preview/C/M/HS?reporterCode=76&period=202408&cmdCode=292221&flowCode=M&partnerCode=156,1.0,cifvalue=7319.0 USD,estimated,observed,month
2024-09-30,2024-11-29,comtrade,un_comtrade,1,mirror.bra.hacid.value,HS 292221,Brazil (from China),246953.0,USD,USD,CIF (importer-reported),export,customs,https://comtradeapi.un.org/public/v1/preview/C/M/HS?reporterCode=76&period=202409&cmdCode=292221&flowCode=M&partnerCode=156,1.0,cifvalue=246953.0 USD,estimated,observed,month
2024-10-31,2024-12-30,comtrade,un_comtrade,1,mirror.bra.hacid.value,HS 292221,Brazil (from China),150663.0,USD,USD,CIF (importer-reported),export,customs,https://comtradeapi.un.org/public/v1/preview/C/M/HS?reporterCode=76&period=202410&cmdCode=292221&flowCode=M&partnerCode=156,1.0,cifvalue=150663.0 USD,estimated,observed,month
2024-11-30,2025-01-29,comtrade,un_comtrade,1,mirror.bra.hacid.value,HS 292221,Brazil (from China),74014.0,USD,USD,CIF (importer-reported),export,customs,https://comtradeapi.un.org/public/v1/preview/C/M/HS?reporterCode=76&period=202411&cmdCode=292221&flowCode=M&partnerCode=156,1.0,cifvalue=74014.0 USD,estimated,observed,month
2024-12-31,2025-03-01,comtrade,un_comtrade,1,mirror.bra.hacid.value,HS 292221,Brazil (from China),56657.0,USD,USD,CIF (importer-reported),export,customs,https://comtradeapi.un.org/public/v1/preview/C/M/HS?reporterCode=76&period=202412&cmdCode=292221&flowCode=M&partnerCode=156,1.0,cifvalue=56657.0 USD,estimated,observed,month
2025-01-31,2025-04-01,comtrade,un_comtrade,1,mirror.bra.hacid.value,HS 292221,Brazil (from China),91761.0,USD,USD,CIF (importer-reported),export,customs,https://comtradeapi.un.org/public/v1/preview/C/M/HS?reporterCode=76&period=202501&cmdCode=292221&flowCode=M&partnerCode=156,1.0,cifvalue=91761.0 USD,estimated,observed,month
2025-02-28,2025-04-29,comtrade,un_comtrade,1,mirror.bra.hacid.value,HS 292221,Brazil (from China),148539.0,USD,USD,CIF (importer-reported),export,customs,https://comtradeapi.un.org/public/v1/preview/C/M/HS?reporterCode=76&period=202502&cmdCode=292221&flowCode=M&partnerCode=156,1.0,cifvalue=148539.0 USD,estimated,observed,month
2025-03-31,2025-05-30,comtrade,un_comtrade,1,mirror.bra.hacid.value,HS 292221,Brazil (from China),64315.0,USD,USD,CIF (importer-reported),export,customs,https://comtradeapi.un.org/public/v1/preview/C/M/HS?reporterCode=76&period=202503&cmdCode=292221&flowCode=M&partnerCode=156,1.0,cifvalue=64315.0 USD,estimated,observed,month
2025-04-30,2025-06-29,comtrade,un_comtrade,1,mirror.bra.hacid.value,HS 292221,Brazil (from China),2374.0,USD,USD,CIF (importer-reported),export,customs,https://comtradeapi.un.org/public/v1/preview/C/M/HS?reporterCode=76&period=202504&cmdCode=292221&flowCode=M&partnerCode=156,1.0,cifvalue=2374.0 USD,estimated,observed,month
2025-05-31,2025-07-30,comtrade,un_comtrade,1,mirror.bra.hacid.value,HS 292221,Brazil (from China),59187.0,USD,USD,CIF (importer-reported),export,customs,https://comtradeapi.un.org/public/v1/preview/C/M/HS?reporterCode=76&period=202505&cmdCode=292221&flowCode=M&partnerCode=156,1.0,cifvalue=59187.0 USD,estimated,observed,month
2025-06-30,2025-08-29,comtrade,un_comtrade,1,mirror.bra.hacid.value,HS 292221,Brazil (from China),52736.0,USD,USD,CIF (importer-reported),export,customs,https://comtradeapi.un.org/public/v1/preview/C/M/HS?reporterCode=76&period=202506&cmdCode=292221&flowCode=M&partnerCode=156,1.0,cifvalue=52736.0 USD,estimated,observed,month
2025-07-31,2025-09-29,comtrade,un_comtrade,1,mirror.bra.hacid.value,HS 292221,Brazil (from China),114253.0,USD,USD,CIF (importer-reported),export,customs,https://comtradeapi.un.org/public/v1/preview/C/M/HS?reporterCode=76&period=202507&cmdCode=292221&flowCode=M&partnerCode=156,1.0,cifvalue=114253.0 USD,estimated,observed,month
2025-08-31,2025-10-30,comtrade,un_comtrade,1,mirror.bra.hacid.value,HS 292221,Brazil (from China),82213.0,USD,USD,CIF (importer-reported),export,customs,https://comtradeapi.un.org/public/v1/preview/C/M/HS?reporterCode=76&period=202508&cmdCode=292221&flowCode=M&partnerCode=156,1.0,cifvalue=82213.0 USD,estimated,observed,month
2025-09-30,2025-11-29,comtrade,un_comtrade,1,mirror.bra.hacid.value,HS 292221,Brazil (from China),56578.0,USD,USD,CIF (importer-reported),export,customs,https://comtradeapi.un.org/public/v1/preview/C/M/HS?reporterCode=76&period=202509&cmdCode=292221&flowCode=M&partnerCode=156,1.0,cifvalue=56578.0 USD,estimated,observed,month
2025-10-31,2025-12-30,comtrade,un_comtrade,1,mirror.bra.hacid.value,HS 292221,Brazil (from China),131.0,USD,USD,CIF (importer-reported),export,customs,https://comtradeapi.un.org/public/v1/preview/C/M/HS?reporterCode=76&period=202510&cmdCode=292221&flowCode=M&partnerCode=156,1.0,cifvalue=131.0 USD,estimated,observed,month
2025-11-30,2026-01-29,comtrade,un_comtrade,1,mirror.bra.hacid.value,HS 292221,Brazil (from China),79027.0,USD,USD,CIF (importer-reported),export,customs,https://comtradeapi.un.org/public/v1/preview/C/M/HS?reporterCode=76&period=202511&cmdCode=292221&flowCode=M&partnerCode=156,1.0,cifvalue=79027.0 USD,estimated,observed,month
2025-12-31,2026-03-01,comtrade,un_comtrade,1,mirror.bra.hacid.value,HS 292221,Brazil (from China),11947.0,USD,USD,CIF (importer-reported),export,customs,https://comtradeapi.un.org/public/v1/preview/C/M/HS?reporterCode=76&period=202512&cmdCode=292221&flowCode=M&partnerCode=156,1.0,cifvalue=11947.0 USD,estimated,observed,month
2026-01-31,2026-04-01,comtrade,un_comtrade,1,mirror.bra.hacid.value,HS 292221,Brazil (from China),82755.0,USD,USD,CIF (importer-reported),export,customs,https://comtradeapi.un.org/public/v1/preview/C/M/HS?reporterCode=76&period=202601&cmdCode=292221&flowCode=M&partnerCode=156,1.0,cifvalue=82755.0 USD,estimated,observed,month
2026-02-28,2026-04-29,comtrade,un_comtrade,1,mirror.bra.hacid.value,HS 292221,Brazil (from China),58062.0,USD,USD,CIF (importer-reported),export,customs,https://comtradeapi.un.org/public/v1/preview/C/M/HS?reporterCode=76&period=202602&cmdCode=292221&flowCode=M&partnerCode=156,1.0,cifvalue=58062.0 USD,estimated,observed,month
2026-03-31,2026-05-30,comtrade,un_comtrade,1,mirror.bra.hacid.value,HS 292221,Brazil (from China),75202.0,USD,USD,CIF (importer-reported),export,customs,https://comtradeapi.un.org/public/v1/preview/C/M/HS?reporterCode=76&period=202603&cmdCode=292221&flowCode=M&partnerCode=156,1.0,cifvalue=75202.0 USD,estimated,observed,month
2026-04-30,2026-06-29,comtrade,un_comtrade,1,mirror.bra.hacid.value,HS 292221,Brazil (from China),9405.0,USD,USD,CIF (importer-reported),export,customs,https://comtradeapi.un.org/public/v1/preview/C/M/HS?reporterCode=76&period=202604&cmdCode=292221&flowCode=M&partnerCode=156,1.0,cifvalue=9405.0 USD,estimated,observed,month
2023-01-31,2023-04-01,comtrade,un_comtrade,1,mirror.idn.hacid.qty,HS 292221,Indonesia (from China),52.0,,t,CIF (importer-reported),export,customs,https://comtradeapi.un.org/public/v1/preview/C/M/HS?reporterCode=360&period=202301&cmdCode=292221&flowCode=M&partnerCode=156,1.0,netWgt=52000.0 kg; isQtyEstimated=False,estimated,observed,month
2023-03-31,2023-05-30,comtrade,un_comtrade,1,mirror.idn.hacid.qty,HS 292221,Indonesia (from China),29.003,,t,CIF (importer-reported),export,customs,https://comtradeapi.un.org/public/v1/preview/C/M/HS?reporterCode=360&period=202303&cmdCode=292221&flowCode=M&partnerCode=156,1.0,netWgt=29003.0 kg; isQtyEstimated=False,estimated,observed,month
2023-04-30,2023-06-29,comtrade,un_comtrade,1,mirror.idn.hacid.qty,HS 292221,Indonesia (from China),12.015,,t,CIF (importer-reported),export,customs,https://comtradeapi.un.org/public/v1/preview/C/M/HS?reporterCode=360&period=202304&cmdCode=292221&flowCode=M&partnerCode=156,1.0,netWgt=12015.0 kg; isQtyEstimated=False,estimated,observed,month
2023-05-31,2023-07-30,comtrade,un_comtrade,1,mirror.idn.hacid.qty,HS 292221,Indonesia (from China),4.504,,t,CIF (importer-reported),export,customs,https://comtradeapi.un.org/public/v1/preview/C/M/HS?reporterCode=360&period=202305&cmdCode=292221&flowCode=M&partnerCode=156,1.0,netWgt=4504.0 kg; isQtyEstimated=False,estimated,observed,month
2023-06-30,2023-08-29,comtrade,un_comtrade,1,mirror.idn.hacid.qty,HS 292221,Indonesia (from China),31.955,,t,CIF (importer-reported),export,customs,https://comtradeapi.un.org/public/v1/preview/C/M/HS?reporterCode=360&period=202306&cmdCode=292221&flowCode=M&partnerCode=156,1.0,netWgt=31955.0 kg; isQtyEstimated=False,estimated,observed,month
2023-07-31,2023-09-29,comtrade,un_comtrade,1,mirror.idn.hacid.qty,HS 292221,Indonesia (from China),25.507,,t,CIF (importer-reported),export,customs,https://comtradeapi.un.org/public/v1/preview/C/M/HS?reporterCode=360&period=202307&cmdCode=292221&flowCode=M&partnerCode=156,1.0,netWgt=25507.0 kg; isQtyEstimated=False,estimated,observed,month
2023-08-31,2023-10-30,comtrade,un_comtrade,1,mirror.idn.hacid.qty,HS 292221,Indonesia (from China),90.0,,t,CIF (importer-reported),export,customs,https://comtradeapi.un.org/public/v1/preview/C/M/HS?reporterCode=360&period=202308&cmdCode=292221&flowCode=M&partnerCode=156,1.0,netWgt=90000.0 kg; isQtyEstimated=False,estimated,observed,month
2023-09-30,2023-11-29,comtrade,un_comtrade,1,mirror.idn.hacid.qty,HS 292221,Indonesia (from China),34.332,,t,CIF (importer-reported),export,customs,https://comtradeapi.un.org/public/v1/preview/C/M/HS?reporterCode=360&period=202309&cmdCode=292221&flowCode=M&partnerCode=156,1.0,netWgt=34332.0 kg; isQtyEstimated=False,estimated,observed,month
2023-10-31,2023-12-30,comtrade,un_comtrade,1,mirror.idn.hacid.qty,HS 292221,Indonesia (from China),120.0,,t,CIF (importer-reported),export,customs,https://comtradeapi.un.org/public/v1/preview/C/M/HS?reporterCode=360&period=202310&cmdCode=292221&flowCode=M&partnerCode=156,1.0,netWgt=120000.0 kg; isQtyEstimated=False,estimated,observed,month
2023-11-30,2024-01-29,comtrade,un_comtrade,1,mirror.idn.hacid.qty,HS 292221,Indonesia (from China),20.087,,t,CIF (importer-reported),export,customs,https://comtradeapi.un.org/public/v1/preview/C/M/HS?reporterCode=360&period=202311&cmdCode=292221&flowCode=M&partnerCode=156,1.0,netWgt=20087.0 kg; isQtyEstimated=False,estimated,observed,month
2023-12-31,2024-02-29,comtrade,un_comtrade,1,mirror.idn.hacid.qty,HS 292221,Indonesia (from China),0.001,,t,CIF (importer-reported),export,customs,https://comtradeapi.un.org/public/v1/preview/C/M/HS?reporterCode=360&period=202312&cmdCode=292221&flowCode=M&partnerCode=156,1.0,netWgt=1.0 kg; isQtyEstimated=False,estimated,observed,month
2024-01-31,2024-03-31,comtrade,un_comtrade,1,mirror.idn.hacid.qty,HS 292221,Indonesia (from China),35.241,,t,CIF (importer-reported),export,customs,https://comtradeapi.un.org/public/v1/preview/C/M/HS?reporterCode=360&period=202401&cmdCode=292221&flowCode=M&partnerCode=156,1.0,netWgt=35241.0 kg; isQtyEstimated=False,estimated,observed,month
2024-02-29,2024-04-29,comtrade,un_comtrade,1,mirror.idn.hacid.qty,HS 292221,Indonesia (from China),11.775,,t,CIF (importer-reported),export,customs,https://comtradeapi.un.org/public/v1/preview/C/M/HS?reporterCode=360&period=202402&cmdCode=292221&flowCode=M&partnerCode=156,1.0,netWgt=11775.0 kg; isQtyEstimated=False,estimated,observed,month
2024-03-31,2024-05-30,comtrade,un_comtrade,1,mirror.idn.hacid.qty,HS 292221,Indonesia (from China),5.001,,t,CIF (importer-reported),export,customs,https://comtradeapi.un.org/public/v1/preview/C/M/HS?reporterCode=360&period=202403&cmdCode=292221&flowCode=M&partnerCode=156,1.0,netWgt=5001.0 kg; isQtyEstimated=False,estimated,observed,month
2024-04-30,2024-06-29,comtrade,un_comtrade,1,mirror.idn.hacid.qty,HS 292221,Indonesia (from China),32.559,,t,CIF (importer-reported),export,customs,https://comtradeapi.un.org/public/v1/preview/C/M/HS?reporterCode=360&period=202404&cmdCode=292221&flowCode=M&partnerCode=156,1.0,netWgt=32559.0 kg; isQtyEstimated=False,estimated,observed,month
2024-05-31,2024-07-30,comtrade,un_comtrade,1,mirror.idn.hacid.qty,HS 292221,Indonesia (from China),26.075,,t,CIF (importer-reported),export,customs,https://comtradeapi.un.org/public/v1/preview/C/M/HS?reporterCode=360&period=202405&cmdCode=292221&flowCode=M&partnerCode=156,1.0,netWgt=26075.0 kg; isQtyEstimated=False,estimated,observed,month
2024-06-30,2024-08-29,comtrade,un_comtrade,1,mirror.idn.hacid.qty,HS 292221,Indonesia (from China),0.102,,t,CIF (importer-reported),export,customs,https://comtradeapi.un.org/public/v1/preview/C/M/HS?reporterCode=360&period=202406&cmdCode=292221&flowCode=M&partnerCode=156,1.0,netWgt=102.0 kg; isQtyEstimated=False,estimated,observed,month
2024-07-31,2024-09-29,comtrade,un_comtrade,1,mirror.idn.hacid.qty,HS 292221,Indonesia (from China),51.685,,t,CIF (importer-reported),export,customs,https://comtradeapi.un.org/public/v1/preview/C/M/HS?reporterCode=360&period=202407&cmdCode=292221&flowCode=M&partnerCode=156,1.0,netWgt=51685.0 kg; isQtyEstimated=False,estimated,observed,month
2024-08-31,2024-10-30,comtrade,un_comtrade,1,mirror.idn.hacid.qty,HS 292221,Indonesia (from China),7.716,,t,CIF (importer-reported),export,customs,https://comtradeapi.un.org/public/v1/preview/C/M/HS?reporterCode=360&period=202408&cmdCode=292221&flowCode=M&partnerCode=156,1.0,netWgt=7716.0 kg; isQtyEstimated=False,estimated,observed,month
2024-09-30,2024-11-29,comtrade,un_comtrade,1,mirror.idn.hacid.qty,HS 292221,Indonesia (from China),47.295,,t,CIF (importer-reported),export,customs,https://comtradeapi.un.org/public/v1/preview/C/M/HS?reporterCode=360&period=202409&cmdCode=292221&flowCode=M&partnerCode=156,1.0,netWgt=47295.0 kg; isQtyEstimated=False,estimated,observed,month
2024-10-31,2024-12-30,comtrade,un_comtrade,1,mirror.idn.hacid.qty,HS 292221,Indonesia (from China),136.027,,t,CIF (importer-reported),export,customs,https://comtradeapi.un.org/public/v1/preview/C/M/HS?reporterCode=360&period=202410&cmdCode=292221&flowCode=M&partnerCode=156,1.0,netWgt=136027.0 kg; isQtyEstimated=False,estimated,observed,month
2024-11-30,2025-01-29,comtrade,un_comtrade,1,mirror.idn.hacid.qty,HS 292221,Indonesia (from China),9.625,,t,CIF (importer-reported),export,customs,https://comtradeapi.un.org/public/v1/preview/C/M/HS?reporterCode=360&period=202411&cmdCode=292221&flowCode=M&partnerCode=156,1.0,netWgt=9625.0 kg; isQtyEstimated=False,estimated,observed,month
2024-12-31,2025-03-01,comtrade,un_comtrade,1,mirror.idn.hacid.qty,HS 292221,Indonesia (from China),11.021,,t,CIF (importer-reported),export,customs,https://comtradeapi.un.org/public/v1/preview/C/M/HS?reporterCode=360&period=202412&cmdCode=292221&flowCode=M&partnerCode=156,1.0,netWgt=11021.0 kg; isQtyEstimated=False,estimated,observed,month
2025-01-31,2025-04-01,comtrade,un_comtrade,1,mirror.idn.hacid.qty,HS 292221,Indonesia (from China),33.4564,,t,CIF (importer-reported),export,customs,https://comtradeapi.un.org/public/v1/preview/C/M/HS?reporterCode=360&period=202501&cmdCode=292221&flowCode=M&partnerCode=156,1.0,netWgt=33456.4 kg; isQtyEstimated=False,estimated,observed,month
2025-02-28,2025-04-29,comtrade,un_comtrade,1,mirror.idn.hacid.qty,HS 292221,Indonesia (from China),16.004456,,t,CIF (importer-reported),export,customs,https://comtradeapi.un.org/public/v1/preview/C/M/HS?reporterCode=360&period=202502&cmdCode=292221&flowCode=M&partnerCode=156,1.0,netWgt=16004.456 kg; isQtyEstimated=True,estimated,observed,month
2025-03-31,2025-05-30,comtrade,un_comtrade,1,mirror.idn.hacid.qty,HS 292221,Indonesia (from China),23.568687999999998,,t,CIF (importer-reported),export,customs,https://comtradeapi.un.org/public/v1/preview/C/M/HS?reporterCode=360&period=202503&cmdCode=292221&flowCode=M&partnerCode=156,1.0,netWgt=23568.688 kg; isQtyEstimated=False,estimated,observed,month
2025-04-30,2025-06-29,comtrade,un_comtrade,1,mirror.idn.hacid.qty,HS 292221,Indonesia (from China),21.838,,t,CIF (importer-reported),export,customs,https://comtradeapi.un.org/public/v1/preview/C/M/HS?reporterCode=360&period=202504&cmdCode=292221&flowCode=M&partnerCode=156,1.0,netWgt=21838.0 kg; isQtyEstimated=False,estimated,observed,month
2025-05-31,2025-07-30,comtrade,un_comtrade,1,mirror.idn.hacid.qty,HS 292221,Indonesia (from China),25.556099999999997,,t,CIF (importer-reported),export,customs,https://comtradeapi.un.org/public/v1/preview/C/M/HS?reporterCode=360&period=202505&cmdCode=292221&flowCode=M&partnerCode=156,1.0,netWgt=25556.1 kg; isQtyEstimated=False,estimated,observed,month
2025-06-30,2025-08-29,comtrade,un_comtrade,1,mirror.idn.hacid.qty,HS 292221,Indonesia (from China),44.4435,,t,CIF (importer-reported),export,customs,https://comtradeapi.un.org/public/v1/preview/C/M/HS?reporterCode=360&period=202506&cmdCode=292221&flowCode=M&partnerCode=156,1.0,netWgt=44443.5 kg; isQtyEstimated=False,estimated,observed,month
2025-07-31,2025-09-29,comtrade,un_comtrade,1,mirror.idn.hacid.qty,HS 292221,Indonesia (from China),41.6285,,t,CIF (importer-reported),export,customs,https://comtradeapi.un.org/public/v1/preview/C/M/HS?reporterCode=360&period=202507&cmdCode=292221&flowCode=M&partnerCode=156,1.0,netWgt=41628.5 kg; isQtyEstimated=False,estimated,observed,month
2025-08-31,2025-10-30,comtrade,un_comtrade,1,mirror.idn.hacid.qty,HS 292221,Indonesia (from China),6.58913,,t,CIF (importer-reported),export,customs,https://comtradeapi.un.org/public/v1/preview/C/M/HS?reporterCode=360&period=202508&cmdCode=292221&flowCode=M&partnerCode=156,1.0,netWgt=6589.13 kg; isQtyEstimated=False,estimated,observed,month
2025-09-30,2025-11-29,comtrade,un_comtrade,1,mirror.idn.hacid.qty,HS 292221,Indonesia (from China),12.0425,,t,CIF (importer-reported),export,customs,https://comtradeapi.un.org/public/v1/preview/C/M/HS?reporterCode=360&period=202509&cmdCode=292221&flowCode=M&partnerCode=156,1.0,netWgt=12042.5 kg; isQtyEstimated=False,estimated,observed,month
2025-10-31,2025-12-30,comtrade,un_comtrade,1,mirror.idn.hacid.qty,HS 292221,Indonesia (from China),41.522252,,t,CIF (importer-reported),export,customs,https://comtradeapi.un.org/public/v1/preview/C/M/HS?reporterCode=360&period=202510&cmdCode=292221&flowCode=M&partnerCode=156,1.0,netWgt=41522.252 kg; isQtyEstimated=False,estimated,observed,month
2025-11-30,2026-01-29,comtrade,un_comtrade,1,mirror.idn.hacid.qty,HS 292221,Indonesia (from China),44.101,,t,CIF (importer-reported),export,customs,https://comtradeapi.un.org/public/v1/preview/C/M/HS?reporterCode=360&period=202511&cmdCode=292221&flowCode=M&partnerCode=156,1.0,netWgt=44101.0 kg; isQtyEstimated=False,estimated,observed,month
2025-12-31,2026-03-01,comtrade,un_comtrade,1,mirror.idn.hacid.qty,HS 292221,Indonesia (from China),21.1602,,t,CIF (importer-reported),export,customs,https://comtradeapi.un.org/public/v1/preview/C/M/HS?reporterCode=360&period=202512&cmdCode=292221&flowCode=M&partnerCode=156,1.0,netWgt=21160.2 kg; isQtyEstimated=False,estimated,observed,month
2026-01-31,2026-04-01,comtrade,un_comtrade,1,mirror.idn.hacid.qty,HS 292221,Indonesia (from China),1.084,,t,CIF (importer-reported),export,customs,https://comtradeapi.un.org/public/v1/preview/C/M/HS?reporterCode=360&period=202601&cmdCode=292221&flowCode=M&partnerCode=156,1.0,netWgt=1084.0 kg; isQtyEstimated=False,estimated,observed,month
2026-02-28,2026-04-29,comtrade,un_comtrade,1,mirror.idn.hacid.qty,HS 292221,Indonesia (from China),87.25710799999999,,t,CIF (importer-reported),export,customs,https://comtradeapi.un.org/public/v1/preview/C/M/HS?reporterCode=360&period=202602&cmdCode=292221&flowCode=M&partnerCode=156,1.0,netWgt=87257.108 kg; isQtyEstimated=False,estimated,observed,month
2026-03-31,2026-05-30,comtrade,un_comtrade,1,mirror.idn.hacid.qty,HS 292221,Indonesia (from China),15.0,,t,CIF (importer-reported),export,customs,https://comtradeapi.un.org/public/v1/preview/C/M/HS?reporterCode=360&period=202603&cmdCode=292221&flowCode=M&partnerCode=156,1.0,netWgt=15000.0 kg; isQtyEstimated=False,estimated,observed,month
2026-04-30,2026-06-29,comtrade,un_comtrade,1,mirror.idn.hacid.qty,HS 292221,Indonesia (from China),45.1,,t,CIF (importer-reported),export,customs,https://comtradeapi.un.org/public/v1/preview/C/M/HS?reporterCode=360&period=202604&cmdCode=292221&flowCode=M&partnerCode=156,1.0,netWgt=45100.0 kg; isQtyEstimated=False,estimated,observed,month
2026-05-31,2026-07-30,comtrade,un_comtrade,1,mirror.idn.hacid.qty,HS 292221,Indonesia (from China),21.0,,t,CIF (importer-reported),export,customs,https://comtradeapi.un.org/public/v1/preview/C/M/HS?reporterCode=360&period=202605&cmdCode=292221&flowCode=M&partnerCode=156,1.0,netWgt=21000.0 kg; isQtyEstimated=False,estimated,observed,month
2026-06-30,2026-08-29,comtrade,un_comtrade,1,mirror.idn.hacid.qty,HS 292221,Indonesia (from China),97.006,,t,CIF (importer-reported),export,customs,https://comtradeapi.un.org/public/v1/preview/C/M/HS?reporterCode=360&period=202606&cmdCode=292221&flowCode=M&partnerCode=156,1.0,netWgt=97006.0 kg; isQtyEstimated=False,estimated,observed,month
2026-07-31,2026-09-29,comtrade,un_comtrade,1,mirror.idn.hacid.qty,HS 292221,Indonesia (from China),13.85,,t,CIF (importer-reported),export,customs,https://comtradeapi.un.org/public/v1/preview/C/M/HS?reporterCode=360&period=202607&cmdCode=292221&flowCode=M&partnerCode=156,1.0,netWgt=13850.0 kg; isQtyEstimated=False,estimated,observed,month
2023-01-31,2023-04-01,comtrade,un_comtrade,1,mirror.idn.hacid.value,HS 292221,Indonesia (from China),200928.0,USD,USD,CIF (importer-reported),export,customs,https://comtradeapi.un.org/public/v1/preview/C/M/HS?reporterCode=360&period=202301&cmdCode=292221&flowCode=M&partnerCode=156,1.0,cifvalue=200928.0 USD,estimated,observed,month
2023-03-31,2023-05-30,comtrade,un_comtrade,1,mirror.idn.hacid.value,HS 292221,Indonesia (from China),145767.0,USD,USD,CIF (importer-reported),export,customs,https://comtradeapi.un.org/public/v1/preview/C/M/HS?reporterCode=360&period=202303&cmdCode=292221&flowCode=M&partnerCode=156,1.0,cifvalue=145767.0 USD,estimated,observed,month
2023-04-30,2023-06-29,comtrade,un_comtrade,1,mirror.idn.hacid.value,HS 292221,Indonesia (from China),67885.0,USD,USD,CIF (importer-reported),export,customs,https://comtradeapi.un.org/public/v1/preview/C/M/HS?reporterCode=360&period=202304&cmdCode=292221&flowCode=M&partnerCode=156,1.0,cifvalue=67885.0 USD,estimated,observed,month
2023-05-31,2023-07-30,comtrade,un_comtrade,1,mirror.idn.hacid.value,HS 292221,Indonesia (from China),48643.0,USD,USD,CIF (importer-reported),export,customs,https://comtradeapi.un.org/public/v1/preview/C/M/HS?reporterCode=360&period=202305&cmdCode=292221&flowCode=M&partnerCode=156,1.0,cifvalue=48643.0 USD,estimated,observed,month
2023-06-30,2023-08-29,comtrade,un_comtrade,1,mirror.idn.hacid.value,HS 292221,Indonesia (from China),193473.0,USD,USD,CIF (importer-reported),export,customs,https://comtradeapi.un.org/public/v1/preview/C/M/HS?reporterCode=360&period=202306&cmdCode=292221&flowCode=M&partnerCode=156,1.0,cifvalue=193473.0 USD,estimated,observed,month
2023-07-31,2023-09-29,comtrade,un_comtrade,1,mirror.idn.hacid.value,HS 292221,Indonesia (from China),163850.0,USD,USD,CIF (importer-reported),export,customs,https://comtradeapi.un.org/public/v1/preview/C/M/HS?reporterCode=360&period=202307&cmdCode=292221&flowCode=M&partnerCode=156,1.0,cifvalue=163850.0 USD,estimated,observed,month
2023-08-31,2023-10-30,comtrade,un_comtrade,1,mirror.idn.hacid.value,HS 292221,Indonesia (from China),363600.0,USD,USD,CIF (importer-reported),export,customs,https://comtradeapi.un.org/public/v1/preview/C/M/HS?reporterCode=360&period=202308&cmdCode=292221&flowCode=M&partnerCode=156,1.0,cifvalue=363600.0 USD,estimated,observed,month
2023-09-30,2023-11-29,comtrade,un_comtrade,1,mirror.idn.hacid.value,HS 292221,Indonesia (from China),176038.0,USD,USD,CIF (importer-reported),export,customs,https://comtradeapi.un.org/public/v1/preview/C/M/HS?reporterCode=360&period=202309&cmdCode=292221&flowCode=M&partnerCode=156,1.0,cifvalue=176038.0 USD,estimated,observed,month
2023-10-31,2023-12-30,comtrade,un_comtrade,1,mirror.idn.hacid.value,HS 292221,Indonesia (from China),505000.0,USD,USD,CIF (importer-reported),export,customs,https://comtradeapi.un.org/public/v1/preview/C/M/HS?reporterCode=360&period=202310&cmdCode=292221&flowCode=M&partnerCode=156,1.0,cifvalue=505000.0 USD,estimated,observed,month
2023-11-30,2024-01-29,comtrade,un_comtrade,1,mirror.idn.hacid.value,HS 292221,Indonesia (from China),104478.0,USD,USD,CIF (importer-reported),export,customs,https://comtradeapi.un.org/public/v1/preview/C/M/HS?reporterCode=360&period=202311&cmdCode=292221&flowCode=M&partnerCode=156,1.0,cifvalue=104478.0 USD,estimated,observed,month
2023-12-31,2024-02-29,comtrade,un_comtrade,1,mirror.idn.hacid.value,HS 292221,Indonesia (from China),37.0,USD,USD,CIF (importer-reported),export,customs,https://comtradeapi.un.org/public/v1/preview/C/M/HS?reporterCode=360&period=202312&cmdCode=292221&flowCode=M&partnerCode=156,1.0,cifvalue=37.0 USD,estimated,observed,month
2024-01-31,2024-03-31,comtrade,un_comtrade,1,mirror.idn.hacid.value,HS 292221,Indonesia (from China),202992.0,USD,USD,CIF (importer-reported),export,customs,https://comtradeapi.un.org/public/v1/preview/C/M/HS?reporterCode=360&period=202401&cmdCode=292221&flowCode=M&partnerCode=156,1.0,cifvalue=202992.0 USD,estimated,observed,month
2024-02-29,2024-04-29,comtrade,un_comtrade,1,mirror.idn.hacid.value,HS 292221,Indonesia (from China),70061.0,USD,USD,CIF (importer-reported),export,customs,https://comtradeapi.un.org/public/v1/preview/C/M/HS?reporterCode=360&period=202402&cmdCode=292221&flowCode=M&partnerCode=156,1.0,cifvalue=70061.0 USD,estimated,observed,month
2024-03-31,2024-05-30,comtrade,un_comtrade,1,mirror.idn.hacid.value,HS 292221,Indonesia (from China),27414.0,USD,USD,CIF (importer-reported),export,customs,https://comtradeapi.un.org/public/v1/preview/C/M/HS?reporterCode=360&period=202403&cmdCode=292221&flowCode=M&partnerCode=156,1.0,cifvalue=27414.0 USD,estimated,observed,month
2024-04-30,2024-06-29,comtrade,un_comtrade,1,mirror.idn.hacid.value,HS 292221,Indonesia (from China),169850.0,USD,USD,CIF (importer-reported),export,customs,https://comtradeapi.un.org/public/v1/preview/C/M/HS?reporterCode=360&period=202404&cmdCode=292221&flowCode=M&partnerCode=156,1.0,cifvalue=169850.0 USD,estimated,observed,month
2024-05-31,2024-07-30,comtrade,un_comtrade,1,mirror.idn.hacid.value,HS 292221,Indonesia (from China),183014.0,USD,USD,CIF (importer-reported),export,customs,https://comtradeapi.un.org/public/v1/preview/C/M/HS?reporterCode=360&period=202405&cmdCode=292221&flowCode=M&partnerCode=156,1.0,cifvalue=183014.0 USD,estimated,observed,month
2024-06-30,2024-08-29,comtrade,un_comtrade,1,mirror.idn.hacid.value,HS 292221,Indonesia (from China),102.0,USD,USD,CIF (importer-reported),export,customs,https://comtradeapi.un.org/public/v1/preview/C/M/HS?reporterCode=360&period=202406&cmdCode=292221&flowCode=M&partnerCode=156,1.0,cifvalue=102.0 USD,estimated,observed,month
2024-07-31,2024-09-29,comtrade,un_comtrade,1,mirror.idn.hacid.value,HS 292221,Indonesia (from China),279015.0,USD,USD,CIF (importer-reported),export,customs,https://comtradeapi.un.org/public/v1/preview/C/M/HS?reporterCode=360&period=202407&cmdCode=292221&flowCode=M&partnerCode=156,1.0,cifvalue=279015.0 USD,estimated,observed,month
2024-08-31,2024-10-30,comtrade,un_comtrade,1,mirror.idn.hacid.value,HS 292221,Indonesia (from China),76192.0,USD,USD,CIF (importer-reported),export,customs,https://comtradeapi.un.org/public/v1/preview/C/M/HS?reporterCode=360&period=202408&cmdCode=292221&flowCode=M&partnerCode=156,1.0,cifvalue=76192.0 USD,estimated,observed,month
2024-09-30,2024-11-29,comtrade,un_comtrade,1,mirror.idn.hacid.value,HS 292221,Indonesia (from China),229478.0,USD,USD,CIF (importer-reported),export,customs,https://comtradeapi.un.org/public/v1/preview/C/M/HS?reporterCode=360&period=202409&cmdCode=292221&flowCode=M&partnerCode=156,1.0,cifvalue=229478.0 USD,estimated,observed,month
2024-10-31,2024-12-30,comtrade,un_comtrade,1,mirror.idn.hacid.value,HS 292221,Indonesia (from China),668596.0,USD,USD,CIF (importer-reported),export,customs,https://comtradeapi.un.org/public/v1/preview/C/M/HS?reporterCode=360&period=202410&cmdCode=292221&flowCode=M&partnerCode=156,1.0,cifvalue=668596.0 USD,estimated,observed,month
2024-11-30,2025-01-29,comtrade,un_comtrade,1,mirror.idn.hacid.value,HS 292221,Indonesia (from China),52376.0,USD,USD,CIF (importer-reported),export,customs,https://comtradeapi.un.org/public/v1/preview/C/M/HS?reporterCode=360&period=202411&cmdCode=292221&flowCode=M&partnerCode=156,1.0,cifvalue=52376.0 USD,estimated,observed,month
2024-12-31,2025-03-01,comtrade,un_comtrade,1,mirror.idn.hacid.value,HS 292221,Indonesia (from China),64593.0,USD,USD,CIF (importer-reported),export,customs,https://comtradeapi.un.org/public/v1/preview/C/M/HS?reporterCode=360&period=202412&cmdCode=292221&flowCode=M&partnerCode=156,1.0,cifvalue=64593.0 USD,estimated,observed,month
2025-01-31,2025-04-01,comtrade,un_comtrade,1,mirror.idn.hacid.value,HS 292221,Indonesia (from China),191601.33,USD,USD,CIF (importer-reported),export,customs,https://comtradeapi.un.org/public/v1/preview/C/M/HS?reporterCode=360&period=202501&cmdCode=292221&flowCode=M&partnerCode=156,1.0,cifvalue=191601.33 USD,estimated,observed,month
2025-02-28,2025-04-29,comtrade,un_comtrade,1,mirror.idn.hacid.value,HS 292221,Indonesia (from China),41186.009,USD,USD,CIF (importer-reported),export,customs,https://comtradeapi.un.org/public/v1/preview/C/M/HS?reporterCode=360&period=202502&cmdCode=292221&flowCode=M&partnerCode=156,1.0,cifvalue=41186.009 USD,estimated,observed,month
2025-03-31,2025-05-30,comtrade,un_comtrade,1,mirror.idn.hacid.value,HS 292221,Indonesia (from China),138490.3,USD,USD,CIF (importer-reported),export,customs,https://comtradeapi.un.org/public/v1/preview/C/M/HS?reporterCode=360&period=202503&cmdCode=292221&flowCode=M&partnerCode=156,1.0,cifvalue=138490.3 USD,estimated,observed,month
2025-04-30,2025-06-29,comtrade,un_comtrade,1,mirror.idn.hacid.value,HS 292221,Indonesia (from China),171374.031,USD,USD,CIF (importer-reported),export,customs,https://comtradeapi.un.org/public/v1/preview/C/M/HS?reporterCode=360&period=202504&cmdCode=292221&flowCode=M&partnerCode=156,1.0,cifvalue=171374.031 USD,estimated,observed,month
2025-05-31,2025-07-30,comtrade,un_comtrade,1,mirror.idn.hacid.value,HS 292221,Indonesia (from China),147825.1,USD,USD,CIF (importer-reported),export,customs,https://comtradeapi.un.org/public/v1/preview/C/M/HS?reporterCode=360&period=202505&cmdCode=292221&flowCode=M&partnerCode=156,1.0,cifvalue=147825.1 USD,estimated,observed,month
2025-06-30,2025-08-29,comtrade,un_comtrade,1,mirror.idn.hacid.value,HS 292221,Indonesia (from China),266655.05,USD,USD,CIF (importer-reported),export,customs,https://comtradeapi.un.org/public/v1/preview/C/M/HS?reporterCode=360&period=202506&cmdCode=292221&flowCode=M&partnerCode=156,1.0,cifvalue=266655.05 USD,estimated,observed,month
2025-07-31,2025-09-29,comtrade,un_comtrade,1,mirror.idn.hacid.value,HS 292221,Indonesia (from China),278154.63,USD,USD,CIF (importer-reported),export,customs,https://comtradeapi.un.org/public/v1/preview/C/M/HS?reporterCode=360&period=202507&cmdCode=292221&flowCode=M&partnerCode=156,1.0,cifvalue=278154.63 USD,estimated,observed,month
2025-08-31,2025-10-30,comtrade,un_comtrade,1,mirror.idn.hacid.value,HS 292221,Indonesia (from China),25672.09,USD,USD,CIF (importer-reported),export,customs,https://comtradeapi.un.org/public/v1/preview/C/M/HS?reporterCode=360&period=202508&cmdCode=292221&flowCode=M&partnerCode=156,1.0,cifvalue=25672.09 USD,estimated,observed,month
2025-09-30,2025-11-29,comtrade,un_comtrade,1,mirror.idn.hacid.value,HS 292221,Indonesia (from China),77126.2,USD,USD,CIF (importer-reported),export,customs,https://comtradeapi.un.org/public/v1/preview/C/M/HS?reporterCode=360&period=202509&cmdCode=292221&flowCode=M&partnerCode=156,1.0,cifvalue=77126.2 USD,estimated,observed,month
2025-10-31,2025-12-30,comtrade,un_comtrade,1,mirror.idn.hacid.value,HS 292221,Indonesia (from China),132366.52,USD,USD,CIF (importer-reported),export,customs,https://comtradeapi.un.org/public/v1/preview/C/M/HS?reporterCode=360&period=202510&cmdCode=292221&flowCode=M&partnerCode=156,1.0,cifvalue=132366.52 USD,estimated,observed,month
2025-11-30,2026-01-29,comtrade,un_comtrade,1,mirror.idn.hacid.value,HS 292221,Indonesia (from China),232445.36,USD,USD,CIF (importer-reported),export,customs,https://comtradeapi.un.org/public/v1/preview/C/M/HS?reporterCode=360&period=202511&cmdCode=292221&flowCode=M&partnerCode=156,1.0,cifvalue=232445.36 USD,estimated,observed,month
2025-12-31,2026-03-01,comtrade,un_comtrade,1,mirror.idn.hacid.value,HS 292221,Indonesia (from China),116448.86,USD,USD,CIF (importer-reported),export,customs,https://comtradeapi.un.org/public/v1/preview/C/M/HS?reporterCode=360&period=202512&cmdCode=292221&flowCode=M&partnerCode=156,1.0,cifvalue=116448.86 USD,estimated,observed,month
2026-01-31,2026-04-01,comtrade,un_comtrade,1,mirror.idn.hacid.value,HS 292221,Indonesia (from China),7224.0,USD,USD,CIF (importer-reported),export,customs,https://comtradeapi.un.org/public/v1/preview/C/M/HS?reporterCode=360&period=202601&cmdCode=292221&flowCode=M&partnerCode=156,1.0,cifvalue=7224.0 USD,estimated,observed,month
2026-02-28,2026-04-29,comtrade,un_comtrade,1,mirror.idn.hacid.value,HS 292221,Indonesia (from China),240019.76,USD,USD,CIF (importer-reported),export,customs,https://comtradeapi.un.org/public/v1/preview/C/M/HS?reporterCode=360&period=202602&cmdCode=292221&flowCode=M&partnerCode=156,1.0,cifvalue=240019.76 USD,estimated,observed,month
2026-03-31,2026-05-30,comtrade,un_comtrade,1,mirror.idn.hacid.value,HS 292221,Indonesia (from China),83700.0,USD,USD,CIF (importer-reported),export,customs,https://comtradeapi.un.org/public/v1/preview/C/M/HS?reporterCode=360&period=202603&cmdCode=292221&flowCode=M&partnerCode=156,1.0,cifvalue=83700.0 USD,estimated,observed,month
2026-04-30,2026-06-29,comtrade,un_comtrade,1,mirror.idn.hacid.value,HS 292221,Indonesia (from China),263123.69,USD,USD,CIF (importer-reported),export,customs,https://comtradeapi.un.org/public/v1/preview/C/M/HS?reporterCode=360&period=202604&cmdCode=292221&flowCode=M&partnerCode=156,1.0,cifvalue=263123.69 USD,estimated,observed,month
2026-05-31,2026-07-30,comtrade,un_comtrade,1,mirror.idn.hacid.value,HS 292221,Indonesia (from China),30674.83,USD,USD,CIF (importer-reported),export,customs,https://comtradeapi.un.org/public/v1/preview/C/M/HS?reporterCode=360&period=202605&cmdCode=292221&flowCode=M&partnerCode=156,1.0,cifvalue=30674.83 USD,estimated,observed,month
2026-06-30,2026-08-29,comtrade,un_comtrade,1,mirror.idn.hacid.value,HS 292221,Indonesia (from China),666742.5,USD,USD,CIF (importer-reported),export,customs,https://comtradeapi.un.org/public/v1/preview/C/M/HS?reporterCode=360&period=202606&cmdCode=292221&flowCode=M&partnerCode=156,1.0,cifvalue=666742.5 USD,estimated,observed,month
2026-07-31,2026-09-29,comtrade,un_comtrade,1,mirror.idn.hacid.value,HS 292221,Indonesia (from China),106141.09,USD,USD,CIF (importer-reported),export,customs,https://comtradeapi.un.org/public/v1/preview/C/M/HS?reporterCode=360&period=202607&cmdCode=292221&flowCode=M&partnerCode=156,1.0,cifvalue=106141.09 USD,estimated,observed,month
2023-01-31,2023-04-01,comtrade,un_comtrade,1,mirror.idn.rdye.qty,HS 320416 reactive dyes,Indonesia (from China),197.54,,t,CIF (importer-reported),export,customs,https://comtradeapi.un.org/public/v1/preview/C/M/HS?reporterCode=360&period=202301&cmdCode=320416&flowCode=M&partnerCode=156,1.0,netWgt=197540.0 kg; isQtyEstimated=False,estimated,observed,month
2023-02-28,2023-04-29,comtrade,un_comtrade,1,mirror.idn.rdye.qty,HS 320416 reactive dyes,Indonesia (from China),189.554,,t,CIF (importer-reported),export,customs,https://comtradeapi.un.org/public/v1/preview/C/M/HS?reporterCode=360&period=202302&cmdCode=320416&flowCode=M&partnerCode=156,1.0,netWgt=189554.0 kg; isQtyEstimated=False,estimated,observed,month
2023-03-31,2023-05-30,comtrade,un_comtrade,1,mirror.idn.rdye.qty,HS 320416 reactive dyes,Indonesia (from China),234.56,,t,CIF (importer-reported),export,customs,https://comtradeapi.un.org/public/v1/preview/C/M/HS?reporterCode=360&period=202303&cmdCode=320416&flowCode=M&partnerCode=156,1.0,netWgt=234560.0 kg; isQtyEstimated=False,estimated,observed,month
2023-04-30,2023-06-29,comtrade,un_comtrade,1,mirror.idn.rdye.qty,HS 320416 reactive dyes,Indonesia (from China),94.104,,t,CIF (importer-reported),export,customs,https://comtradeapi.un.org/public/v1/preview/C/M/HS?reporterCode=360&period=202304&cmdCode=320416&flowCode=M&partnerCode=156,1.0,netWgt=94104.0 kg; isQtyEstimated=False,estimated,observed,month
2023-05-31,2023-07-30,comtrade,un_comtrade,1,mirror.idn.rdye.qty,HS 320416 reactive dyes,Indonesia (from China),205.261,,t,CIF (importer-reported),export,customs,https://comtradeapi.un.org/public/v1/preview/C/M/HS?reporterCode=360&period=202305&cmdCode=320416&flowCode=M&partnerCode=156,1.0,netWgt=205261.0 kg; isQtyEstimated=False,estimated,observed,month
2023-06-30,2023-08-29,comtrade,un_comtrade,1,mirror.idn.rdye.qty,HS 320416 reactive dyes,Indonesia (from China),262.135,,t,CIF (importer-reported),export,customs,https://comtradeapi.un.org/public/v1/preview/C/M/HS?reporterCode=360&period=202306&cmdCode=320416&flowCode=M&partnerCode=156,1.0,netWgt=262135.0 kg; isQtyEstimated=False,estimated,observed,month
2023-07-31,2023-09-29,comtrade,un_comtrade,1,mirror.idn.rdye.qty,HS 320416 reactive dyes,Indonesia (from China),360.629,,t,CIF (importer-reported),export,customs,https://comtradeapi.un.org/public/v1/preview/C/M/HS?reporterCode=360&period=202307&cmdCode=320416&flowCode=M&partnerCode=156,1.0,netWgt=360629.0 kg; isQtyEstimated=False,estimated,observed,month
2023-08-31,2023-10-30,comtrade,un_comtrade,1,mirror.idn.rdye.qty,HS 320416 reactive dyes,Indonesia (from China),350.322,,t,CIF (importer-reported),export,customs,https://comtradeapi.un.org/public/v1/preview/C/M/HS?reporterCode=360&period=202308&cmdCode=320416&flowCode=M&partnerCode=156,1.0,netWgt=350322.0 kg; isQtyEstimated=False,estimated,observed,month
2023-09-30,2023-11-29,comtrade,un_comtrade,1,mirror.idn.rdye.qty,HS 320416 reactive dyes,Indonesia (from China),180.579,,t,CIF (importer-reported),export,customs,https://comtradeapi.un.org/public/v1/preview/C/M/HS?reporterCode=360&period=202309&cmdCode=320416&flowCode=M&partnerCode=156,1.0,netWgt=180579.0 kg; isQtyEstimated=False,estimated,observed,month
2023-10-31,2023-12-30,comtrade,un_comtrade,1,mirror.idn.rdye.qty,HS 320416 reactive dyes,Indonesia (from China),322.933,,t,CIF (importer-reported),export,customs,https://comtradeapi.un.org/public/v1/preview/C/M/HS?reporterCode=360&period=202310&cmdCode=320416&flowCode=M&partnerCode=156,1.0,netWgt=322933.0 kg; isQtyEstimated=False,estimated,observed,month
2023-11-30,2024-01-29,comtrade,un_comtrade,1,mirror.idn.rdye.qty,HS 320416 reactive dyes,Indonesia (from China),362.296,,t,CIF (importer-reported),export,customs,https://comtradeapi.un.org/public/v1/preview/C/M/HS?reporterCode=360&period=202311&cmdCode=320416&flowCode=M&partnerCode=156,1.0,netWgt=362296.0 kg; isQtyEstimated=False,estimated,observed,month
2023-12-31,2024-02-29,comtrade,un_comtrade,1,mirror.idn.rdye.qty,HS 320416 reactive dyes,Indonesia (from China),294.593,,t,CIF (importer-reported),export,customs,https://comtradeapi.un.org/public/v1/preview/C/M/HS?reporterCode=360&period=202312&cmdCode=320416&flowCode=M&partnerCode=156,1.0,netWgt=294593.0 kg; isQtyEstimated=False,estimated,observed,month
2024-01-31,2024-03-31,comtrade,un_comtrade,1,mirror.idn.rdye.qty,HS 320416 reactive dyes,Indonesia (from China),333.4,,t,CIF (importer-reported),export,customs,https://comtradeapi.un.org/public/v1/preview/C/M/HS?reporterCode=360&period=202401&cmdCode=320416&flowCode=M&partnerCode=156,1.0,netWgt=333400.0 kg; isQtyEstimated=False,estimated,observed,month
2024-02-29,2024-04-29,comtrade,un_comtrade,1,mirror.idn.rdye.qty,HS 320416 reactive dyes,Indonesia (from China),235.317,,t,CIF (importer-reported),export,customs,https://comtradeapi.un.org/public/v1/preview/C/M/HS?reporterCode=360&period=202402&cmdCode=320416&flowCode=M&partnerCode=156,1.0,netWgt=235317.0 kg; isQtyEstimated=False,estimated,observed,month
2024-03-31,2024-05-30,comtrade,un_comtrade,1,mirror.idn.rdye.qty,HS 320416 reactive dyes,Indonesia (from China),388.706,,t,CIF (importer-reported),export,customs,https://comtradeapi.un.org/public/v1/preview/C/M/HS?reporterCode=360&period=202403&cmdCode=320416&flowCode=M&partnerCode=156,1.0,netWgt=388706.0 kg; isQtyEstimated=False,estimated,observed,month
2024-04-30,2024-06-29,comtrade,un_comtrade,1,mirror.idn.rdye.qty,HS 320416 reactive dyes,Indonesia (from China),268.622,,t,CIF (importer-reported),export,customs,https://comtradeapi.un.org/public/v1/preview/C/M/HS?reporterCode=360&period=202404&cmdCode=320416&flowCode=M&partnerCode=156,1.0,netWgt=268622.0 kg; isQtyEstimated=False,estimated,observed,month
2024-05-31,2024-07-30,comtrade,un_comtrade,1,mirror.idn.rdye.qty,HS 320416 reactive dyes,Indonesia (from China),336.34,,t,CIF (importer-reported),export,customs,https://comtradeapi.un.org/public/v1/preview/C/M/HS?reporterCode=360&period=202405&cmdCode=320416&flowCode=M&partnerCode=156,1.0,netWgt=336340.0 kg; isQtyEstimated=False,estimated,observed,month
2024-06-30,2024-08-29,comtrade,un_comtrade,1,mirror.idn.rdye.qty,HS 320416 reactive dyes,Indonesia (from China),261.436,,t,CIF (importer-reported),export,customs,https://comtradeapi.un.org/public/v1/preview/C/M/HS?reporterCode=360&period=202406&cmdCode=320416&flowCode=M&partnerCode=156,1.0,netWgt=261436.0 kg; isQtyEstimated=False,estimated,observed,month
2024-07-31,2024-09-29,comtrade,un_comtrade,1,mirror.idn.rdye.qty,HS 320416 reactive dyes,Indonesia (from China),613.966,,t,CIF (importer-reported),export,customs,https://comtradeapi.un.org/public/v1/preview/C/M/HS?reporterCode=360&period=202407&cmdCode=320416&flowCode=M&partnerCode=156,1.0,netWgt=613966.0 kg; isQtyEstimated=False,estimated,observed,month
2024-08-31,2024-10-30,comtrade,un_comtrade,1,mirror.idn.rdye.qty,HS 320416 reactive dyes,Indonesia (from China),231.758,,t,CIF (importer-reported),export,customs,https://comtradeapi.un.org/public/v1/preview/C/M/HS?reporterCode=360&period=202408&cmdCode=320416&flowCode=M&partnerCode=156,1.0,netWgt=231758.0 kg; isQtyEstimated=False,estimated,observed,month
2024-09-30,2024-11-29,comtrade,un_comtrade,1,mirror.idn.rdye.qty,HS 320416 reactive dyes,Indonesia (from China),363.243,,t,CIF (importer-reported),export,customs,https://comtradeapi.un.org/public/v1/preview/C/M/HS?reporterCode=360&period=202409&cmdCode=320416&flowCode=M&partnerCode=156,1.0,netWgt=363243.0 kg; isQtyEstimated=False,estimated,observed,month
2024-10-31,2024-12-30,comtrade,un_comtrade,1,mirror.idn.rdye.qty,HS 320416 reactive dyes,Indonesia (from China),187.68,,t,CIF (importer-reported),export,customs,https://comtradeapi.un.org/public/v1/preview/C/M/HS?reporterCode=360&period=202410&cmdCode=320416&flowCode=M&partnerCode=156,1.0,netWgt=187680.0 kg; isQtyEstimated=False,estimated,observed,month
2024-11-30,2025-01-29,comtrade,un_comtrade,1,mirror.idn.rdye.qty,HS 320416 reactive dyes,Indonesia (from China),274.073,,t,CIF (importer-reported),export,customs,https://comtradeapi.un.org/public/v1/preview/C/M/HS?reporterCode=360&period=202411&cmdCode=320416&flowCode=M&partnerCode=156,1.0,netWgt=274073.0 kg; isQtyEstimated=False,estimated,observed,month
2024-12-31,2025-03-01,comtrade,un_comtrade,1,mirror.idn.rdye.qty,HS 320416 reactive dyes,Indonesia (from China),350.674,,t,CIF (importer-reported),export,customs,https://comtradeapi.un.org/public/v1/preview/C/M/HS?reporterCode=360&period=202412&cmdCode=320416&flowCode=M&partnerCode=156,1.0,netWgt=350674.0 kg; isQtyEstimated=False,estimated,observed,month
2025-01-31,2025-04-01,comtrade,un_comtrade,1,mirror.idn.rdye.qty,HS 320416 reactive dyes,Indonesia (from China),350.21,,t,CIF (importer-reported),export,customs,https://comtradeapi.un.org/public/v1/preview/C/M/HS?reporterCode=360&period=202501&cmdCode=320416&flowCode=M&partnerCode=156,1.0,netWgt=350210.0 kg; isQtyEstimated=False,estimated,observed,month
2025-02-28,2025-04-29,comtrade,un_comtrade,1,mirror.idn.rdye.qty,HS 320416 reactive dyes,Indonesia (from China),206.053,,t,CIF (importer-reported),export,customs,https://comtradeapi.un.org/public/v1/preview/C/M/HS?reporterCode=360&period=202502&cmdCode=320416&flowCode=M&partnerCode=156,1.0,netWgt=206053.0 kg; isQtyEstimated=False,estimated,observed,month
2025-03-31,2025-05-30,comtrade,un_comtrade,1,mirror.idn.rdye.qty,HS 320416 reactive dyes,Indonesia (from China),205.239793,,t,CIF (importer-reported),export,customs,https://comtradeapi.un.org/public/v1/preview/C/M/HS?reporterCode=360&period=202503&cmdCode=320416&flowCode=M&partnerCode=156,1.0,netWgt=205239.793 kg; isQtyEstimated=False,estimated,observed,month
2025-04-30,2025-06-29,comtrade,un_comtrade,1,mirror.idn.rdye.qty,HS 320416 reactive dyes,Indonesia (from China),361.51,,t,CIF (importer-reported),export,customs,https://comtradeapi.un.org/public/v1/preview/C/M/HS?reporterCode=360&period=202504&cmdCode=320416&flowCode=M&partnerCode=156,1.0,netWgt=361510.0 kg; isQtyEstimated=False,estimated,observed,month
2025-05-31,2025-07-30,comtrade,un_comtrade,1,mirror.idn.rdye.qty,HS 320416 reactive dyes,Indonesia (from China),253.23516,,t,CIF (importer-reported),export,customs,https://comtradeapi.un.org/public/v1/preview/C/M/HS?reporterCode=360&period=202505&cmdCode=320416&flowCode=M&partnerCode=156,1.0,netWgt=253235.16 kg; isQtyEstimated=False,estimated,observed,month
2025-06-30,2025-08-29,comtrade,un_comtrade,1,mirror.idn.rdye.qty,HS 320416 reactive dyes,Indonesia (from China),451.293,,t,CIF (importer-reported),export,customs,https://comtradeapi.un.org/public/v1/preview/C/M/HS?reporterCode=360&period=202506&cmdCode=320416&flowCode=M&partnerCode=156,1.0,netWgt=451293.0 kg; isQtyEstimated=False,estimated,observed,month
2025-07-31,2025-09-29,comtrade,un_comtrade,1,mirror.idn.rdye.qty,HS 320416 reactive dyes,Indonesia (from China),239.3717,,t,CIF (importer-reported),export,customs,https://comtradeapi.un.org/public/v1/preview/C/M/HS?reporterCode=360&period=202507&cmdCode=320416&flowCode=M&partnerCode=156,1.0,netWgt=239371.7 kg; isQtyEstimated=False,estimated,observed,month
2025-08-31,2025-10-30,comtrade,un_comtrade,1,mirror.idn.rdye.qty,HS 320416 reactive dyes,Indonesia (from China),228.1912,,t,CIF (importer-reported),export,customs,https://comtradeapi.un.org/public/v1/preview/C/M/HS?reporterCode=360&period=202508&cmdCode=320416&flowCode=M&partnerCode=156,1.0,netWgt=228191.2 kg; isQtyEstimated=False,estimated,observed,month
2025-09-30,2025-11-29,comtrade,un_comtrade,1,mirror.idn.rdye.qty,HS 320416 reactive dyes,Indonesia (from China),284.283,,t,CIF (importer-reported),export,customs,https://comtradeapi.un.org/public/v1/preview/C/M/HS?reporterCode=360&period=202509&cmdCode=320416&flowCode=M&partnerCode=156,1.0,netWgt=284283.0 kg; isQtyEstimated=False,estimated,observed,month
2025-10-31,2025-12-30,comtrade,un_comtrade,1,mirror.idn.rdye.qty,HS 320416 reactive dyes,Indonesia (from China),318.14608000000004,,t,CIF (importer-reported),export,customs,https://comtradeapi.un.org/public/v1/preview/C/M/HS?reporterCode=360&period=202510&cmdCode=320416&flowCode=M&partnerCode=156,1.0,netWgt=318146.08 kg; isQtyEstimated=False,estimated,observed,month
2025-11-30,2026-01-29,comtrade,un_comtrade,1,mirror.idn.rdye.qty,HS 320416 reactive dyes,Indonesia (from China),208.105,,t,CIF (importer-reported),export,customs,https://comtradeapi.un.org/public/v1/preview/C/M/HS?reporterCode=360&period=202511&cmdCode=320416&flowCode=M&partnerCode=156,1.0,netWgt=208105.0 kg; isQtyEstimated=False,estimated,observed,month
2025-12-31,2026-03-01,comtrade,un_comtrade,1,mirror.idn.rdye.qty,HS 320416 reactive dyes,Indonesia (from China),374.681,,t,CIF (importer-reported),export,customs,https://comtradeapi.un.org/public/v1/preview/C/M/HS?reporterCode=360&period=202512&cmdCode=320416&flowCode=M&partnerCode=156,1.0,netWgt=374681.0 kg; isQtyEstimated=False,estimated,observed,month
2026-01-31,2026-04-01,comtrade,un_comtrade,1,mirror.idn.rdye.qty,HS 320416 reactive dyes,Indonesia (from China),370.396,,t,CIF (importer-reported),export,customs,https://comtradeapi.un.org/public/v1/preview/C/M/HS?reporterCode=360&period=202601&cmdCode=320416&flowCode=M&partnerCode=156,1.0,netWgt=370396.0 kg; isQtyEstimated=False,estimated,observed,month
2026-02-28,2026-04-29,comtrade,un_comtrade,1,mirror.idn.rdye.qty,HS 320416 reactive dyes,Indonesia (from China),313.305,,t,CIF (importer-reported),export,customs,https://comtradeapi.un.org/public/v1/preview/C/M/HS?reporterCode=360&period=202602&cmdCode=320416&flowCode=M&partnerCode=156,1.0,netWgt=313305.0 kg; isQtyEstimated=False,estimated,observed,month
2026-03-31,2026-05-30,comtrade,un_comtrade,1,mirror.idn.rdye.qty,HS 320416 reactive dyes,Indonesia (from China),307.4094,,t,CIF (importer-reported),export,customs,https://comtradeapi.un.org/public/v1/preview/C/M/HS?reporterCode=360&period=202603&cmdCode=320416&flowCode=M&partnerCode=156,1.0,netWgt=307409.4 kg; isQtyEstimated=False,estimated,observed,month
2026-04-30,2026-06-29,comtrade,un_comtrade,1,mirror.idn.rdye.qty,HS 320416 reactive dyes,Indonesia (from China),510.743,,t,CIF (importer-reported),export,customs,https://comtradeapi.un.org/public/v1/preview/C/M/HS?reporterCode=360&period=202604&cmdCode=320416&flowCode=M&partnerCode=156,1.0,netWgt=510743.0 kg; isQtyEstimated=False,estimated,observed,month
2026-05-31,2026-07-30,comtrade,un_comtrade,1,mirror.idn.rdye.qty,HS 320416 reactive dyes,Indonesia (from China),227.66442,,t,CIF (importer-reported),export,customs,https://comtradeapi.un.org/public/v1/preview/C/M/HS?reporterCode=360&period=202605&cmdCode=320416&flowCode=M&partnerCode=156,1.0,netWgt=227664.42 kg; isQtyEstimated=False,estimated,observed,month
2026-06-30,2026-08-29,comtrade,un_comtrade,1,mirror.idn.rdye.qty,HS 320416 reactive dyes,Indonesia (from China),277.212,,t,CIF (importer-reported),export,customs,https://comtradeapi.un.org/public/v1/preview/C/M/HS?reporterCode=360&period=202606&cmdCode=320416&flowCode=M&partnerCode=156,1.0,netWgt=277212.0 kg; isQtyEstimated=False,estimated,observed,month
2026-07-31,2026-09-29,comtrade,un_comtrade,1,mirror.idn.rdye.qty,HS 320416 reactive dyes,Indonesia (from China),226.33,,t,CIF (importer-reported),export,customs,https://comtradeapi.un.org/public/v1/preview/C/M/HS?reporterCode=360&period=202607&cmdCode=320416&flowCode=M&partnerCode=156,1.0,netWgt=226330.0 kg; isQtyEstimated=False,estimated,observed,month
2023-01-31,2023-04-01,comtrade,un_comtrade,1,mirror.idn.rdye.value,HS 320416 reactive dyes,Indonesia (from China),1101402.0,USD,USD,CIF (importer-reported),export,customs,https://comtradeapi.un.org/public/v1/preview/C/M/HS?reporterCode=360&period=202301&cmdCode=320416&flowCode=M&partnerCode=156,1.0,cifvalue=1101402.0 USD,estimated,observed,month
2023-02-28,2023-04-29,comtrade,un_comtrade,1,mirror.idn.rdye.value,HS 320416 reactive dyes,Indonesia (from China),1056189.0,USD,USD,CIF (importer-reported),export,customs,https://comtradeapi.un.org/public/v1/preview/C/M/HS?reporterCode=360&period=202302&cmdCode=320416&flowCode=M&partnerCode=156,1.0,cifvalue=1056189.0 USD,estimated,observed,month
2023-03-31,2023-05-30,comtrade,un_comtrade,1,mirror.idn.rdye.value,HS 320416 reactive dyes,Indonesia (from China),1269116.0,USD,USD,CIF (importer-reported),export,customs,https://comtradeapi.un.org/public/v1/preview/C/M/HS?reporterCode=360&period=202303&cmdCode=320416&flowCode=M&partnerCode=156,1.0,cifvalue=1269116.0 USD,estimated,observed,month
2023-04-30,2023-06-29,comtrade,un_comtrade,1,mirror.idn.rdye.value,HS 320416 reactive dyes,Indonesia (from China),418751.0,USD,USD,CIF (importer-reported),export,customs,https://comtradeapi.un.org/public/v1/preview/C/M/HS?reporterCode=360&period=202304&cmdCode=320416&flowCode=M&partnerCode=156,1.0,cifvalue=418751.0 USD,estimated,observed,month
2023-05-31,2023-07-30,comtrade,un_comtrade,1,mirror.idn.rdye.value,HS 320416 reactive dyes,Indonesia (from China),1042027.0,USD,USD,CIF (importer-reported),export,customs,https://comtradeapi.un.org/public/v1/preview/C/M/HS?reporterCode=360&period=202305&cmdCode=320416&flowCode=M&partnerCode=156,1.0,cifvalue=1042027.0 USD,estimated,observed,month
2023-06-30,2023-08-29,comtrade,un_comtrade,1,mirror.idn.rdye.value,HS 320416 reactive dyes,Indonesia (from China),1407450.0,USD,USD,CIF (importer-reported),export,customs,https://comtradeapi.un.org/public/v1/preview/C/M/HS?reporterCode=360&period=202306&cmdCode=320416&flowCode=M&partnerCode=156,1.0,cifvalue=1407450.0 USD,estimated,observed,month
2023-07-31,2023-09-29,comtrade,un_comtrade,1,mirror.idn.rdye.value,HS 320416 reactive dyes,Indonesia (from China),1831568.0,USD,USD,CIF (importer-reported),export,customs,https://comtradeapi.un.org/public/v1/preview/C/M/HS?reporterCode=360&period=202307&cmdCode=320416&flowCode=M&partnerCode=156,1.0,cifvalue=1831568.0 USD,estimated,observed,month
2023-08-31,2023-10-30,comtrade,un_comtrade,1,mirror.idn.rdye.value,HS 320416 reactive dyes,Indonesia (from China),1548575.0,USD,USD,CIF (importer-reported),export,customs,https://comtradeapi.un.org/public/v1/preview/C/M/HS?reporterCode=360&period=202308&cmdCode=320416&flowCode=M&partnerCode=156,1.0,cifvalue=1548575.0 USD,estimated,observed,month
2023-09-30,2023-11-29,comtrade,un_comtrade,1,mirror.idn.rdye.value,HS 320416 reactive dyes,Indonesia (from China),998012.0,USD,USD,CIF (importer-reported),export,customs,https://comtradeapi.un.org/public/v1/preview/C/M/HS?reporterCode=360&period=202309&cmdCode=320416&flowCode=M&partnerCode=156,1.0,cifvalue=998012.0 USD,estimated,observed,month
2023-10-31,2023-12-30,comtrade,un_comtrade,1,mirror.idn.rdye.value,HS 320416 reactive dyes,Indonesia (from China),1565190.0,USD,USD,CIF (importer-reported),export,customs,https://comtradeapi.un.org/public/v1/preview/C/M/HS?reporterCode=360&period=202310&cmdCode=320416&flowCode=M&partnerCode=156,1.0,cifvalue=1565190.0 USD,estimated,observed,month
2023-11-30,2024-01-29,comtrade,un_comtrade,1,mirror.idn.rdye.value,HS 320416 reactive dyes,Indonesia (from China),1652747.0,USD,USD,CIF (importer-reported),export,customs,https://comtradeapi.un.org/public/v1/preview/C/M/HS?reporterCode=360&period=202311&cmdCode=320416&flowCode=M&partnerCode=156,1.0,cifvalue=1652747.0 USD,estimated,observed,month
2023-12-31,2024-02-29,comtrade,un_comtrade,1,mirror.idn.rdye.value,HS 320416 reactive dyes,Indonesia (from China),1401158.0,USD,USD,CIF (importer-reported),export,customs,https://comtradeapi.un.org/public/v1/preview/C/M/HS?reporterCode=360&period=202312&cmdCode=320416&flowCode=M&partnerCode=156,1.0,cifvalue=1401158.0 USD,estimated,observed,month
2024-01-31,2024-03-31,comtrade,un_comtrade,1,mirror.idn.rdye.value,HS 320416 reactive dyes,Indonesia (from China),1607227.0,USD,USD,CIF (importer-reported),export,customs,https://comtradeapi.un.org/public/v1/preview/C/M/HS?reporterCode=360&period=202401&cmdCode=320416&flowCode=M&partnerCode=156,1.0,cifvalue=1607227.0 USD,estimated,observed,month
2024-02-29,2024-04-29,comtrade,un_comtrade,1,mirror.idn.rdye.value,HS 320416 reactive dyes,Indonesia (from China),1173663.0,USD,USD,CIF (importer-reported),export,customs,https://comtradeapi.un.org/public/v1/preview/C/M/HS?reporterCode=360&period=202402&cmdCode=320416&flowCode=M&partnerCode=156,1.0,cifvalue=1173663.0 USD,estimated,observed,month
2024-03-31,2024-05-30,comtrade,un_comtrade,1,mirror.idn.rdye.value,HS 320416 reactive dyes,Indonesia (from China),1746667.0,USD,USD,CIF (importer-reported),export,customs,https://comtradeapi.un.org/public/v1/preview/C/M/HS?reporterCode=360&period=202403&cmdCode=320416&flowCode=M&partnerCode=156,1.0,cifvalue=1746667.0 USD,estimated,observed,month
2024-04-30,2024-06-29,comtrade,un_comtrade,1,mirror.idn.rdye.value,HS 320416 reactive dyes,Indonesia (from China),1398987.0,USD,USD,CIF (importer-reported),export,customs,https://comtradeapi.un.org/public/v1/preview/C/M/HS?reporterCode=360&period=202404&cmdCode=320416&flowCode=M&partnerCode=156,1.0,cifvalue=1398987.0 USD,estimated,observed,month
2024-05-31,2024-07-30,comtrade,un_comtrade,1,mirror.idn.rdye.value,HS 320416 reactive dyes,Indonesia (from China),1347798.0,USD,USD,CIF (importer-reported),export,customs,https://comtradeapi.un.org/public/v1/preview/C/M/HS?reporterCode=360&period=202405&cmdCode=320416&flowCode=M&partnerCode=156,1.0,cifvalue=1347798.0 USD,estimated,observed,month
2024-06-30,2024-08-29,comtrade,un_comtrade,1,mirror.idn.rdye.value,HS 320416 reactive dyes,Indonesia (from China),822299.0,USD,USD,CIF (importer-reported),export,customs,https://comtradeapi.un.org/public/v1/preview/C/M/HS?reporterCode=360&period=202406&cmdCode=320416&flowCode=M&partnerCode=156,1.0,cifvalue=822299.0 USD,estimated,observed,month
2024-07-31,2024-09-29,comtrade,un_comtrade,1,mirror.idn.rdye.value,HS 320416 reactive dyes,Indonesia (from China),2946443.0,USD,USD,CIF (importer-reported),export,customs,https://comtradeapi.un.org/public/v1/preview/C/M/HS?reporterCode=360&period=202407&cmdCode=320416&flowCode=M&partnerCode=156,1.0,cifvalue=2946443.0 USD,estimated,observed,month
2024-08-31,2024-10-30,comtrade,un_comtrade,1,mirror.idn.rdye.value,HS 320416 reactive dyes,Indonesia (from China),1049057.0,USD,USD,CIF (importer-reported),export,customs,https://comtradeapi.un.org/public/v1/preview/C/M/HS?reporterCode=360&period=202408&cmdCode=320416&flowCode=M&partnerCode=156,1.0,cifvalue=1049057.0 USD,estimated,observed,month
2024-09-30,2024-11-29,comtrade,un_comtrade,1,mirror.idn.rdye.value,HS 320416 reactive dyes,Indonesia (from China),1788180.0,USD,USD,CIF (importer-reported),export,customs,https://comtradeapi.un.org/public/v1/preview/C/M/HS?reporterCode=360&period=202409&cmdCode=320416&flowCode=M&partnerCode=156,1.0,cifvalue=1788180.0 USD,estimated,observed,month
2024-10-31,2024-12-30,comtrade,un_comtrade,1,mirror.idn.rdye.value,HS 320416 reactive dyes,Indonesia (from China),935671.0,USD,USD,CIF (importer-reported),export,customs,https://comtradeapi.un.org/public/v1/preview/C/M/HS?reporterCode=360&period=202410&cmdCode=320416&flowCode=M&partnerCode=156,1.0,cifvalue=935671.0 USD,estimated,observed,month
2024-11-30,2025-01-29,comtrade,un_comtrade,1,mirror.idn.rdye.value,HS 320416 reactive dyes,Indonesia (from China),1278621.0,USD,USD,CIF (importer-reported),export,customs,https://comtradeapi.un.org/public/v1/preview/C/M/HS?reporterCode=360&period=202411&cmdCode=320416&flowCode=M&partnerCode=156,1.0,cifvalue=1278621.0 USD,estimated,observed,month
2024-12-31,2025-03-01,comtrade,un_comtrade,1,mirror.idn.rdye.value,HS 320416 reactive dyes,Indonesia (from China),1501657.0,USD,USD,CIF (importer-reported),export,customs,https://comtradeapi.un.org/public/v1/preview/C/M/HS?reporterCode=360&period=202412&cmdCode=320416&flowCode=M&partnerCode=156,1.0,cifvalue=1501657.0 USD,estimated,observed,month
2025-01-31,2025-04-01,comtrade,un_comtrade,1,mirror.idn.rdye.value,HS 320416 reactive dyes,Indonesia (from China),1398166.293,USD,USD,CIF (importer-reported),export,customs,https://comtradeapi.un.org/public/v1/preview/C/M/HS?reporterCode=360&period=202501&cmdCode=320416&flowCode=M&partnerCode=156,1.0,cifvalue=1398166.293 USD,estimated,observed,month
2025-02-28,2025-04-29,comtrade,un_comtrade,1,mirror.idn.rdye.value,HS 320416 reactive dyes,Indonesia (from China),966625.481,USD,USD,CIF (importer-reported),export,customs,https://comtradeapi.un.org/public/v1/preview/C/M/HS?reporterCode=360&period=202502&cmdCode=320416&flowCode=M&partnerCode=156,1.0,cifvalue=966625.481 USD,estimated,observed,month
2025-03-31,2025-05-30,comtrade,un_comtrade,1,mirror.idn.rdye.value,HS 320416 reactive dyes,Indonesia (from China),796491.802,USD,USD,CIF (importer-reported),export,customs,https://comtradeapi.un.org/public/v1/preview/C/M/HS?reporterCode=360&period=202503&cmdCode=320416&flowCode=M&partnerCode=156,1.0,cifvalue=796491.802 USD,estimated,observed,month
2025-04-30,2025-06-29,comtrade,un_comtrade,1,mirror.idn.rdye.value,HS 320416 reactive dyes,Indonesia (from China),1289037.163,USD,USD,CIF (importer-reported),export,customs,https://comtradeapi.un.org/public/v1/preview/C/M/HS?reporterCode=360&period=202504&cmdCode=320416&flowCode=M&partnerCode=156,1.0,cifvalue=1289037.163 USD,estimated,observed,month
2025-05-31,2025-07-30,comtrade,un_comtrade,1,mirror.idn.rdye.value,HS 320416 reactive dyes,Indonesia (from China),996389.944,USD,USD,CIF (importer-reported),export,customs,https://comtradeapi.un.org/public/v1/preview/C/M/HS?reporterCode=360&period=202505&cmdCode=320416&flowCode=M&partnerCode=156,1.0,cifvalue=996389.944 USD,estimated,observed,month
2025-06-30,2025-08-29,comtrade,un_comtrade,1,mirror.idn.rdye.value,HS 320416 reactive dyes,Indonesia (from China),1596479.677,USD,USD,CIF (importer-reported),export,customs,https://comtradeapi.un.org/public/v1/preview/C/M/HS?reporterCode=360&period=202506&cmdCode=320416&flowCode=M&partnerCode=156,1.0,cifvalue=1596479.677 USD,estimated,observed,month
2025-07-31,2025-09-29,comtrade,un_comtrade,1,mirror.idn.rdye.value,HS 320416 reactive dyes,Indonesia (from China),1172949.179,USD,USD,CIF (importer-reported),export,customs,https://comtradeapi.un.org/public/v1/preview/C/M/HS?reporterCode=360&period=202507&cmdCode=320416&flowCode=M&partnerCode=156,1.0,cifvalue=1172949.179 USD,estimated,observed,month
2025-08-31,2025-10-30,comtrade,un_comtrade,1,mirror.idn.rdye.value,HS 320416 reactive dyes,Indonesia (from China),1048430.151,USD,USD,CIF (importer-reported),export,customs,https://comtradeapi.un.org/public/v1/preview/C/M/HS?reporterCode=360&period=202508&cmdCode=320416&flowCode=M&partnerCode=156,1.0,cifvalue=1048430.151 USD,estimated,observed,month
2025-09-30,2025-11-29,comtrade,un_comtrade,1,mirror.idn.rdye.value,HS 320416 reactive dyes,Indonesia (from China),1859715.212,USD,USD,CIF (importer-reported),export,customs,https://comtradeapi.un.org/public/v1/preview/C/M/HS?reporterCode=360&period=202509&cmdCode=320416&flowCode=M&partnerCode=156,1.0,cifvalue=1859715.212 USD,estimated,observed,month
2025-10-31,2025-12-30,comtrade,un_comtrade,1,mirror.idn.rdye.value,HS 320416 reactive dyes,Indonesia (from China),1394930.876,USD,USD,CIF (importer-reported),export,customs,https://comtradeapi.un.org/public/v1/preview/C/M/HS?reporterCode=360&period=202510&cmdCode=320416&flowCode=M&partnerCode=156,1.0,cifvalue=1394930.876 USD,estimated,observed,month
2025-11-30,2026-01-29,comtrade,un_comtrade,1,mirror.idn.rdye.value,HS 320416 reactive dyes,Indonesia (from China),1177965.486,USD,USD,CIF (importer-reported),export,customs,https://comtradeapi.un.org/public/v1/preview/C/M/HS?reporterCode=360&period=202511&cmdCode=320416&flowCode=M&partnerCode=156,1.0,cifvalue=1177965.486 USD,estimated,observed,month
2025-12-31,2026-03-01,comtrade,un_comtrade,1,mirror.idn.rdye.value,HS 320416 reactive dyes,Indonesia (from China),2206108.785,USD,USD,CIF (importer-reported),export,customs,https://comtradeapi.un.org/public/v1/preview/C/M/HS?reporterCode=360&period=202512&cmdCode=320416&flowCode=M&partnerCode=156,1.0,cifvalue=2206108.785 USD,estimated,observed,month
2026-01-31,2026-04-01,comtrade,un_comtrade,1,mirror.idn.rdye.value,HS 320416 reactive dyes,Indonesia (from China),2010145.136,USD,USD,CIF (importer-reported),export,customs,https://comtradeapi.un.org/public/v1/preview/C/M/HS?reporterCode=360&period=202601&cmdCode=320416&flowCode=M&partnerCode=156,1.0,cifvalue=2010145.136 USD,estimated,observed,month
2026-02-28,2026-04-29,comtrade,un_comtrade,1,mirror.idn.rdye.value,HS 320416 reactive dyes,Indonesia (from China),1681700.18,USD,USD,CIF (importer-reported),export,customs,https://comtradeapi.un.org/public/v1/preview/C/M/HS?reporterCode=360&period=202602&cmdCode=320416&flowCode=M&partnerCode=156,1.0,cifvalue=1681700.18 USD,estimated,observed,month
2026-03-31,2026-05-30,comtrade,un_comtrade,1,mirror.idn.rdye.value,HS 320416 reactive dyes,Indonesia (from China),1658753.692,USD,USD,CIF (importer-reported),export,customs,https://comtradeapi.un.org/public/v1/preview/C/M/HS?reporterCode=360&period=202603&cmdCode=320416&flowCode=M&partnerCode=156,1.0,cifvalue=1658753.692 USD,estimated,observed,month
2026-04-30,2026-06-29,comtrade,un_comtrade,1,mirror.idn.rdye.value,HS 320416 reactive dyes,Indonesia (from China),2628620.237,USD,USD,CIF (importer-reported),export,customs,https://comtradeapi.un.org/public/v1/preview/C/M/HS?reporterCode=360&period=202604&cmdCode=320416&flowCode=M&partnerCode=156,1.0,cifvalue=2628620.237 USD,estimated,observed,month
2026-05-31,2026-07-30,comtrade,un_comtrade,1,mirror.idn.rdye.value,HS 320416 reactive dyes,Indonesia (from China),1246099.057,USD,USD,CIF (importer-reported),export,customs,https://comtradeapi.un.org/public/v1/preview/C/M/HS?reporterCode=360&period=202605&cmdCode=320416&flowCode=M&partnerCode=156,1.0,cifvalue=1246099.057 USD,estimated,observed,month
2026-06-30,2026-08-29,comtrade,un_comtrade,1,mirror.idn.rdye.value,HS 320416 reactive dyes,Indonesia (from China),1351438.071,USD,USD,CIF (importer-reported),export,customs,https://comtradeapi.un.org/public/v1/preview/C/M/HS?reporterCode=360&period=202606&cmdCode=320416&flowCode=M&partnerCode=156,1.0,cifvalue=1351438.071 USD,estimated,observed,month
2026-07-31,2026-09-29,comtrade,un_comtrade,1,mirror.idn.rdye.value,HS 320416 reactive dyes,Indonesia (from China),1457227.378,USD,USD,CIF (importer-reported),export,customs,https://comtradeapi.un.org/public/v1/preview/C/M/HS?reporterCode=360&period=202607&cmdCode=320416&flowCode=M&partnerCode=156,1.0,cifvalue=1457227.378 USD,estimated,observed,month
2023-01-31,2023-04-01,comtrade,un_comtrade,1,mirror.ind.hacid.qty,HS 292221,India (from China),993.697,,t,CIF (importer-reported),export,customs,https://comtradeapi.un.org/public/v1/preview/C/M/HS?reporterCode=699&period=202301&cmdCode=292221&flowCode=M&partnerCode=156,1.0,netWgt=993697.0 kg; isQtyEstimated=False,estimated,observed,month
2023-02-28,2023-04-29,comtrade,un_comtrade,1,mirror.ind.hacid.qty,HS 292221,India (from China),702.995,,t,CIF (importer-reported),export,customs,https://comtradeapi.un.org/public/v1/preview/C/M/HS?reporterCode=699&period=202302&cmdCode=292221&flowCode=M&partnerCode=156,1.0,netWgt=702995.0 kg; isQtyEstimated=False,estimated,observed,month
2023-03-31,2023-05-30,comtrade,un_comtrade,1,mirror.ind.hacid.qty,HS 292221,India (from China),807.393,,t,CIF (importer-reported),export,customs,https://comtradeapi.un.org/public/v1/preview/C/M/HS?reporterCode=699&period=202303&cmdCode=292221&flowCode=M&partnerCode=156,1.0,netWgt=807393.0 kg; isQtyEstimated=False,estimated,observed,month
2023-04-30,2023-06-29,comtrade,un_comtrade,1,mirror.ind.hacid.qty,HS 292221,India (from China),661.056,,t,CIF (importer-reported),export,customs,https://comtradeapi.un.org/public/v1/preview/C/M/HS?reporterCode=699&period=202304&cmdCode=292221&flowCode=M&partnerCode=156,1.0,netWgt=661056.0 kg; isQtyEstimated=False,estimated,observed,month
2023-05-31,2023-07-30,comtrade,un_comtrade,1,mirror.ind.hacid.qty,HS 292221,India (from China),808.627,,t,CIF (importer-reported),export,customs,https://comtradeapi.un.org/public/v1/preview/C/M/HS?reporterCode=699&period=202305&cmdCode=292221&flowCode=M&partnerCode=156,1.0,netWgt=808627.0 kg; isQtyEstimated=False,estimated,observed,month
2023-06-30,2023-08-29,comtrade,un_comtrade,1,mirror.ind.hacid.qty,HS 292221,India (from China),521.216,,t,CIF (importer-reported),export,customs,https://comtradeapi.un.org/public/v1/preview/C/M/HS?reporterCode=699&period=202306&cmdCode=292221&flowCode=M&partnerCode=156,1.0,netWgt=521216.0 kg; isQtyEstimated=False,estimated,observed,month
2023-07-31,2023-09-29,comtrade,un_comtrade,1,mirror.ind.hacid.qty,HS 292221,India (from China),980.6,,t,CIF (importer-reported),export,customs,https://comtradeapi.un.org/public/v1/preview/C/M/HS?reporterCode=699&period=202307&cmdCode=292221&flowCode=M&partnerCode=156,1.0,netWgt=980600.0 kg; isQtyEstimated=False,estimated,observed,month
2023-08-31,2023-10-30,comtrade,un_comtrade,1,mirror.ind.hacid.qty,HS 292221,India (from China),737.021,,t,CIF (importer-reported),export,customs,https://comtradeapi.un.org/public/v1/preview/C/M/HS?reporterCode=699&period=202308&cmdCode=292221&flowCode=M&partnerCode=156,1.0,netWgt=737021.0 kg; isQtyEstimated=False,estimated,observed,month
2023-09-30,2023-11-29,comtrade,un_comtrade,1,mirror.ind.hacid.qty,HS 292221,India (from China),1353.295,,t,CIF (importer-reported),export,customs,https://comtradeapi.un.org/public/v1/preview/C/M/HS?reporterCode=699&period=202309&cmdCode=292221&flowCode=M&partnerCode=156,1.0,netWgt=1353295.0 kg; isQtyEstimated=False,estimated,observed,month
2023-10-31,2023-12-30,comtrade,un_comtrade,1,mirror.ind.hacid.qty,HS 292221,India (from China),2079.151,,t,CIF (importer-reported),export,customs,https://comtradeapi.un.org/public/v1/preview/C/M/HS?reporterCode=699&period=202310&cmdCode=292221&flowCode=M&partnerCode=156,1.0,netWgt=2079151.0 kg; isQtyEstimated=False,estimated,observed,month
2023-11-30,2024-01-29,comtrade,un_comtrade,1,mirror.ind.hacid.qty,HS 292221,India (from China),971.87,,t,CIF (importer-reported),export,customs,https://comtradeapi.un.org/public/v1/preview/C/M/HS?reporterCode=699&period=202311&cmdCode=292221&flowCode=M&partnerCode=156,1.0,netWgt=971870.0 kg; isQtyEstimated=False,estimated,observed,month
2023-12-31,2024-02-29,comtrade,un_comtrade,1,mirror.ind.hacid.qty,HS 292221,India (from China),787.065,,t,CIF (importer-reported),export,customs,https://comtradeapi.un.org/public/v1/preview/C/M/HS?reporterCode=699&period=202312&cmdCode=292221&flowCode=M&partnerCode=156,1.0,netWgt=787065.0 kg; isQtyEstimated=False,estimated,observed,month
2024-01-31,2024-03-31,comtrade,un_comtrade,1,mirror.ind.hacid.qty,HS 292221,India (from China),320.483,,t,CIF (importer-reported),export,customs,https://comtradeapi.un.org/public/v1/preview/C/M/HS?reporterCode=699&period=202401&cmdCode=292221&flowCode=M&partnerCode=156,1.0,netWgt=320483.0 kg; isQtyEstimated=False,estimated,observed,month
2024-02-29,2024-04-29,comtrade,un_comtrade,1,mirror.ind.hacid.qty,HS 292221,India (from China),549.166982,,t,CIF (importer-reported),export,customs,https://comtradeapi.un.org/public/v1/preview/C/M/HS?reporterCode=699&period=202402&cmdCode=292221&flowCode=M&partnerCode=156,1.0,netWgt=549166.982 kg; isQtyEstimated=True,estimated,observed,month
2024-03-31,2024-05-30,comtrade,un_comtrade,1,mirror.ind.hacid.qty,HS 292221,India (from China),462.103,,t,CIF (importer-reported),export,customs,https://comtradeapi.un.org/public/v1/preview/C/M/HS?reporterCode=699&period=202403&cmdCode=292221&flowCode=M&partnerCode=156,1.0,netWgt=462103.0 kg; isQtyEstimated=False,estimated,observed,month
2024-04-30,2024-06-29,comtrade,un_comtrade,1,mirror.ind.hacid.qty,HS 292221,India (from China),722.54,,t,CIF (importer-reported),export,customs,https://comtradeapi.un.org/public/v1/preview/C/M/HS?reporterCode=699&period=202404&cmdCode=292221&flowCode=M&partnerCode=156,1.0,netWgt=722540.0 kg; isQtyEstimated=False,estimated,observed,month
2024-05-31,2024-07-30,comtrade,un_comtrade,1,mirror.ind.hacid.qty,HS 292221,India (from China),726.493,,t,CIF (importer-reported),export,customs,https://comtradeapi.un.org/public/v1/preview/C/M/HS?reporterCode=699&period=202405&cmdCode=292221&flowCode=M&partnerCode=156,1.0,netWgt=726493.0 kg; isQtyEstimated=False,estimated,observed,month
2024-06-30,2024-08-29,comtrade,un_comtrade,1,mirror.ind.hacid.qty,HS 292221,India (from China),607.046,,t,CIF (importer-reported),export,customs,https://comtradeapi.un.org/public/v1/preview/C/M/HS?reporterCode=699&period=202406&cmdCode=292221&flowCode=M&partnerCode=156,1.0,netWgt=607046.0 kg; isQtyEstimated=False,estimated,observed,month
2024-07-31,2024-09-29,comtrade,un_comtrade,1,mirror.ind.hacid.qty,HS 292221,India (from China),1118.108,,t,CIF (importer-reported),export,customs,https://comtradeapi.un.org/public/v1/preview/C/M/HS?reporterCode=699&period=202407&cmdCode=292221&flowCode=M&partnerCode=156,1.0,netWgt=1118108.0 kg; isQtyEstimated=False,estimated,observed,month
2024-08-31,2024-10-30,comtrade,un_comtrade,1,mirror.ind.hacid.qty,HS 292221,India (from China),606.82,,t,CIF (importer-reported),export,customs,https://comtradeapi.un.org/public/v1/preview/C/M/HS?reporterCode=699&period=202408&cmdCode=292221&flowCode=M&partnerCode=156,1.0,netWgt=606820.0 kg; isQtyEstimated=False,estimated,observed,month
2024-09-30,2024-11-29,comtrade,un_comtrade,1,mirror.ind.hacid.qty,HS 292221,India (from China),467.414,,t,CIF (importer-reported),export,customs,https://comtradeapi.un.org/public/v1/preview/C/M/HS?reporterCode=699&period=202409&cmdCode=292221&flowCode=M&partnerCode=156,1.0,netWgt=467414.0 kg; isQtyEstimated=False,estimated,observed,month
2024-10-31,2024-12-30,comtrade,un_comtrade,1,mirror.ind.hacid.qty,HS 292221,India (from China),1039.227,,t,CIF (importer-reported),export,customs,https://comtradeapi.un.org/public/v1/preview/C/M/HS?reporterCode=699&period=202410&cmdCode=292221&flowCode=M&partnerCode=156,1.0,netWgt=1039227.0 kg; isQtyEstimated=False,estimated,observed,month
2024-11-30,2025-01-29,comtrade,un_comtrade,1,mirror.ind.hacid.qty,HS 292221,India (from China),840.842,,t,CIF (importer-reported),export,customs,https://comtradeapi.un.org/public/v1/preview/C/M/HS?reporterCode=699&period=202411&cmdCode=292221&flowCode=M&partnerCode=156,1.0,netWgt=840842.0 kg; isQtyEstimated=False,estimated,observed,month
2024-12-31,2025-03-01,comtrade,un_comtrade,1,mirror.ind.hacid.qty,HS 292221,India (from China),1051.433,,t,CIF (importer-reported),export,customs,https://comtradeapi.un.org/public/v1/preview/C/M/HS?reporterCode=699&period=202412&cmdCode=292221&flowCode=M&partnerCode=156,1.0,netWgt=1051433.0 kg; isQtyEstimated=False,estimated,observed,month
2025-01-31,2025-04-01,comtrade,un_comtrade,1,mirror.ind.hacid.qty,HS 292221,India (from China),967.674,,t,CIF (importer-reported),export,customs,https://comtradeapi.un.org/public/v1/preview/C/M/HS?reporterCode=699&period=202501&cmdCode=292221&flowCode=M&partnerCode=156,1.0,netWgt=967674.0 kg; isQtyEstimated=False,estimated,observed,month
2025-02-28,2025-04-29,comtrade,un_comtrade,1,mirror.ind.hacid.qty,HS 292221,India (from China),948.807,,t,CIF (importer-reported),export,customs,https://comtradeapi.un.org/public/v1/preview/C/M/HS?reporterCode=699&period=202502&cmdCode=292221&flowCode=M&partnerCode=156,1.0,netWgt=948807.0 kg; isQtyEstimated=False,estimated,observed,month
2025-03-31,2025-05-30,comtrade,un_comtrade,1,mirror.ind.hacid.qty,HS 292221,India (from China),1089.812308,,t,CIF (importer-reported),export,customs,https://comtradeapi.un.org/public/v1/preview/C/M/HS?reporterCode=699&period=202503&cmdCode=292221&flowCode=M&partnerCode=156,1.0,netWgt=1089812.308 kg; isQtyEstimated=True,estimated,observed,month
2025-04-30,2025-06-29,comtrade,un_comtrade,1,mirror.ind.hacid.qty,HS 292221,India (from China),1336.682486,,t,CIF (importer-reported),export,customs,https://comtradeapi.un.org/public/v1/preview/C/M/HS?reporterCode=699&period=202504&cmdCode=292221&flowCode=M&partnerCode=156,1.0,netWgt=1336682.486 kg; isQtyEstimated=True,estimated,observed,month
2025-05-31,2025-07-30,comtrade,un_comtrade,1,mirror.ind.hacid.qty,HS 292221,India (from China),793.111,,t,CIF (importer-reported),export,customs,https://comtradeapi.un.org/public/v1/preview/C/M/HS?reporterCode=699&period=202505&cmdCode=292221&flowCode=M&partnerCode=156,1.0,netWgt=793111.0 kg; isQtyEstimated=False,estimated,observed,month
2025-06-30,2025-08-29,comtrade,un_comtrade,1,mirror.ind.hacid.qty,HS 292221,India (from China),498.776,,t,CIF (importer-reported),export,customs,https://comtradeapi.un.org/public/v1/preview/C/M/HS?reporterCode=699&period=202506&cmdCode=292221&flowCode=M&partnerCode=156,1.0,netWgt=498776.0 kg; isQtyEstimated=False,estimated,observed,month
2025-07-31,2025-09-29,comtrade,un_comtrade,1,mirror.ind.hacid.qty,HS 292221,India (from China),698.837,,t,CIF (importer-reported),export,customs,https://comtradeapi.un.org/public/v1/preview/C/M/HS?reporterCode=699&period=202507&cmdCode=292221&flowCode=M&partnerCode=156,1.0,netWgt=698837.0 kg; isQtyEstimated=False,estimated,observed,month
2025-08-31,2025-10-30,comtrade,un_comtrade,1,mirror.ind.hacid.qty,HS 292221,India (from China),396.53,,t,CIF (importer-reported),export,customs,https://comtradeapi.un.org/public/v1/preview/C/M/HS?reporterCode=699&period=202508&cmdCode=292221&flowCode=M&partnerCode=156,1.0,netWgt=396530.0 kg; isQtyEstimated=False,estimated,observed,month
2025-09-30,2025-11-29,comtrade,un_comtrade,1,mirror.ind.hacid.qty,HS 292221,India (from China),537.35,,t,CIF (importer-reported),export,customs,https://comtradeapi.un.org/public/v1/preview/C/M/HS?reporterCode=699&period=202509&cmdCode=292221&flowCode=M&partnerCode=156,1.0,netWgt=537350.0 kg; isQtyEstimated=False,estimated,observed,month
2025-10-31,2025-12-30,comtrade,un_comtrade,1,mirror.ind.hacid.qty,HS 292221,India (from China),610.904,,t,CIF (importer-reported),export,customs,https://comtradeapi.un.org/public/v1/preview/C/M/HS?reporterCode=699&period=202510&cmdCode=292221&flowCode=M&partnerCode=156,1.0,netWgt=610904.0 kg; isQtyEstimated=False,estimated,observed,month
2025-11-30,2026-01-29,comtrade,un_comtrade,1,mirror.ind.hacid.qty,HS 292221,India (from China),700.943,,t,CIF (importer-reported),export,customs,https://comtradeapi.un.org/public/v1/preview/C/M/HS?reporterCode=699&period=202511&cmdCode=292221&flowCode=M&partnerCode=156,1.0,netWgt=700943.0 kg; isQtyEstimated=False,estimated,observed,month
2025-12-31,2026-03-01,comtrade,un_comtrade,1,mirror.ind.hacid.qty,HS 292221,India (from China),399.472,,t,CIF (importer-reported),export,customs,https://comtradeapi.un.org/public/v1/preview/C/M/HS?reporterCode=699&period=202512&cmdCode=292221&flowCode=M&partnerCode=156,1.0,netWgt=399472.0 kg; isQtyEstimated=False,estimated,observed,month
2026-01-31,2026-04-01,comtrade,un_comtrade,1,mirror.ind.hacid.qty,HS 292221,India (from China),654.146,,t,CIF (importer-reported),export,customs,https://comtradeapi.un.org/public/v1/preview/C/M/HS?reporterCode=699&period=202601&cmdCode=292221&flowCode=M&partnerCode=156,1.0,netWgt=654146.0 kg; isQtyEstimated=False,estimated,observed,month
2026-02-28,2026-04-29,comtrade,un_comtrade,1,mirror.ind.hacid.qty,HS 292221,India (from China),602.224,,t,CIF (importer-reported),export,customs,https://comtradeapi.un.org/public/v1/preview/C/M/HS?reporterCode=699&period=202602&cmdCode=292221&flowCode=M&partnerCode=156,1.0,netWgt=602224.0 kg; isQtyEstimated=False,estimated,observed,month
2026-03-31,2026-05-30,comtrade,un_comtrade,1,mirror.ind.hacid.qty,HS 292221,India (from China),613.109,,t,CIF (importer-reported),export,customs,https://comtradeapi.un.org/public/v1/preview/C/M/HS?reporterCode=699&period=202603&cmdCode=292221&flowCode=M&partnerCode=156,1.0,netWgt=613109.0 kg; isQtyEstimated=False,estimated,observed,month
2026-04-30,2026-06-29,comtrade,un_comtrade,1,mirror.ind.hacid.qty,HS 292221,India (from China),698.663,,t,CIF (importer-reported),export,customs,https://comtradeapi.un.org/public/v1/preview/C/M/HS?reporterCode=699&period=202604&cmdCode=292221&flowCode=M&partnerCode=156,1.0,netWgt=698663.0 kg; isQtyEstimated=False,estimated,observed,month
2026-05-31,2026-07-30,comtrade,un_comtrade,1,mirror.ind.hacid.qty,HS 292221,India (from China),552.356,,t,CIF (importer-reported),export,customs,https://comtradeapi.un.org/public/v1/preview/C/M/HS?reporterCode=699&period=202605&cmdCode=292221&flowCode=M&partnerCode=156,1.0,netWgt=552356.0 kg; isQtyEstimated=False,estimated,observed,month
2026-06-30,2026-08-29,comtrade,un_comtrade,1,mirror.ind.hacid.qty,HS 292221,India (from China),606.052,,t,CIF (importer-reported),export,customs,https://comtradeapi.un.org/public/v1/preview/C/M/HS?reporterCode=699&period=202606&cmdCode=292221&flowCode=M&partnerCode=156,1.0,netWgt=606052.0 kg; isQtyEstimated=False,estimated,observed,month
2026-07-31,2026-09-29,comtrade,un_comtrade,1,mirror.ind.hacid.qty,HS 292221,India (from China),217.123,,t,CIF (importer-reported),export,customs,https://comtradeapi.un.org/public/v1/preview/C/M/HS?reporterCode=699&period=202607&cmdCode=292221&flowCode=M&partnerCode=156,1.0,netWgt=217123.0 kg; isQtyEstimated=False,estimated,observed,month
2023-01-31,2023-04-01,comtrade,un_comtrade,1,mirror.ind.hacid.value,HS 292221,India (from China),5334760.159,USD,USD,CIF (importer-reported),export,customs,https://comtradeapi.un.org/public/v1/preview/C/M/HS?reporterCode=699&period=202301&cmdCode=292221&flowCode=M&partnerCode=156,1.0,cifvalue=5334760.159 USD,estimated,observed,month
2023-02-28,2023-04-29,comtrade,un_comtrade,1,mirror.ind.hacid.value,HS 292221,India (from China),3668362.423,USD,USD,CIF (importer-reported),export,customs,https://comtradeapi.un.org/public/v1/preview/C/M/HS?reporterCode=699&period=202302&cmdCode=292221&flowCode=M&partnerCode=156,1.0,cifvalue=3668362.423 USD,estimated,observed,month
2023-03-31,2023-05-30,comtrade,un_comtrade,1,mirror.ind.hacid.value,HS 292221,India (from China),4238126.849,USD,USD,CIF (importer-reported),export,customs,https://comtradeapi.un.org/public/v1/preview/C/M/HS?reporterCode=699&period=202303&cmdCode=292221&flowCode=M&partnerCode=156,1.0,cifvalue=4238126.849 USD,estimated,observed,month
2023-04-30,2023-06-29,comtrade,un_comtrade,1,mirror.ind.hacid.value,HS 292221,India (from China),3485412.011,USD,USD,CIF (importer-reported),export,customs,https://comtradeapi.un.org/public/v1/preview/C/M/HS?reporterCode=699&period=202304&cmdCode=292221&flowCode=M&partnerCode=156,1.0,cifvalue=3485412.011 USD,estimated,observed,month
2023-05-31,2023-07-30,comtrade,un_comtrade,1,mirror.ind.hacid.value,HS 292221,India (from China),4341026.464,USD,USD,CIF (importer-reported),export,customs,https://comtradeapi.un.org/public/v1/preview/C/M/HS?reporterCode=699&period=202305&cmdCode=292221&flowCode=M&partnerCode=156,1.0,cifvalue=4341026.464 USD,estimated,observed,month
2023-06-30,2023-08-29,comtrade,un_comtrade,1,mirror.ind.hacid.value,HS 292221,India (from China),2765000.617,USD,USD,CIF (importer-reported),export,customs,https://comtradeapi.un.org/public/v1/preview/C/M/HS?reporterCode=699&period=202306&cmdCode=292221&flowCode=M&partnerCode=156,1.0,cifvalue=2765000.617 USD,estimated,observed,month
2023-07-31,2023-09-29,comtrade,un_comtrade,1,mirror.ind.hacid.value,HS 292221,India (from China),4924239.535,USD,USD,CIF (importer-reported),export,customs,https://comtradeapi.un.org/public/v1/preview/C/M/HS?reporterCode=699&period=202307&cmdCode=292221&flowCode=M&partnerCode=156,1.0,cifvalue=4924239.535 USD,estimated,observed,month
2023-08-31,2023-10-30,comtrade,un_comtrade,1,mirror.ind.hacid.value,HS 292221,India (from China),4406643.117,USD,USD,CIF (importer-reported),export,customs,https://comtradeapi.un.org/public/v1/preview/C/M/HS?reporterCode=699&period=202308&cmdCode=292221&flowCode=M&partnerCode=156,1.0,cifvalue=4406643.117 USD,estimated,observed,month
2023-09-30,2023-11-29,comtrade,un_comtrade,1,mirror.ind.hacid.value,HS 292221,India (from China),7048305.013,USD,USD,CIF (importer-reported),export,customs,https://comtradeapi.un.org/public/v1/preview/C/M/HS?reporterCode=699&period=202309&cmdCode=292221&flowCode=M&partnerCode=156,1.0,cifvalue=7048305.013 USD,estimated,observed,month
2023-10-31,2023-12-30,comtrade,un_comtrade,1,mirror.ind.hacid.value,HS 292221,India (from China),10369414.64,USD,USD,CIF (importer-reported),export,customs,https://comtradeapi.un.org/public/v1/preview/C/M/HS?reporterCode=699&period=202310&cmdCode=292221&flowCode=M&partnerCode=156,1.0,cifvalue=10369414.64 USD,estimated,observed,month
2023-11-30,2024-01-29,comtrade,un_comtrade,1,mirror.ind.hacid.value,HS 292221,India (from China),5138829.233,USD,USD,CIF (importer-reported),export,customs,https://comtradeapi.un.org/public/v1/preview/C/M/HS?reporterCode=699&period=202311&cmdCode=292221&flowCode=M&partnerCode=156,1.0,cifvalue=5138829.233 USD,estimated,observed,month
2023-12-31,2024-02-29,comtrade,un_comtrade,1,mirror.ind.hacid.value,HS 292221,India (from China),3852030.135,USD,USD,CIF (importer-reported),export,customs,https://comtradeapi.un.org/public/v1/preview/C/M/HS?reporterCode=699&period=202312&cmdCode=292221&flowCode=M&partnerCode=156,1.0,cifvalue=3852030.135 USD,estimated,observed,month
2024-01-31,2024-03-31,comtrade,un_comtrade,1,mirror.ind.hacid.value,HS 292221,India (from China),1933882.474,USD,USD,CIF (importer-reported),export,customs,https://comtradeapi.un.org/public/v1/preview/C/M/HS?reporterCode=699&period=202401&cmdCode=292221&flowCode=M&partnerCode=156,1.0,cifvalue=1933882.474 USD,estimated,observed,month
2024-02-29,2024-04-29,comtrade,un_comtrade,1,mirror.ind.hacid.value,HS 292221,India (from China),2980627.612,USD,USD,CIF (importer-reported),export,customs,https://comtradeapi.un.org/public/v1/preview/C/M/HS?reporterCode=699&period=202402&cmdCode=292221&flowCode=M&partnerCode=156,1.0,cifvalue=2980627.612 USD,estimated,observed,month
2024-03-31,2024-05-30,comtrade,un_comtrade,1,mirror.ind.hacid.value,HS 292221,India (from China),2548705.445,USD,USD,CIF (importer-reported),export,customs,https://comtradeapi.un.org/public/v1/preview/C/M/HS?reporterCode=699&period=202403&cmdCode=292221&flowCode=M&partnerCode=156,1.0,cifvalue=2548705.445 USD,estimated,observed,month
2024-04-30,2024-06-29,comtrade,un_comtrade,1,mirror.ind.hacid.value,HS 292221,India (from China),3998512.393,USD,USD,CIF (importer-reported),export,customs,https://comtradeapi.un.org/public/v1/preview/C/M/HS?reporterCode=699&period=202404&cmdCode=292221&flowCode=M&partnerCode=156,1.0,cifvalue=3998512.393 USD,estimated,observed,month
2024-05-31,2024-07-30,comtrade,un_comtrade,1,mirror.ind.hacid.value,HS 292221,India (from China),3781468.491,USD,USD,CIF (importer-reported),export,customs,https://comtradeapi.un.org/public/v1/preview/C/M/HS?reporterCode=699&period=202405&cmdCode=292221&flowCode=M&partnerCode=156,1.0,cifvalue=3781468.491 USD,estimated,observed,month
2024-06-30,2024-08-29,comtrade,un_comtrade,1,mirror.ind.hacid.value,HS 292221,India (from China),3374585.243,USD,USD,CIF (importer-reported),export,customs,https://comtradeapi.un.org/public/v1/preview/C/M/HS?reporterCode=699&period=202406&cmdCode=292221&flowCode=M&partnerCode=156,1.0,cifvalue=3374585.243 USD,estimated,observed,month
2024-07-31,2024-09-29,comtrade,un_comtrade,1,mirror.ind.hacid.value,HS 292221,India (from China),6074255.914,USD,USD,CIF (importer-reported),export,customs,https://comtradeapi.un.org/public/v1/preview/C/M/HS?reporterCode=699&period=202407&cmdCode=292221&flowCode=M&partnerCode=156,1.0,cifvalue=6074255.914 USD,estimated,observed,month
2024-08-31,2024-10-30,comtrade,un_comtrade,1,mirror.ind.hacid.value,HS 292221,India (from China),3642802.675,USD,USD,CIF (importer-reported),export,customs,https://comtradeapi.un.org/public/v1/preview/C/M/HS?reporterCode=699&period=202408&cmdCode=292221&flowCode=M&partnerCode=156,1.0,cifvalue=3642802.675 USD,estimated,observed,month
2024-09-30,2024-11-29,comtrade,un_comtrade,1,mirror.ind.hacid.value,HS 292221,India (from China),2504104.06,USD,USD,CIF (importer-reported),export,customs,https://comtradeapi.un.org/public/v1/preview/C/M/HS?reporterCode=699&period=202409&cmdCode=292221&flowCode=M&partnerCode=156,1.0,cifvalue=2504104.06 USD,estimated,observed,month
2024-10-31,2024-12-30,comtrade,un_comtrade,1,mirror.ind.hacid.value,HS 292221,India (from China),5749812.394,USD,USD,CIF (importer-reported),export,customs,https://comtradeapi.un.org/public/v1/preview/C/M/HS?reporterCode=699&period=202410&cmdCode=292221&flowCode=M&partnerCode=156,1.0,cifvalue=5749812.394 USD,estimated,observed,month
2024-11-30,2025-01-29,comtrade,un_comtrade,1,mirror.ind.hacid.value,HS 292221,India (from China),4763164.619,USD,USD,CIF (importer-reported),export,customs,https://comtradeapi.un.org/public/v1/preview/C/M/HS?reporterCode=699&period=202411&cmdCode=292221&flowCode=M&partnerCode=156,1.0,cifvalue=4763164.619 USD,estimated,observed,month
2024-12-31,2025-03-01,comtrade,un_comtrade,1,mirror.ind.hacid.value,HS 292221,India (from China),6305720.58,USD,USD,CIF (importer-reported),export,customs,https://comtradeapi.un.org/public/v1/preview/C/M/HS?reporterCode=699&period=202412&cmdCode=292221&flowCode=M&partnerCode=156,1.0,cifvalue=6305720.58 USD,estimated,observed,month
2025-01-31,2025-04-01,comtrade,un_comtrade,1,mirror.ind.hacid.value,HS 292221,India (from China),5867837.889,USD,USD,CIF (importer-reported),export,customs,https://comtradeapi.un.org/public/v1/preview/C/M/HS?reporterCode=699&period=202501&cmdCode=292221&flowCode=M&partnerCode=156,1.0,cifvalue=5867837.889 USD,estimated,observed,month
2025-02-28,2025-04-29,comtrade,un_comtrade,1,mirror.ind.hacid.value,HS 292221,India (from China),5411531.837,USD,USD,CIF (importer-reported),export,customs,https://comtradeapi.un.org/public/v1/preview/C/M/HS?reporterCode=699&period=202502&cmdCode=292221&flowCode=M&partnerCode=156,1.0,cifvalue=5411531.837 USD,estimated,observed,month
2025-03-31,2025-05-30,comtrade,un_comtrade,1,mirror.ind.hacid.value,HS 292221,India (from China),5657466.347,USD,USD,CIF (importer-reported),export,customs,https://comtradeapi.un.org/public/v1/preview/C/M/HS?reporterCode=699&period=202503&cmdCode=292221&flowCode=M&partnerCode=156,1.0,cifvalue=5657466.347 USD,estimated,observed,month
2025-04-30,2025-06-29,comtrade,un_comtrade,1,mirror.ind.hacid.value,HS 292221,India (from China),8244710.375,USD,USD,CIF (importer-reported),export,customs,https://comtradeapi.un.org/public/v1/preview/C/M/HS?reporterCode=699&period=202504&cmdCode=292221&flowCode=M&partnerCode=156,1.0,cifvalue=8244710.375 USD,estimated,observed,month
2025-05-31,2025-07-30,comtrade,un_comtrade,1,mirror.ind.hacid.value,HS 292221,India (from China),5097387.056,USD,USD,CIF (importer-reported),export,customs,https://comtradeapi.un.org/public/v1/preview/C/M/HS?reporterCode=699&period=202505&cmdCode=292221&flowCode=M&partnerCode=156,1.0,cifvalue=5097387.056 USD,estimated,observed,month
2025-06-30,2025-08-29,comtrade,un_comtrade,1,mirror.ind.hacid.value,HS 292221,India (from China),3558955.813,USD,USD,CIF (importer-reported),export,customs,https://comtradeapi.un.org/public/v1/preview/C/M/HS?reporterCode=699&period=202506&cmdCode=292221&flowCode=M&partnerCode=156,1.0,cifvalue=3558955.813 USD,estimated,observed,month
2025-07-31,2025-09-29,comtrade,un_comtrade,1,mirror.ind.hacid.value,HS 292221,India (from China),3847896.721,USD,USD,CIF (importer-reported),export,customs,https://comtradeapi.un.org/public/v1/preview/C/M/HS?reporterCode=699&period=202507&cmdCode=292221&flowCode=M&partnerCode=156,1.0,cifvalue=3847896.721 USD,estimated,observed,month
2025-08-31,2025-10-30,comtrade,un_comtrade,1,mirror.ind.hacid.value,HS 292221,India (from China),2686622.68,USD,USD,CIF (importer-reported),export,customs,https://comtradeapi.un.org/public/v1/preview/C/M/HS?reporterCode=699&period=202508&cmdCode=292221&flowCode=M&partnerCode=156,1.0,cifvalue=2686622.68 USD,estimated,observed,month
2025-09-30,2025-11-29,comtrade,un_comtrade,1,mirror.ind.hacid.value,HS 292221,India (from China),2879390.672,USD,USD,CIF (importer-reported),export,customs,https://comtradeapi.un.org/public/v1/preview/C/M/HS?reporterCode=699&period=202509&cmdCode=292221&flowCode=M&partnerCode=156,1.0,cifvalue=2879390.672 USD,estimated,observed,month
2025-10-31,2025-12-30,comtrade,un_comtrade,1,mirror.ind.hacid.value,HS 292221,India (from China),3545782.29,USD,USD,CIF (importer-reported),export,customs,https://comtradeapi.un.org/public/v1/preview/C/M/HS?reporterCode=699&period=202510&cmdCode=292221&flowCode=M&partnerCode=156,1.0,cifvalue=3545782.29 USD,estimated,observed,month
2025-11-30,2026-01-29,comtrade,un_comtrade,1,mirror.ind.hacid.value,HS 292221,India (from China),3731445.079,USD,USD,CIF (importer-reported),export,customs,https://comtradeapi.un.org/public/v1/preview/C/M/HS?reporterCode=699&period=202511&cmdCode=292221&flowCode=M&partnerCode=156,1.0,cifvalue=3731445.079 USD,estimated,observed,month
2025-12-31,2026-03-01,comtrade,un_comtrade,1,mirror.ind.hacid.value,HS 292221,India (from China),2177950.363,USD,USD,CIF (importer-reported),export,customs,https://comtradeapi.un.org/public/v1/preview/C/M/HS?reporterCode=699&period=202512&cmdCode=292221&flowCode=M&partnerCode=156,1.0,cifvalue=2177950.363 USD,estimated,observed,month
2026-01-31,2026-04-01,comtrade,un_comtrade,1,mirror.ind.hacid.value,HS 292221,India (from China),4573926.236,USD,USD,CIF (importer-reported),export,customs,https://comtradeapi.un.org/public/v1/preview/C/M/HS?reporterCode=699&period=202601&cmdCode=292221&flowCode=M&partnerCode=156,1.0,cifvalue=4573926.236 USD,estimated,observed,month
2026-02-28,2026-04-29,comtrade,un_comtrade,1,mirror.ind.hacid.value,HS 292221,India (from China),3548464.52,USD,USD,CIF (importer-reported),export,customs,https://comtradeapi.un.org/public/v1/preview/C/M/HS?reporterCode=699&period=202602&cmdCode=292221&flowCode=M&partnerCode=156,1.0,cifvalue=3548464.52 USD,estimated,observed,month
2026-03-31,2026-05-30,comtrade,un_comtrade,1,mirror.ind.hacid.value,HS 292221,India (from China),3340373.033,USD,USD,CIF (importer-reported),export,customs,https://comtradeapi.un.org/public/v1/preview/C/M/HS?reporterCode=699&period=202603&cmdCode=292221&flowCode=M&partnerCode=156,1.0,cifvalue=3340373.033 USD,estimated,observed,month
2026-04-30,2026-06-29,comtrade,un_comtrade,1,mirror.ind.hacid.value,HS 292221,India (from China),4249534.633,USD,USD,CIF (importer-reported),export,customs,https://comtradeapi.un.org/public/v1/preview/C/M/HS?reporterCode=699&period=202604&cmdCode=292221&flowCode=M&partnerCode=156,1.0,cifvalue=4249534.633 USD,estimated,observed,month
2026-05-31,2026-07-30,comtrade,un_comtrade,1,mirror.ind.hacid.value,HS 292221,India (from China),4859104.463,USD,USD,CIF (importer-reported),export,customs,https://comtradeapi.un.org/public/v1/preview/C/M/HS?reporterCode=699&period=202605&cmdCode=292221&flowCode=M&partnerCode=156,1.0,cifvalue=4859104.463 USD,estimated,observed,month
2026-06-30,2026-08-29,comtrade,un_comtrade,1,mirror.ind.hacid.value,HS 292221,India (from China),4791113.422,USD,USD,CIF (importer-reported),export,customs,https://comtradeapi.un.org/public/v1/preview/C/M/HS?reporterCode=699&period=202606&cmdCode=292221&flowCode=M&partnerCode=156,1.0,cifvalue=4791113.422 USD,estimated,observed,month
2026-07-31,2026-09-29,comtrade,un_comtrade,1,mirror.ind.hacid.value,HS 292221,India (from China),2092211.276,USD,USD,CIF (importer-reported),export,customs,https://comtradeapi.un.org/public/v1/preview/C/M/HS?reporterCode=699&period=202607&cmdCode=292221&flowCode=M&partnerCode=156,1.0,cifvalue=2092211.276 USD,estimated,observed,month
2023-01-31,2023-04-01,comtrade,un_comtrade,1,mirror.ind.rdye.qty,HS 320416 reactive dyes,India (from China),30.414,,t,CIF (importer-reported),export,customs,https://comtradeapi.un.org/public/v1/preview/C/M/HS?reporterCode=699&period=202301&cmdCode=320416&flowCode=M&partnerCode=156,1.0,netWgt=30414.0 kg; isQtyEstimated=False,estimated,observed,month
2023-02-28,2023-04-29,comtrade,un_comtrade,1,mirror.ind.rdye.qty,HS 320416 reactive dyes,India (from China),14.37,,t,CIF (importer-reported),export,customs,https://comtradeapi.un.org/public/v1/preview/C/M/HS?reporterCode=699&period=202302&cmdCode=320416&flowCode=M&partnerCode=156,1.0,netWgt=14370.0 kg; isQtyEstimated=False,estimated,observed,month
2023-03-31,2023-05-30,comtrade,un_comtrade,1,mirror.ind.rdye.qty,HS 320416 reactive dyes,India (from China),54.727,,t,CIF (importer-reported),export,customs,https://comtradeapi.un.org/public/v1/preview/C/M/HS?reporterCode=699&period=202303&cmdCode=320416&flowCode=M&partnerCode=156,1.0,netWgt=54727.0 kg; isQtyEstimated=False,estimated,observed,month
2023-04-30,2023-06-29,comtrade,un_comtrade,1,mirror.ind.rdye.qty,HS 320416 reactive dyes,India (from China),30.293,,t,CIF (importer-reported),export,customs,https://comtradeapi.un.org/public/v1/preview/C/M/HS?reporterCode=699&period=202304&cmdCode=320416&flowCode=M&partnerCode=156,1.0,netWgt=30293.0 kg; isQtyEstimated=False,estimated,observed,month
2023-05-31,2023-07-30,comtrade,un_comtrade,1,mirror.ind.rdye.qty,HS 320416 reactive dyes,India (from China),24.441,,t,CIF (importer-reported),export,customs,https://comtradeapi.un.org/public/v1/preview/C/M/HS?reporterCode=699&period=202305&cmdCode=320416&flowCode=M&partnerCode=156,1.0,netWgt=24441.0 kg; isQtyEstimated=False,estimated,observed,month
2023-06-30,2023-08-29,comtrade,un_comtrade,1,mirror.ind.rdye.qty,HS 320416 reactive dyes,India (from China),47.125,,t,CIF (importer-reported),export,customs,https://comtradeapi.un.org/public/v1/preview/C/M/HS?reporterCode=699&period=202306&cmdCode=320416&flowCode=M&partnerCode=156,1.0,netWgt=47125.0 kg; isQtyEstimated=False,estimated,observed,month
2023-07-31,2023-09-29,comtrade,un_comtrade,1,mirror.ind.rdye.qty,HS 320416 reactive dyes,India (from China),36.57,,t,CIF (importer-reported),export,customs,https://comtradeapi.un.org/public/v1/preview/C/M/HS?reporterCode=699&period=202307&cmdCode=320416&flowCode=M&partnerCode=156,1.0,netWgt=36570.0 kg; isQtyEstimated=False,estimated,observed,month
2023-08-31,2023-10-30,comtrade,un_comtrade,1,mirror.ind.rdye.qty,HS 320416 reactive dyes,India (from China),22.458114000000002,,t,CIF (importer-reported),export,customs,https://comtradeapi.un.org/public/v1/preview/C/M/HS?reporterCode=699&period=202308&cmdCode=320416&flowCode=M&partnerCode=156,1.0,netWgt=22458.114 kg; isQtyEstimated=True,estimated,observed,month
2023-09-30,2023-11-29,comtrade,un_comtrade,1,mirror.ind.rdye.qty,HS 320416 reactive dyes,India (from China),65.075,,t,CIF (importer-reported),export,customs,https://comtradeapi.un.org/public/v1/preview/C/M/HS?reporterCode=699&period=202309&cmdCode=320416&flowCode=M&partnerCode=156,1.0,netWgt=65075.0 kg; isQtyEstimated=False,estimated,observed,month
2023-10-31,2023-12-30,comtrade,un_comtrade,1,mirror.ind.rdye.qty,HS 320416 reactive dyes,India (from China),79.25,,t,CIF (importer-reported),export,customs,https://comtradeapi.un.org/public/v1/preview/C/M/HS?reporterCode=699&period=202310&cmdCode=320416&flowCode=M&partnerCode=156,1.0,netWgt=79250.0 kg; isQtyEstimated=False,estimated,observed,month
2023-11-30,2024-01-29,comtrade,un_comtrade,1,mirror.ind.rdye.qty,HS 320416 reactive dyes,India (from China),35.63,,t,CIF (importer-reported),export,customs,https://comtradeapi.un.org/public/v1/preview/C/M/HS?reporterCode=699&period=202311&cmdCode=320416&flowCode=M&partnerCode=156,1.0,netWgt=35630.0 kg; isQtyEstimated=False,estimated,observed,month
2023-12-31,2024-02-29,comtrade,un_comtrade,1,mirror.ind.rdye.qty,HS 320416 reactive dyes,India (from China),29.679,,t,CIF (importer-reported),export,customs,https://comtradeapi.un.org/public/v1/preview/C/M/HS?reporterCode=699&period=202312&cmdCode=320416&flowCode=M&partnerCode=156,1.0,netWgt=29679.0 kg; isQtyEstimated=False,estimated,observed,month
2024-01-31,2024-03-31,comtrade,un_comtrade,1,mirror.ind.rdye.qty,HS 320416 reactive dyes,India (from China),19.7,,t,CIF (importer-reported),export,customs,https://comtradeapi.un.org/public/v1/preview/C/M/HS?reporterCode=699&period=202401&cmdCode=320416&flowCode=M&partnerCode=156,1.0,netWgt=19700.0 kg; isQtyEstimated=False,estimated,observed,month
2024-02-29,2024-04-29,comtrade,un_comtrade,1,mirror.ind.rdye.qty,HS 320416 reactive dyes,India (from China),18.375,,t,CIF (importer-reported),export,customs,https://comtradeapi.un.org/public/v1/preview/C/M/HS?reporterCode=699&period=202402&cmdCode=320416&flowCode=M&partnerCode=156,1.0,netWgt=18375.0 kg; isQtyEstimated=False,estimated,observed,month
2024-03-31,2024-05-30,comtrade,un_comtrade,1,mirror.ind.rdye.qty,HS 320416 reactive dyes,India (from China),33.692,,t,CIF (importer-reported),export,customs,https://comtradeapi.un.org/public/v1/preview/C/M/HS?reporterCode=699&period=202403&cmdCode=320416&flowCode=M&partnerCode=156,1.0,netWgt=33692.0 kg; isQtyEstimated=False,estimated,observed,month
2024-04-30,2024-06-29,comtrade,un_comtrade,1,mirror.ind.rdye.qty,HS 320416 reactive dyes,India (from China),38.375,,t,CIF (importer-reported),export,customs,https://comtradeapi.un.org/public/v1/preview/C/M/HS?reporterCode=699&period=202404&cmdCode=320416&flowCode=M&partnerCode=156,1.0,netWgt=38375.0 kg; isQtyEstimated=False,estimated,observed,month
2024-05-31,2024-07-30,comtrade,un_comtrade,1,mirror.ind.rdye.qty,HS 320416 reactive dyes,India (from China),96.23835799999999,,t,CIF (importer-reported),export,customs,https://comtradeapi.un.org/public/v1/preview/C/M/HS?reporterCode=699&period=202405&cmdCode=320416&flowCode=M&partnerCode=156,1.0,netWgt=96238.358 kg; isQtyEstimated=True,estimated,observed,month
2024-06-30,2024-08-29,comtrade,un_comtrade,1,mirror.ind.rdye.qty,HS 320416 reactive dyes,India (from China),29.737,,t,CIF (importer-reported),export,customs,https://comtradeapi.un.org/public/v1/preview/C/M/HS?reporterCode=699&period=202406&cmdCode=320416&flowCode=M&partnerCode=156,1.0,netWgt=29737.0 kg; isQtyEstimated=False,estimated,observed,month
2024-07-31,2024-09-29,comtrade,un_comtrade,1,mirror.ind.rdye.qty,HS 320416 reactive dyes,India (from China),35.295712,,t,CIF (importer-reported),export,customs,https://comtradeapi.un.org/public/v1/preview/C/M/HS?reporterCode=699&period=202407&cmdCode=320416&flowCode=M&partnerCode=156,1.0,netWgt=35295.712 kg; isQtyEstimated=True,estimated,observed,month
2024-08-31,2024-10-30,comtrade,un_comtrade,1,mirror.ind.rdye.qty,HS 320416 reactive dyes,India (from China),34.676,,t,CIF (importer-reported),export,customs,https://comtradeapi.un.org/public/v1/preview/C/M/HS?reporterCode=699&period=202408&cmdCode=320416&flowCode=M&partnerCode=156,1.0,netWgt=34676.0 kg; isQtyEstimated=False,estimated,observed,month
2024-09-30,2024-11-29,comtrade,un_comtrade,1,mirror.ind.rdye.qty,HS 320416 reactive dyes,India (from China),38.27,,t,CIF (importer-reported),export,customs,https://comtradeapi.un.org/public/v1/preview/C/M/HS?reporterCode=699&period=202409&cmdCode=320416&flowCode=M&partnerCode=156,1.0,netWgt=38270.0 kg; isQtyEstimated=False,estimated,observed,month
2024-10-31,2024-12-30,comtrade,un_comtrade,1,mirror.ind.rdye.qty,HS 320416 reactive dyes,India (from China),56.072,,t,CIF (importer-reported),export,customs,https://comtradeapi.un.org/public/v1/preview/C/M/HS?reporterCode=699&period=202410&cmdCode=320416&flowCode=M&partnerCode=156,1.0,netWgt=56072.0 kg; isQtyEstimated=False,estimated,observed,month
2024-11-30,2025-01-29,comtrade,un_comtrade,1,mirror.ind.rdye.qty,HS 320416 reactive dyes,India (from China),46.31,,t,CIF (importer-reported),export,customs,https://comtradeapi.un.org/public/v1/preview/C/M/HS?reporterCode=699&period=202411&cmdCode=320416&flowCode=M&partnerCode=156,1.0,netWgt=46310.0 kg; isQtyEstimated=False,estimated,observed,month
2024-12-31,2025-03-01,comtrade,un_comtrade,1,mirror.ind.rdye.qty,HS 320416 reactive dyes,India (from China),25.35,,t,CIF (importer-reported),export,customs,https://comtradeapi.un.org/public/v1/preview/C/M/HS?reporterCode=699&period=202412&cmdCode=320416&flowCode=M&partnerCode=156,1.0,netWgt=25350.0 kg; isQtyEstimated=False,estimated,observed,month
2025-01-31,2025-04-01,comtrade,un_comtrade,1,mirror.ind.rdye.qty,HS 320416 reactive dyes,India (from China),38.675,,t,CIF (importer-reported),export,customs,https://comtradeapi.un.org/public/v1/preview/C/M/HS?reporterCode=699&period=202501&cmdCode=320416&flowCode=M&partnerCode=156,1.0,netWgt=38675.0 kg; isQtyEstimated=False,estimated,observed,month
2025-02-28,2025-04-29,comtrade,un_comtrade,1,mirror.ind.rdye.qty,HS 320416 reactive dyes,India (from China),48.93,,t,CIF (importer-reported),export,customs,https://comtradeapi.un.org/public/v1/preview/C/M/HS?reporterCode=699&period=202502&cmdCode=320416&flowCode=M&partnerCode=156,1.0,netWgt=48930.0 kg; isQtyEstimated=False,estimated,observed,month
2025-03-31,2025-05-30,comtrade,un_comtrade,1,mirror.ind.rdye.qty,HS 320416 reactive dyes,India (from China),20.29,,t,CIF (importer-reported),export,customs,https://comtradeapi.un.org/public/v1/preview/C/M/HS?reporterCode=699&period=202503&cmdCode=320416&flowCode=M&partnerCode=156,1.0,netWgt=20290.0 kg; isQtyEstimated=False,estimated,observed,month
2025-04-30,2025-06-29,comtrade,un_comtrade,1,mirror.ind.rdye.qty,HS 320416 reactive dyes,India (from China),18.797,,t,CIF (importer-reported),export,customs,https://comtradeapi.un.org/public/v1/preview/C/M/HS?reporterCode=699&period=202504&cmdCode=320416&flowCode=M&partnerCode=156,1.0,netWgt=18797.0 kg; isQtyEstimated=False,estimated,observed,month
2025-05-31,2025-07-30,comtrade,un_comtrade,1,mirror.ind.rdye.qty,HS 320416 reactive dyes,India (from China),44.935,,t,CIF (importer-reported),export,customs,https://comtradeapi.un.org/public/v1/preview/C/M/HS?reporterCode=699&period=202505&cmdCode=320416&flowCode=M&partnerCode=156,1.0,netWgt=44935.0 kg; isQtyEstimated=False,estimated,observed,month
2025-06-30,2025-08-29,comtrade,un_comtrade,1,mirror.ind.rdye.qty,HS 320416 reactive dyes,India (from China),80.4,,t,CIF (importer-reported),export,customs,https://comtradeapi.un.org/public/v1/preview/C/M/HS?reporterCode=699&period=202506&cmdCode=320416&flowCode=M&partnerCode=156,1.0,netWgt=80400.0 kg; isQtyEstimated=False,estimated,observed,month
2025-07-31,2025-09-29,comtrade,un_comtrade,1,mirror.ind.rdye.qty,HS 320416 reactive dyes,India (from China),52.07,,t,CIF (importer-reported),export,customs,https://comtradeapi.un.org/public/v1/preview/C/M/HS?reporterCode=699&period=202507&cmdCode=320416&flowCode=M&partnerCode=156,1.0,netWgt=52070.0 kg; isQtyEstimated=False,estimated,observed,month
2025-08-31,2025-10-30,comtrade,un_comtrade,1,mirror.ind.rdye.qty,HS 320416 reactive dyes,India (from China),3.335,,t,CIF (importer-reported),export,customs,https://comtradeapi.un.org/public/v1/preview/C/M/HS?reporterCode=699&period=202508&cmdCode=320416&flowCode=M&partnerCode=156,1.0,netWgt=3335.0 kg; isQtyEstimated=False,estimated,observed,month
2025-09-30,2025-11-29,comtrade,un_comtrade,1,mirror.ind.rdye.qty,HS 320416 reactive dyes,India (from China),46.075,,t,CIF (importer-reported),export,customs,https://comtradeapi.un.org/public/v1/preview/C/M/HS?reporterCode=699&period=202509&cmdCode=320416&flowCode=M&partnerCode=156,1.0,netWgt=46075.0 kg; isQtyEstimated=False,estimated,observed,month
2025-10-31,2025-12-30,comtrade,un_comtrade,1,mirror.ind.rdye.qty,HS 320416 reactive dyes,India (from China),17.018,,t,CIF (importer-reported),export,customs,https://comtradeapi.un.org/public/v1/preview/C/M/HS?reporterCode=699&period=202510&cmdCode=320416&flowCode=M&partnerCode=156,1.0,netWgt=17018.0 kg; isQtyEstimated=False,estimated,observed,month
2025-11-30,2026-01-29,comtrade,un_comtrade,1,mirror.ind.rdye.qty,HS 320416 reactive dyes,India (from China),20.39,,t,CIF (importer-reported),export,customs,https://comtradeapi.un.org/public/v1/preview/C/M/HS?reporterCode=699&period=202511&cmdCode=320416&flowCode=M&partnerCode=156,1.0,netWgt=20390.0 kg; isQtyEstimated=False,estimated,observed,month
2025-12-31,2026-03-01,comtrade,un_comtrade,1,mirror.ind.rdye.qty,HS 320416 reactive dyes,India (from China),3.925,,t,CIF (importer-reported),export,customs,https://comtradeapi.un.org/public/v1/preview/C/M/HS?reporterCode=699&period=202512&cmdCode=320416&flowCode=M&partnerCode=156,1.0,netWgt=3925.0 kg; isQtyEstimated=False,estimated,observed,month
2026-01-31,2026-04-01,comtrade,un_comtrade,1,mirror.ind.rdye.qty,HS 320416 reactive dyes,India (from China),25.0,,t,CIF (importer-reported),export,customs,https://comtradeapi.un.org/public/v1/preview/C/M/HS?reporterCode=699&period=202601&cmdCode=320416&flowCode=M&partnerCode=156,1.0,netWgt=25000.0 kg; isQtyEstimated=False,estimated,observed,month
2026-02-28,2026-04-29,comtrade,un_comtrade,1,mirror.ind.rdye.qty,HS 320416 reactive dyes,India (from China),15.367,,t,CIF (importer-reported),export,customs,https://comtradeapi.un.org/public/v1/preview/C/M/HS?reporterCode=699&period=202602&cmdCode=320416&flowCode=M&partnerCode=156,1.0,netWgt=15367.0 kg; isQtyEstimated=False,estimated,observed,month
2026-03-31,2026-05-30,comtrade,un_comtrade,1,mirror.ind.rdye.qty,HS 320416 reactive dyes,India (from China),13.565,,t,CIF (importer-reported),export,customs,https://comtradeapi.un.org/public/v1/preview/C/M/HS?reporterCode=699&period=202603&cmdCode=320416&flowCode=M&partnerCode=156,1.0,netWgt=13565.0 kg; isQtyEstimated=False,estimated,observed,month
2026-04-30,2026-06-29,comtrade,un_comtrade,1,mirror.ind.rdye.qty,HS 320416 reactive dyes,India (from China),35.405,,t,CIF (importer-reported),export,customs,https://comtradeapi.un.org/public/v1/preview/C/M/HS?reporterCode=699&period=202604&cmdCode=320416&flowCode=M&partnerCode=156,1.0,netWgt=35405.0 kg; isQtyEstimated=False,estimated,observed,month
2026-05-31,2026-07-30,comtrade,un_comtrade,1,mirror.ind.rdye.qty,HS 320416 reactive dyes,India (from China),18.164287,,t,CIF (importer-reported),export,customs,https://comtradeapi.un.org/public/v1/preview/C/M/HS?reporterCode=699&period=202605&cmdCode=320416&flowCode=M&partnerCode=156,1.0,netWgt=18164.287 kg; isQtyEstimated=True,estimated,observed,month
2026-06-30,2026-08-29,comtrade,un_comtrade,1,mirror.ind.rdye.qty,HS 320416 reactive dyes,India (from China),11.84,,t,CIF (importer-reported),export,customs,https://comtradeapi.un.org/public/v1/preview/C/M/HS?reporterCode=699&period=202606&cmdCode=320416&flowCode=M&partnerCode=156,1.0,netWgt=11840.0 kg; isQtyEstimated=False,estimated,observed,month
2026-07-31,2026-09-29,comtrade,un_comtrade,1,mirror.ind.rdye.qty,HS 320416 reactive dyes,India (from China),48.541021,,t,CIF (importer-reported),export,customs,https://comtradeapi.un.org/public/v1/preview/C/M/HS?reporterCode=699&period=202607&cmdCode=320416&flowCode=M&partnerCode=156,1.0,netWgt=48541.021 kg; isQtyEstimated=True,estimated,observed,month
2023-01-31,2023-04-01,comtrade,un_comtrade,1,mirror.ind.rdye.value,HS 320416 reactive dyes,India (from China),443209.735,USD,USD,CIF (importer-reported),export,customs,https://comtradeapi.un.org/public/v1/preview/C/M/HS?reporterCode=699&period=202301&cmdCode=320416&flowCode=M&partnerCode=156,1.0,cifvalue=443209.735 USD,estimated,observed,month
2023-02-28,2023-04-29,comtrade,un_comtrade,1,mirror.ind.rdye.value,HS 320416 reactive dyes,India (from China),192404.143,USD,USD,CIF (importer-reported),export,customs,https://comtradeapi.un.org/public/v1/preview/C/M/HS?reporterCode=699&period=202302&cmdCode=320416&flowCode=M&partnerCode=156,1.0,cifvalue=192404.143 USD,estimated,observed,month
2023-03-31,2023-05-30,comtrade,un_comtrade,1,mirror.ind.rdye.value,HS 320416 reactive dyes,India (from China),900157.036,USD,USD,CIF (importer-reported),export,customs,https://comtradeapi.un.org/public/v1/preview/C/M/HS?reporterCode=699&period=202303&cmdCode=320416&flowCode=M&partnerCode=156,1.0,cifvalue=900157.036 USD,estimated,observed,month
2023-04-30,2023-06-29,comtrade,un_comtrade,1,mirror.ind.rdye.value,HS 320416 reactive dyes,India (from China),505257.889,USD,USD,CIF (importer-reported),export,customs,https://comtradeapi.un.org/public/v1/preview/C/M/HS?reporterCode=699&period=202304&cmdCode=320416&flowCode=M&partnerCode=156,1.0,cifvalue=505257.889 USD,estimated,observed,month
2023-05-31,2023-07-30,comtrade,un_comtrade,1,mirror.ind.rdye.value,HS 320416 reactive dyes,India (from China),365558.753,USD,USD,CIF (importer-reported),export,customs,https://comtradeapi.un.org/public/v1/preview/C/M/HS?reporterCode=699&period=202305&cmdCode=320416&flowCode=M&partnerCode=156,1.0,cifvalue=365558.753 USD,estimated,observed,month
2023-06-30,2023-08-29,comtrade,un_comtrade,1,mirror.ind.rdye.value,HS 320416 reactive dyes,India (from China),735973.838,USD,USD,CIF (importer-reported),export,customs,https://comtradeapi.un.org/public/v1/preview/C/M/HS?reporterCode=699&period=202306&cmdCode=320416&flowCode=M&partnerCode=156,1.0,cifvalue=735973.838 USD,estimated,observed,month
2023-07-31,2023-09-29,comtrade,un_comtrade,1,mirror.ind.rdye.value,HS 320416 reactive dyes,India (from China),557754.311,USD,USD,CIF (importer-reported),export,customs,https://comtradeapi.un.org/public/v1/preview/C/M/HS?reporterCode=699&period=202307&cmdCode=320416&flowCode=M&partnerCode=156,1.0,cifvalue=557754.311 USD,estimated,observed,month
2023-08-31,2023-10-30,comtrade,un_comtrade,1,mirror.ind.rdye.value,HS 320416 reactive dyes,India (from China),304783.359,USD,USD,CIF (importer-reported),export,customs,https://comtradeapi.un.org/public/v1/preview/C/M/HS?reporterCode=699&period=202308&cmdCode=320416&flowCode=M&partnerCode=156,1.0,cifvalue=304783.359 USD,estimated,observed,month
2023-09-30,2023-11-29,comtrade,un_comtrade,1,mirror.ind.rdye.value,HS 320416 reactive dyes,India (from China),895589.471,USD,USD,CIF (importer-reported),export,customs,https://comtradeapi.un.org/public/v1/preview/C/M/HS?reporterCode=699&period=202309&cmdCode=320416&flowCode=M&partnerCode=156,1.0,cifvalue=895589.471 USD,estimated,observed,month
2023-10-31,2023-12-30,comtrade,un_comtrade,1,mirror.ind.rdye.value,HS 320416 reactive dyes,India (from China),1120176.522,USD,USD,CIF (importer-reported),export,customs,https://comtradeapi.un.org/public/v1/preview/C/M/HS?reporterCode=699&period=202310&cmdCode=320416&flowCode=M&partnerCode=156,1.0,cifvalue=1120176.522 USD,estimated,observed,month
2023-11-30,2024-01-29,comtrade,un_comtrade,1,mirror.ind.rdye.value,HS 320416 reactive dyes,India (from China),430435.048,USD,USD,CIF (importer-reported),export,customs,https://comtradeapi.un.org/public/v1/preview/C/M/HS?reporterCode=699&period=202311&cmdCode=320416&flowCode=M&partnerCode=156,1.0,cifvalue=430435.048 USD,estimated,observed,month
2023-12-31,2024-02-29,comtrade,un_comtrade,1,mirror.ind.rdye.value,HS 320416 reactive dyes,India (from China),388708.986,USD,USD,CIF (importer-reported),export,customs,https://comtradeapi.un.org/public/v1/preview/C/M/HS?reporterCode=699&period=202312&cmdCode=320416&flowCode=M&partnerCode=156,1.0,cifvalue=388708.986 USD,estimated,observed,month
2024-01-31,2024-03-31,comtrade,un_comtrade,1,mirror.ind.rdye.value,HS 320416 reactive dyes,India (from China),265882.305,USD,USD,CIF (importer-reported),export,customs,https://comtradeapi.un.org/public/v1/preview/C/M/HS?reporterCode=699&period=202401&cmdCode=320416&flowCode=M&partnerCode=156,1.0,cifvalue=265882.305 USD,estimated,observed,month
2024-02-29,2024-04-29,comtrade,un_comtrade,1,mirror.ind.rdye.value,HS 320416 reactive dyes,India (from China),260821.253,USD,USD,CIF (importer-reported),export,customs,https://comtradeapi.un.org/public/v1/preview/C/M/HS?reporterCode=699&period=202402&cmdCode=320416&flowCode=M&partnerCode=156,1.0,cifvalue=260821.253 USD,estimated,observed,month
2024-03-31,2024-05-30,comtrade,un_comtrade,1,mirror.ind.rdye.value,HS 320416 reactive dyes,India (from China),460680.737,USD,USD,CIF (importer-reported),export,customs,https://comtradeapi.un.org/public/v1/preview/C/M/HS?reporterCode=699&period=202403&cmdCode=320416&flowCode=M&partnerCode=156,1.0,cifvalue=460680.737 USD,estimated,observed,month
2024-04-30,2024-06-29,comtrade,un_comtrade,1,mirror.ind.rdye.value,HS 320416 reactive dyes,India (from China),506708.114,USD,USD,CIF (importer-reported),export,customs,https://comtradeapi.un.org/public/v1/preview/C/M/HS?reporterCode=699&period=202404&cmdCode=320416&flowCode=M&partnerCode=156,1.0,cifvalue=506708.114 USD,estimated,observed,month
2024-05-31,2024-07-30,comtrade,un_comtrade,1,mirror.ind.rdye.value,HS 320416 reactive dyes,India (from China),1209371.725,USD,USD,CIF (importer-reported),export,customs,https://comtradeapi.un.org/public/v1/preview/C/M/HS?reporterCode=699&period=202405&cmdCode=320416&flowCode=M&partnerCode=156,1.0,cifvalue=1209371.725 USD,estimated,observed,month
2024-06-30,2024-08-29,comtrade,un_comtrade,1,mirror.ind.rdye.value,HS 320416 reactive dyes,India (from China),358766.593,USD,USD,CIF (importer-reported),export,customs,https://comtradeapi.un.org/public/v1/preview/C/M/HS?reporterCode=699&period=202406&cmdCode=320416&flowCode=M&partnerCode=156,1.0,cifvalue=358766.593 USD,estimated,observed,month
2024-07-31,2024-09-29,comtrade,un_comtrade,1,mirror.ind.rdye.value,HS 320416 reactive dyes,India (from China),507229.835,USD,USD,CIF (importer-reported),export,customs,https://comtradeapi.un.org/public/v1/preview/C/M/HS?reporterCode=699&period=202407&cmdCode=320416&flowCode=M&partnerCode=156,1.0,cifvalue=507229.835 USD,estimated,observed,month
2024-08-31,2024-10-30,comtrade,un_comtrade,1,mirror.ind.rdye.value,HS 320416 reactive dyes,India (from China),411602.947,USD,USD,CIF (importer-reported),export,customs,https://comtradeapi.un.org/public/v1/preview/C/M/HS?reporterCode=699&period=202408&cmdCode=320416&flowCode=M&partnerCode=156,1.0,cifvalue=411602.947 USD,estimated,observed,month
2024-09-30,2024-11-29,comtrade,un_comtrade,1,mirror.ind.rdye.value,HS 320416 reactive dyes,India (from China),505066.809,USD,USD,CIF (importer-reported),export,customs,https://comtradeapi.un.org/public/v1/preview/C/M/HS?reporterCode=699&period=202409&cmdCode=320416&flowCode=M&partnerCode=156,1.0,cifvalue=505066.809 USD,estimated,observed,month
2024-10-31,2024-12-30,comtrade,un_comtrade,1,mirror.ind.rdye.value,HS 320416 reactive dyes,India (from China),658568.599,USD,USD,CIF (importer-reported),export,customs,https://comtradeapi.un.org/public/v1/preview/C/M/HS?reporterCode=699&period=202410&cmdCode=320416&flowCode=M&partnerCode=156,1.0,cifvalue=658568.599 USD,estimated,observed,month
2024-11-30,2025-01-29,comtrade,un_comtrade,1,mirror.ind.rdye.value,HS 320416 reactive dyes,India (from China),598165.773,USD,USD,CIF (importer-reported),export,customs,https://comtradeapi.un.org/public/v1/preview/C/M/HS?reporterCode=699&period=202411&cmdCode=320416&flowCode=M&partnerCode=156,1.0,cifvalue=598165.773 USD,estimated,observed,month
2024-12-31,2025-03-01,comtrade,un_comtrade,1,mirror.ind.rdye.value,HS 320416 reactive dyes,India (from China),320522.986,USD,USD,CIF (importer-reported),export,customs,https://comtradeapi.un.org/public/v1/preview/C/M/HS?reporterCode=699&period=202412&cmdCode=320416&flowCode=M&partnerCode=156,1.0,cifvalue=320522.986 USD,estimated,observed,month
2025-01-31,2025-04-01,comtrade,un_comtrade,1,mirror.ind.rdye.value,HS 320416 reactive dyes,India (from China),481624.181,USD,USD,CIF (importer-reported),export,customs,https://comtradeapi.un.org/public/v1/preview/C/M/HS?reporterCode=699&period=202501&cmdCode=320416&flowCode=M&partnerCode=156,1.0,cifvalue=481624.181 USD,estimated,observed,month
2025-02-28,2025-04-29,comtrade,un_comtrade,1,mirror.ind.rdye.value,HS 320416 reactive dyes,India (from China),573747.104,USD,USD,CIF (importer-reported),export,customs,https://comtradeapi.un.org/public/v1/preview/C/M/HS?reporterCode=699&period=202502&cmdCode=320416&flowCode=M&partnerCode=156,1.0,cifvalue=573747.104 USD,estimated,observed,month
2025-03-31,2025-05-30,comtrade,un_comtrade,1,mirror.ind.rdye.value,HS 320416 reactive dyes,India (from China),263294.92,USD,USD,CIF (importer-reported),export,customs,https://comtradeapi.un.org/public/v1/preview/C/M/HS?reporterCode=699&period=202503&cmdCode=320416&flowCode=M&partnerCode=156,1.0,cifvalue=263294.92 USD,estimated,observed,month
2025-04-30,2025-06-29,comtrade,un_comtrade,1,mirror.ind.rdye.value,HS 320416 reactive dyes,India (from China),265833.396,USD,USD,CIF (importer-reported),export,customs,https://comtradeapi.un.org/public/v1/preview/C/M/HS?reporterCode=699&period=202504&cmdCode=320416&flowCode=M&partnerCode=156,1.0,cifvalue=265833.396 USD,estimated,observed,month
2025-05-31,2025-07-30,comtrade,un_comtrade,1,mirror.ind.rdye.value,HS 320416 reactive dyes,India (from China),850877.389,USD,USD,CIF (importer-reported),export,customs,https://comtradeapi.un.org/public/v1/preview/C/M/HS?reporterCode=699&period=202505&cmdCode=320416&flowCode=M&partnerCode=156,1.0,cifvalue=850877.389 USD,estimated,observed,month
2025-06-30,2025-08-29,comtrade,un_comtrade,1,mirror.ind.rdye.value,HS 320416 reactive dyes,India (from China),633771.79,USD,USD,CIF (importer-reported),export,customs,https://comtradeapi.un.org/public/v1/preview/C/M/HS?reporterCode=699&period=202506&cmdCode=320416&flowCode=M&partnerCode=156,1.0,cifvalue=633771.79 USD,estimated,observed,month
2025-07-31,2025-09-29,comtrade,un_comtrade,1,mirror.ind.rdye.value,HS 320416 reactive dyes,India (from China),1097698.9,USD,USD,CIF (importer-reported),export,customs,https://comtradeapi.un.org/public/v1/preview/C/M/HS?reporterCode=699&period=202507&cmdCode=320416&flowCode=M&partnerCode=156,1.0,cifvalue=1097698.9 USD,estimated,observed,month
2025-08-31,2025-10-30,comtrade,un_comtrade,1,mirror.ind.rdye.value,HS 320416 reactive dyes,India (from China),42520.561,USD,USD,CIF (importer-reported),export,customs,https://comtradeapi.un.org/public/v1/preview/C/M/HS?reporterCode=699&period=202508&cmdCode=320416&flowCode=M&partnerCode=156,1.0,cifvalue=42520.561 USD,estimated,observed,month
2025-09-30,2025-11-29,comtrade,un_comtrade,1,mirror.ind.rdye.value,HS 320416 reactive dyes,India (from China),954655.112,USD,USD,CIF (importer-reported),export,customs,https://comtradeapi.un.org/public/v1/preview/C/M/HS?reporterCode=699&period=202509&cmdCode=320416&flowCode=M&partnerCode=156,1.0,cifvalue=954655.112 USD,estimated,observed,month
2025-10-31,2025-12-30,comtrade,un_comtrade,1,mirror.ind.rdye.value,HS 320416 reactive dyes,India (from China),225739.141,USD,USD,CIF (importer-reported),export,customs,https://comtradeapi.un.org/public/v1/preview/C/M/HS?reporterCode=699&period=202510&cmdCode=320416&flowCode=M&partnerCode=156,1.0,cifvalue=225739.141 USD,estimated,observed,month
2025-11-30,2026-01-29,comtrade,un_comtrade,1,mirror.ind.rdye.value,HS 320416 reactive dyes,India (from China),340738.59,USD,USD,CIF (importer-reported),export,customs,https://comtradeapi.un.org/public/v1/preview/C/M/HS?reporterCode=699&period=202511&cmdCode=320416&flowCode=M&partnerCode=156,1.0,cifvalue=340738.59 USD,estimated,observed,month
2025-12-31,2026-03-01,comtrade,un_comtrade,1,mirror.ind.rdye.value,HS 320416 reactive dyes,India (from China),54670.713,USD,USD,CIF (importer-reported),export,customs,https://comtradeapi.un.org/public/v1/preview/C/M/HS?reporterCode=699&period=202512&cmdCode=320416&flowCode=M&partnerCode=156,1.0,cifvalue=54670.713 USD,estimated,observed,month
2026-01-31,2026-04-01,comtrade,un_comtrade,1,mirror.ind.rdye.value,HS 320416 reactive dyes,India (from China),401755.353,USD,USD,CIF (importer-reported),export,customs,https://comtradeapi.un.org/public/v1/preview/C/M/HS?reporterCode=699&period=202601&cmdCode=320416&flowCode=M&partnerCode=156,1.0,cifvalue=401755.353 USD,estimated,observed,month
2026-02-28,2026-04-29,comtrade,un_comtrade,1,mirror.ind.rdye.value,HS 320416 reactive dyes,India (from China),262669.357,USD,USD,CIF (importer-reported),export,customs,https://comtradeapi.un.org/public/v1/preview/C/M/HS?reporterCode=699&period=202602&cmdCode=320416&flowCode=M&partnerCode=156,1.0,cifvalue=262669.357 USD,estimated,observed,month
2026-03-31,2026-05-30,comtrade,un_comtrade,1,mirror.ind.rdye.value,HS 320416 reactive dyes,India (from China),106158.31,USD,USD,CIF (importer-reported),export,customs,https://comtradeapi.un.org/public/v1/preview/C/M/HS?reporterCode=699&period=202603&cmdCode=320416&flowCode=M&partnerCode=156,1.0,cifvalue=106158.31 USD,estimated,observed,month
2026-04-30,2026-06-29,comtrade,un_comtrade,1,mirror.ind.rdye.value,HS 320416 reactive dyes,India (from China),707062.533,USD,USD,CIF (importer-reported),export,customs,https://comtradeapi.un.org/public/v1/preview/C/M/HS?reporterCode=699&period=202604&cmdCode=320416&flowCode=M&partnerCode=156,1.0,cifvalue=707062.533 USD,estimated,observed,month
2026-05-31,2026-07-30,comtrade,un_comtrade,1,mirror.ind.rdye.value,HS 320416 reactive dyes,India (from China),319661.598,USD,USD,CIF (importer-reported),export,customs,https://comtradeapi.un.org/public/v1/preview/C/M/HS?reporterCode=699&period=202605&cmdCode=320416&flowCode=M&partnerCode=156,1.0,cifvalue=319661.598 USD,estimated,observed,month
2026-06-30,2026-08-29,comtrade,un_comtrade,1,mirror.ind.rdye.value,HS 320416 reactive dyes,India (from China),208642.224,USD,USD,CIF (importer-reported),export,customs,https://comtradeapi.un.org/public/v1/preview/C/M/HS?reporterCode=699&period=202606&cmdCode=320416&flowCode=M&partnerCode=156,1.0,cifvalue=208642.224 USD,estimated,observed,month
2026-07-31,2026-09-29,comtrade,un_comtrade,1,mirror.ind.rdye.value,HS 320416 reactive dyes,India (from China),939934.261,USD,USD,CIF (importer-reported),export,customs,https://comtradeapi.un.org/public/v1/preview/C/M/HS?reporterCode=699&period=202607&cmdCode=320416&flowCode=M&partnerCode=156,1.0,cifvalue=939934.261 USD,estimated,observed,month
2023-01-31,2023-04-01,comtrade,un_comtrade,1,mirror.kor.hacid.qty,HS 292221,Korea (from China),57.1125,,t,CIF (importer-reported),export,customs,https://comtradeapi.un.org/public/v1/preview/C/M/HS?reporterCode=410&period=202301&cmdCode=292221&flowCode=M&partnerCode=156,1.0,netWgt=57112.5 kg; isQtyEstimated=False,estimated,observed,month
2023-02-28,2023-04-29,comtrade,un_comtrade,1,mirror.kor.hacid.qty,HS 292221,Korea (from China),71.1134,,t,CIF (importer-reported),export,customs,https://comtradeapi.un.org/public/v1/preview/C/M/HS?reporterCode=410&period=202302&cmdCode=292221&flowCode=M&partnerCode=156,1.0,netWgt=71113.4 kg; isQtyEstimated=False,estimated,observed,month
2023-03-31,2023-05-30,comtrade,un_comtrade,1,mirror.kor.hacid.qty,HS 292221,Korea (from China),434.226,,t,CIF (importer-reported),export,customs,https://comtradeapi.un.org/public/v1/preview/C/M/HS?reporterCode=410&period=202303&cmdCode=292221&flowCode=M&partnerCode=156,1.0,netWgt=434226.0 kg; isQtyEstimated=False,estimated,observed,month
2023-04-30,2023-06-29,comtrade,un_comtrade,1,mirror.kor.hacid.qty,HS 292221,Korea (from China),417.221,,t,CIF (importer-reported),export,customs,https://comtradeapi.un.org/public/v1/preview/C/M/HS?reporterCode=410&period=202304&cmdCode=292221&flowCode=M&partnerCode=156,1.0,netWgt=417221.0 kg; isQtyEstimated=False,estimated,observed,month
2023-05-31,2023-07-30,comtrade,un_comtrade,1,mirror.kor.hacid.qty,HS 292221,Korea (from China),31.0195,,t,CIF (importer-reported),export,customs,https://comtradeapi.un.org/public/v1/preview/C/M/HS?reporterCode=410&period=202305&cmdCode=292221&flowCode=M&partnerCode=156,1.0,netWgt=31019.5 kg; isQtyEstimated=False,estimated,observed,month
2023-06-30,2023-08-29,comtrade,un_comtrade,1,mirror.kor.hacid.qty,HS 292221,Korea (from China),140.616,,t,CIF (importer-reported),export,customs,https://comtradeapi.un.org/public/v1/preview/C/M/HS?reporterCode=410&period=202306&cmdCode=292221&flowCode=M&partnerCode=156,1.0,netWgt=140616.0 kg; isQtyEstimated=False,estimated,observed,month
2023-07-31,2023-09-29,comtrade,un_comtrade,1,mirror.kor.hacid.qty,HS 292221,Korea (from China),417.256,,t,CIF (importer-reported),export,customs,https://comtradeapi.un.org/public/v1/preview/C/M/HS?reporterCode=410&period=202307&cmdCode=292221&flowCode=M&partnerCode=156,1.0,netWgt=417256.0 kg; isQtyEstimated=False,estimated,observed,month
2023-08-31,2023-10-30,comtrade,un_comtrade,1,mirror.kor.hacid.qty,HS 292221,Korea (from China),298.484,,t,CIF (importer-reported),export,customs,https://comtradeapi.un.org/public/v1/preview/C/M/HS?reporterCode=410&period=202308&cmdCode=292221&flowCode=M&partnerCode=156,1.0,netWgt=298484.0 kg; isQtyEstimated=False,estimated,observed,month
2023-09-30,2023-11-29,comtrade,un_comtrade,1,mirror.kor.hacid.qty,HS 292221,Korea (from China),253.957,,t,CIF (importer-reported),export,customs,https://comtradeapi.un.org/public/v1/preview/C/M/HS?reporterCode=410&period=202309&cmdCode=292221&flowCode=M&partnerCode=156,1.0,netWgt=253957.0 kg; isQtyEstimated=False,estimated,observed,month
2023-10-31,2023-12-30,comtrade,un_comtrade,1,mirror.kor.hacid.qty,HS 292221,Korea (from China),309.218,,t,CIF (importer-reported),export,customs,https://comtradeapi.un.org/public/v1/preview/C/M/HS?reporterCode=410&period=202310&cmdCode=292221&flowCode=M&partnerCode=156,1.0,netWgt=309218.0 kg; isQtyEstimated=False,estimated,observed,month
2023-11-30,2024-01-29,comtrade,un_comtrade,1,mirror.kor.hacid.qty,HS 292221,Korea (from China),381.33,,t,CIF (importer-reported),export,customs,https://comtradeapi.un.org/public/v1/preview/C/M/HS?reporterCode=410&period=202311&cmdCode=292221&flowCode=M&partnerCode=156,1.0,netWgt=381330.0 kg; isQtyEstimated=False,estimated,observed,month
2023-12-31,2024-02-29,comtrade,un_comtrade,1,mirror.kor.hacid.qty,HS 292221,Korea (from China),326.932,,t,CIF (importer-reported),export,customs,https://comtradeapi.un.org/public/v1/preview/C/M/HS?reporterCode=410&period=202312&cmdCode=292221&flowCode=M&partnerCode=156,1.0,netWgt=326932.0 kg; isQtyEstimated=False,estimated,observed,month
2024-01-31,2024-03-31,comtrade,un_comtrade,1,mirror.kor.hacid.qty,HS 292221,Korea (from China),291.2,,t,CIF (importer-reported),export,customs,https://comtradeapi.un.org/public/v1/preview/C/M/HS?reporterCode=410&period=202401&cmdCode=292221&flowCode=M&partnerCode=156,1.0,netWgt=291200.0 kg; isQtyEstimated=False,estimated,observed,month
2024-02-29,2024-04-29,comtrade,un_comtrade,1,mirror.kor.hacid.qty,HS 292221,Korea (from China),183.201,,t,CIF (importer-reported),export,customs,https://comtradeapi.un.org/public/v1/preview/C/M/HS?reporterCode=410&period=202402&cmdCode=292221&flowCode=M&partnerCode=156,1.0,netWgt=183201.0 kg; isQtyEstimated=False,estimated,observed,month
2024-03-31,2024-05-30,comtrade,un_comtrade,1,mirror.kor.hacid.qty,HS 292221,Korea (from China),342.268,,t,CIF (importer-reported),export,customs,https://comtradeapi.un.org/public/v1/preview/C/M/HS?reporterCode=410&period=202403&cmdCode=292221&flowCode=M&partnerCode=156,1.0,netWgt=342268.0 kg; isQtyEstimated=False,estimated,observed,month
2024-04-30,2024-06-29,comtrade,un_comtrade,1,mirror.kor.hacid.qty,HS 292221,Korea (from China),332.718,,t,CIF (importer-reported),export,customs,https://comtradeapi.un.org/public/v1/preview/C/M/HS?reporterCode=410&period=202404&cmdCode=292221&flowCode=M&partnerCode=156,1.0,netWgt=332718.0 kg; isQtyEstimated=False,estimated,observed,month
2024-05-31,2024-07-30,comtrade,un_comtrade,1,mirror.kor.hacid.qty,HS 292221,Korea (from China),366.579,,t,CIF (importer-reported),export,customs,https://comtradeapi.un.org/public/v1/preview/C/M/HS?reporterCode=410&period=202405&cmdCode=292221&flowCode=M&partnerCode=156,1.0,netWgt=366579.0 kg; isQtyEstimated=False,estimated,observed,month
2024-06-30,2024-08-29,comtrade,un_comtrade,1,mirror.kor.hacid.qty,HS 292221,Korea (from China),346.835,,t,CIF (importer-reported),export,customs,https://comtradeapi.un.org/public/v1/preview/C/M/HS?reporterCode=410&period=202406&cmdCode=292221&flowCode=M&partnerCode=156,1.0,netWgt=346835.0 kg; isQtyEstimated=False,estimated,observed,month
2024-07-31,2024-09-29,comtrade,un_comtrade,1,mirror.kor.hacid.qty,HS 292221,Korea (from China),336.06,,t,CIF (importer-reported),export,customs,https://comtradeapi.un.org/public/v1/preview/C/M/HS?reporterCode=410&period=202407&cmdCode=292221&flowCode=M&partnerCode=156,1.0,netWgt=336060.0 kg; isQtyEstimated=False,estimated,observed,month
2024-08-31,2024-10-30,comtrade,un_comtrade,1,mirror.kor.hacid.qty,HS 292221,Korea (from China),399.612,,t,CIF (importer-reported),export,customs,https://comtradeapi.un.org/public/v1/preview/C/M/HS?reporterCode=410&period=202408&cmdCode=292221&flowCode=M&partnerCode=156,1.0,netWgt=399612.0 kg; isQtyEstimated=False,estimated,observed,month
2024-09-30,2024-11-29,comtrade,un_comtrade,1,mirror.kor.hacid.qty,HS 292221,Korea (from China),373.091,,t,CIF (importer-reported),export,customs,https://comtradeapi.un.org/public/v1/preview/C/M/HS?reporterCode=410&period=202409&cmdCode=292221&flowCode=M&partnerCode=156,1.0,netWgt=373091.0 kg; isQtyEstimated=False,estimated,observed,month
2024-10-31,2024-12-30,comtrade,un_comtrade,1,mirror.kor.hacid.qty,HS 292221,Korea (from China),383.476,,t,CIF (importer-reported),export,customs,https://comtradeapi.un.org/public/v1/preview/C/M/HS?reporterCode=410&period=202410&cmdCode=292221&flowCode=M&partnerCode=156,1.0,netWgt=383476.0 kg; isQtyEstimated=False,estimated,observed,month
2024-11-30,2025-01-29,comtrade,un_comtrade,1,mirror.kor.hacid.qty,HS 292221,Korea (from China),340.346,,t,CIF (importer-reported),export,customs,https://comtradeapi.un.org/public/v1/preview/C/M/HS?reporterCode=410&period=202411&cmdCode=292221&flowCode=M&partnerCode=156,1.0,netWgt=340346.0 kg; isQtyEstimated=False,estimated,observed,month
2024-12-31,2025-03-01,comtrade,un_comtrade,1,mirror.kor.hacid.qty,HS 292221,Korea (from China),509.213,,t,CIF (importer-reported),export,customs,https://comtradeapi.un.org/public/v1/preview/C/M/HS?reporterCode=410&period=202412&cmdCode=292221&flowCode=M&partnerCode=156,1.0,netWgt=509213.0 kg; isQtyEstimated=False,estimated,observed,month
2025-01-31,2025-04-01,comtrade,un_comtrade,1,mirror.kor.hacid.qty,HS 292221,Korea (from China),340.73179999999996,,t,CIF (importer-reported),export,customs,https://comtradeapi.un.org/public/v1/preview/C/M/HS?reporterCode=410&period=202501&cmdCode=292221&flowCode=M&partnerCode=156,1.0,netWgt=340731.8 kg; isQtyEstimated=False,estimated,observed,month
2025-02-28,2025-04-29,comtrade,un_comtrade,1,mirror.kor.hacid.qty,HS 292221,Korea (from China),520.681185,,t,CIF (importer-reported),export,customs,https://comtradeapi.un.org/public/v1/preview/C/M/HS?reporterCode=410&period=202502&cmdCode=292221&flowCode=M&partnerCode=156,1.0,netWgt=520681.185 kg; isQtyEstimated=False,estimated,observed,month
2025-03-31,2025-05-30,comtrade,un_comtrade,1,mirror.kor.hacid.qty,HS 292221,Korea (from China),401.112,,t,CIF (importer-reported),export,customs,https://comtradeapi.un.org/public/v1/preview/C/M/HS?reporterCode=410&period=202503&cmdCode=292221&flowCode=M&partnerCode=156,1.0,netWgt=401112.0 kg; isQtyEstimated=False,estimated,observed,month
2025-04-30,2025-06-29,comtrade,un_comtrade,1,mirror.kor.hacid.qty,HS 292221,Korea (from China),419.03479999999996,,t,CIF (importer-reported),export,customs,https://comtradeapi.un.org/public/v1/preview/C/M/HS?reporterCode=410&period=202504&cmdCode=292221&flowCode=M&partnerCode=156,1.0,netWgt=419034.8 kg; isQtyEstimated=False,estimated,observed,month
2025-05-31,2025-07-30,comtrade,un_comtrade,1,mirror.kor.hacid.qty,HS 292221,Korea (from China),433.31248999999997,,t,CIF (importer-reported),export,customs,https://comtradeapi.un.org/public/v1/preview/C/M/HS?reporterCode=410&period=202505&cmdCode=292221&flowCode=M&partnerCode=156,1.0,netWgt=433312.49 kg; isQtyEstimated=False,estimated,observed,month
2025-06-30,2025-08-29,comtrade,un_comtrade,1,mirror.kor.hacid.qty,HS 292221,Korea (from China),438.478,,t,CIF (importer-reported),export,customs,https://comtradeapi.un.org/public/v1/preview/C/M/HS?reporterCode=410&period=202506&cmdCode=292221&flowCode=M&partnerCode=156,1.0,netWgt=438478.0 kg; isQtyEstimated=False,estimated,observed,month
2025-07-31,2025-09-29,comtrade,un_comtrade,1,mirror.kor.hacid.qty,HS 292221,Korea (from China),393.82809999999995,,t,CIF (importer-reported),export,customs,https://comtradeapi.un.org/public/v1/preview/C/M/HS?reporterCode=410&period=202507&cmdCode=292221&flowCode=M&partnerCode=156,1.0,netWgt=393828.1 kg; isQtyEstimated=False,estimated,observed,month
2025-08-31,2025-10-30,comtrade,un_comtrade,1,mirror.kor.hacid.qty,HS 292221,Korea (from China),270.05205,,t,CIF (importer-reported),export,customs,https://comtradeapi.un.org/public/v1/preview/C/M/HS?reporterCode=410&period=202508&cmdCode=292221&flowCode=M&partnerCode=156,1.0,netWgt=270052.05 kg; isQtyEstimated=False,estimated,observed,month
2025-09-30,2025-11-29,comtrade,un_comtrade,1,mirror.kor.hacid.qty,HS 292221,Korea (from China),380.17609999999996,,t,CIF (importer-reported),export,customs,https://comtradeapi.un.org/public/v1/preview/C/M/HS?reporterCode=410&period=202509&cmdCode=292221&flowCode=M&partnerCode=156,1.0,netWgt=380176.1 kg; isQtyEstimated=False,estimated,observed,month
2025-10-31,2025-12-30,comtrade,un_comtrade,1,mirror.kor.hacid.qty,HS 292221,Korea (from China),234.4821,,t,CIF (importer-reported),export,customs,https://comtradeapi.un.org/public/v1/preview/C/M/HS?reporterCode=410&period=202510&cmdCode=292221&flowCode=M&partnerCode=156,1.0,netWgt=234482.1 kg; isQtyEstimated=False,estimated,observed,month
2025-11-30,2026-01-29,comtrade,un_comtrade,1,mirror.kor.hacid.qty,HS 292221,Korea (from China),472.5337,,t,CIF (importer-reported),export,customs,https://comtradeapi.un.org/public/v1/preview/C/M/HS?reporterCode=410&period=202511&cmdCode=292221&flowCode=M&partnerCode=156,1.0,netWgt=472533.7 kg; isQtyEstimated=False,estimated,observed,month
2025-12-31,2026-03-01,comtrade,un_comtrade,1,mirror.kor.hacid.qty,HS 292221,Korea (from China),413.66020000000003,,t,CIF (importer-reported),export,customs,https://comtradeapi.un.org/public/v1/preview/C/M/HS?reporterCode=410&period=202512&cmdCode=292221&flowCode=M&partnerCode=156,1.0,netWgt=413660.2 kg; isQtyEstimated=False,estimated,observed,month
2023-01-31,2023-04-01,comtrade,un_comtrade,1,mirror.kor.hacid.value,HS 292221,Korea (from China),265430.0,USD,USD,CIF (importer-reported),export,customs,https://comtradeapi.un.org/public/v1/preview/C/M/HS?reporterCode=410&period=202301&cmdCode=292221&flowCode=M&partnerCode=156,1.0,cifvalue=265430.0 USD,estimated,observed,month
2023-02-28,2023-04-29,comtrade,un_comtrade,1,mirror.kor.hacid.value,HS 292221,Korea (from China),350088.0,USD,USD,CIF (importer-reported),export,customs,https://comtradeapi.un.org/public/v1/preview/C/M/HS?reporterCode=410&period=202302&cmdCode=292221&flowCode=M&partnerCode=156,1.0,cifvalue=350088.0 USD,estimated,observed,month
2023-03-31,2023-05-30,comtrade,un_comtrade,1,mirror.kor.hacid.value,HS 292221,Korea (from China),2152362.0,USD,USD,CIF (importer-reported),export,customs,https://comtradeapi.un.org/public/v1/preview/C/M/HS?reporterCode=410&period=202303&cmdCode=292221&flowCode=M&partnerCode=156,1.0,cifvalue=2152362.0 USD,estimated,observed,month
2023-04-30,2023-06-29,comtrade,un_comtrade,1,mirror.kor.hacid.value,HS 292221,Korea (from China),2112846.0,USD,USD,CIF (importer-reported),export,customs,https://comtradeapi.un.org/public/v1/preview/C/M/HS?reporterCode=410&period=202304&cmdCode=292221&flowCode=M&partnerCode=156,1.0,cifvalue=2112846.0 USD,estimated,observed,month
2023-05-31,2023-07-30,comtrade,un_comtrade,1,mirror.kor.hacid.value,HS 292221,Korea (from China),175642.0,USD,USD,CIF (importer-reported),export,customs,https://comtradeapi.un.org/public/v1/preview/C/M/HS?reporterCode=410&period=202305&cmdCode=292221&flowCode=M&partnerCode=156,1.0,cifvalue=175642.0 USD,estimated,observed,month
2023-06-30,2023-08-29,comtrade,un_comtrade,1,mirror.kor.hacid.value,HS 292221,Korea (from China),742215.0,USD,USD,CIF (importer-reported),export,customs,https://comtradeapi.un.org/public/v1/preview/C/M/HS?reporterCode=410&period=202306&cmdCode=292221&flowCode=M&partnerCode=156,1.0,cifvalue=742215.0 USD,estimated,observed,month
2023-07-31,2023-09-29,comtrade,un_comtrade,1,mirror.kor.hacid.value,HS 292221,Korea (from China),1973110.0,USD,USD,CIF (importer-reported),export,customs,https://comtradeapi.un.org/public/v1/preview/C/M/HS?reporterCode=410&period=202307&cmdCode=292221&flowCode=M&partnerCode=156,1.0,cifvalue=1973110.0 USD,estimated,observed,month
2023-08-31,2023-10-30,comtrade,un_comtrade,1,mirror.kor.hacid.value,HS 292221,Korea (from China),1587961.0,USD,USD,CIF (importer-reported),export,customs,https://comtradeapi.un.org/public/v1/preview/C/M/HS?reporterCode=410&period=202308&cmdCode=292221&flowCode=M&partnerCode=156,1.0,cifvalue=1587961.0 USD,estimated,observed,month
2023-09-30,2023-11-29,comtrade,un_comtrade,1,mirror.kor.hacid.value,HS 292221,Korea (from China),1201373.0,USD,USD,CIF (importer-reported),export,customs,https://comtradeapi.un.org/public/v1/preview/C/M/HS?reporterCode=410&period=202309&cmdCode=292221&flowCode=M&partnerCode=156,1.0,cifvalue=1201373.0 USD,estimated,observed,month
2023-10-31,2023-12-30,comtrade,un_comtrade,1,mirror.kor.hacid.value,HS 292221,Korea (from China),1457630.0,USD,USD,CIF (importer-reported),export,customs,https://comtradeapi.un.org/public/v1/preview/C/M/HS?reporterCode=410&period=202310&cmdCode=292221&flowCode=M&partnerCode=156,1.0,cifvalue=1457630.0 USD,estimated,observed,month
2023-11-30,2024-01-29,comtrade,un_comtrade,1,mirror.kor.hacid.value,HS 292221,Korea (from China),1859506.0,USD,USD,CIF (importer-reported),export,customs,https://comtradeapi.un.org/public/v1/preview/C/M/HS?reporterCode=410&period=202311&cmdCode=292221&flowCode=M&partnerCode=156,1.0,cifvalue=1859506.0 USD,estimated,observed,month
2023-12-31,2024-02-29,comtrade,un_comtrade,1,mirror.kor.hacid.value,HS 292221,Korea (from China),1558434.0,USD,USD,CIF (importer-reported),export,customs,https://comtradeapi.un.org/public/v1/preview/C/M/HS?reporterCode=410&period=202312&cmdCode=292221&flowCode=M&partnerCode=156,1.0,cifvalue=1558434.0 USD,estimated,observed,month
2024-01-31,2024-03-31,comtrade,un_comtrade,1,mirror.kor.hacid.value,HS 292221,Korea (from China),1494506.0,USD,USD,CIF (importer-reported),export,customs,https://comtradeapi.un.org/public/v1/preview/C/M/HS?reporterCode=410&period=202401&cmdCode=292221&flowCode=M&partnerCode=156,1.0,cifvalue=1494506.0 USD,estimated,observed,month
2024-02-29,2024-04-29,comtrade,un_comtrade,1,mirror.kor.hacid.value,HS 292221,Korea (from China),954109.0,USD,USD,CIF (importer-reported),export,customs,https://comtradeapi.un.org/public/v1/preview/C/M/HS?reporterCode=410&period=202402&cmdCode=292221&flowCode=M&partnerCode=156,1.0,cifvalue=954109.0 USD,estimated,observed,month
2024-03-31,2024-05-30,comtrade,un_comtrade,1,mirror.kor.hacid.value,HS 292221,Korea (from China),1804803.0,USD,USD,CIF (importer-reported),export,customs,https://comtradeapi.un.org/public/v1/preview/C/M/HS?reporterCode=410&period=202403&cmdCode=292221&flowCode=M&partnerCode=156,1.0,cifvalue=1804803.0 USD,estimated,observed,month
2024-04-30,2024-06-29,comtrade,un_comtrade,1,mirror.kor.hacid.value,HS 292221,Korea (from China),1693058.0,USD,USD,CIF (importer-reported),export,customs,https://comtradeapi.un.org/public/v1/preview/C/M/HS?reporterCode=410&period=202404&cmdCode=292221&flowCode=M&partnerCode=156,1.0,cifvalue=1693058.0 USD,estimated,observed,month
2024-05-31,2024-07-30,comtrade,un_comtrade,1,mirror.kor.hacid.value,HS 292221,Korea (from China),1876338.0,USD,USD,CIF (importer-reported),export,customs,https://comtradeapi.un.org/public/v1/preview/C/M/HS?reporterCode=410&period=202405&cmdCode=292221&flowCode=M&partnerCode=156,1.0,cifvalue=1876338.0 USD,estimated,observed,month
2024-06-30,2024-08-29,comtrade,un_comtrade,1,mirror.kor.hacid.value,HS 292221,Korea (from China),1902526.0,USD,USD,CIF (importer-reported),export,customs,https://comtradeapi.un.org/public/v1/preview/C/M/HS?reporterCode=410&period=202406&cmdCode=292221&flowCode=M&partnerCode=156,1.0,cifvalue=1902526.0 USD,estimated,observed,month
2024-07-31,2024-09-29,comtrade,un_comtrade,1,mirror.kor.hacid.value,HS 292221,Korea (from China),1703649.0,USD,USD,CIF (importer-reported),export,customs,https://comtradeapi.un.org/public/v1/preview/C/M/HS?reporterCode=410&period=202407&cmdCode=292221&flowCode=M&partnerCode=156,1.0,cifvalue=1703649.0 USD,estimated,observed,month
2024-08-31,2024-10-30,comtrade,un_comtrade,1,mirror.kor.hacid.value,HS 292221,Korea (from China),1992365.0,USD,USD,CIF (importer-reported),export,customs,https://comtradeapi.un.org/public/v1/preview/C/M/HS?reporterCode=410&period=202408&cmdCode=292221&flowCode=M&partnerCode=156,1.0,cifvalue=1992365.0 USD,estimated,observed,month
2024-09-30,2024-11-29,comtrade,un_comtrade,1,mirror.kor.hacid.value,HS 292221,Korea (from China),1907765.0,USD,USD,CIF (importer-reported),export,customs,https://comtradeapi.un.org/public/v1/preview/C/M/HS?reporterCode=410&period=202409&cmdCode=292221&flowCode=M&partnerCode=156,1.0,cifvalue=1907765.0 USD,estimated,observed,month
2024-10-31,2024-12-30,comtrade,un_comtrade,1,mirror.kor.hacid.value,HS 292221,Korea (from China),2139139.0,USD,USD,CIF (importer-reported),export,customs,https://comtradeapi.un.org/public/v1/preview/C/M/HS?reporterCode=410&period=202410&cmdCode=292221&flowCode=M&partnerCode=156,1.0,cifvalue=2139139.0 USD,estimated,observed,month
2024-11-30,2025-01-29,comtrade,un_comtrade,1,mirror.kor.hacid.value,HS 292221,Korea (from China),1817891.0,USD,USD,CIF (importer-reported),export,customs,https://comtradeapi.un.org/public/v1/preview/C/M/HS?reporterCode=410&period=202411&cmdCode=292221&flowCode=M&partnerCode=156,1.0,cifvalue=1817891.0 USD,estimated,observed,month
2024-12-31,2025-03-01,comtrade,un_comtrade,1,mirror.kor.hacid.value,HS 292221,Korea (from China),2819638.0,USD,USD,CIF (importer-reported),export,customs,https://comtradeapi.un.org/public/v1/preview/C/M/HS?reporterCode=410&period=202412&cmdCode=292221&flowCode=M&partnerCode=156,1.0,cifvalue=2819638.0 USD,estimated,observed,month
2025-01-31,2025-04-01,comtrade,un_comtrade,1,mirror.kor.hacid.value,HS 292221,Korea (from China),1848662.0,USD,USD,CIF (importer-reported),export,customs,https://comtradeapi.un.org/public/v1/preview/C/M/HS?reporterCode=410&period=202501&cmdCode=292221&flowCode=M&partnerCode=156,1.0,cifvalue=1848662.0 USD,estimated,observed,month
2025-02-28,2025-04-29,comtrade,un_comtrade,1,mirror.kor.hacid.value,HS 292221,Korea (from China),2946585.0,USD,USD,CIF (importer-reported),export,customs,https://comtradeapi.un.org/public/v1/preview/C/M/HS?reporterCode=410&period=202502&cmdCode=292221&flowCode=M&partnerCode=156,1.0,cifvalue=2946585.0 USD,estimated,observed,month
2025-03-31,2025-05-30,comtrade,un_comtrade,1,mirror.kor.hacid.value,HS 292221,Korea (from China),2355375.0,USD,USD,CIF (importer-reported),export,customs,https://comtradeapi.un.org/public/v1/preview/C/M/HS?reporterCode=410&period=202503&cmdCode=292221&flowCode=M&partnerCode=156,1.0,cifvalue=2355375.0 USD,estimated,observed,month
2025-04-30,2025-06-29,comtrade,un_comtrade,1,mirror.kor.hacid.value,HS 292221,Korea (from China),2300901.0,USD,USD,CIF (importer-reported),export,customs,https://comtradeapi.un.org/public/v1/preview/C/M/HS?reporterCode=410&period=202504&cmdCode=292221&flowCode=M&partnerCode=156,1.0,cifvalue=2300901.0 USD,estimated,observed,month
2025-05-31,2025-07-30,comtrade,un_comtrade,1,mirror.kor.hacid.value,HS 292221,Korea (from China),2589832.0,USD,USD,CIF (importer-reported),export,customs,https://comtradeapi.un.org/public/v1/preview/C/M/HS?reporterCode=410&period=202505&cmdCode=292221&flowCode=M&partnerCode=156,1.0,cifvalue=2589832.0 USD,estimated,observed,month
2025-06-30,2025-08-29,comtrade,un_comtrade,1,mirror.kor.hacid.value,HS 292221,Korea (from China),2589660.0,USD,USD,CIF (importer-reported),export,customs,https://comtradeapi.un.org/public/v1/preview/C/M/HS?reporterCode=410&period=202506&cmdCode=292221&flowCode=M&partnerCode=156,1.0,cifvalue=2589660.0 USD,estimated,observed,month
2025-07-31,2025-09-29,comtrade,un_comtrade,1,mirror.kor.hacid.value,HS 292221,Korea (from China),2256892.0,USD,USD,CIF (importer-reported),export,customs,https://comtradeapi.un.org/public/v1/preview/C/M/HS?reporterCode=410&period=202507&cmdCode=292221&flowCode=M&partnerCode=156,1.0,cifvalue=2256892.0 USD,estimated,observed,month
2025-08-31,2025-10-30,comtrade,un_comtrade,1,mirror.kor.hacid.value,HS 292221,Korea (from China),1647650.0,USD,USD,CIF (importer-reported),export,customs,https://comtradeapi.un.org/public/v1/preview/C/M/HS?reporterCode=410&period=202508&cmdCode=292221&flowCode=M&partnerCode=156,1.0,cifvalue=1647650.0 USD,estimated,observed,month
2025-09-30,2025-11-29,comtrade,un_comtrade,1,mirror.kor.hacid.value,HS 292221,Korea (from China),2276089.0,USD,USD,CIF (importer-reported),export,customs,https://comtradeapi.un.org/public/v1/preview/C/M/HS?reporterCode=410&period=202509&cmdCode=292221&flowCode=M&partnerCode=156,1.0,cifvalue=2276089.0 USD,estimated,observed,month
2025-10-31,2025-12-30,comtrade,un_comtrade,1,mirror.kor.hacid.value,HS 292221,Korea (from China),1389092.0,USD,USD,CIF (importer-reported),export,customs,https://comtradeapi.un.org/public/v1/preview/C/M/HS?reporterCode=410&period=202510&cmdCode=292221&flowCode=M&partnerCode=156,1.0,cifvalue=1389092.0 USD,estimated,observed,month
2025-11-30,2026-01-29,comtrade,un_comtrade,1,mirror.kor.hacid.value,HS 292221,Korea (from China),2936002.0,USD,USD,CIF (importer-reported),export,customs,https://comtradeapi.un.org/public/v1/preview/C/M/HS?reporterCode=410&period=202511&cmdCode=292221&flowCode=M&partnerCode=156,1.0,cifvalue=2936002.0 USD,estimated,observed,month
2025-12-31,2026-03-01,comtrade,un_comtrade,1,mirror.kor.hacid.value,HS 292221,Korea (from China),2413835.0,USD,USD,CIF (importer-reported),export,customs,https://comtradeapi.un.org/public/v1/preview/C/M/HS?reporterCode=410&period=202512&cmdCode=292221&flowCode=M&partnerCode=156,1.0,cifvalue=2413835.0 USD,estimated,observed,month
2023-01-31,2023-04-01,comtrade,un_comtrade,1,mirror.pak.hacid.qty,HS 292221,Pakistan (from China),21.806,,t,CIF (importer-reported),export,customs,https://comtradeapi.un.org/public/v1/preview/C/M/HS?reporterCode=586&period=202301&cmdCode=292221&flowCode=M&partnerCode=156,1.0,netWgt=21806.0 kg; isQtyEstimated=False,estimated,observed,month
2023-02-28,2023-04-29,comtrade,un_comtrade,1,mirror.pak.hacid.qty,HS 292221,Pakistan (from China),43.047,,t,CIF (importer-reported),export,customs,https://comtradeapi.un.org/public/v1/preview/C/M/HS?reporterCode=586&period=202302&cmdCode=292221&flowCode=M&partnerCode=156,1.0,netWgt=43047.0 kg; isQtyEstimated=False,estimated,observed,month
2023-03-31,2023-05-30,comtrade,un_comtrade,1,mirror.pak.hacid.qty,HS 292221,Pakistan (from China),0.984,,t,CIF (importer-reported),export,customs,https://comtradeapi.un.org/public/v1/preview/C/M/HS?reporterCode=586&period=202303&cmdCode=292221&flowCode=M&partnerCode=156,1.0,netWgt=984.0 kg; isQtyEstimated=False,estimated,observed,month
2023-04-30,2023-06-29,comtrade,un_comtrade,1,mirror.pak.hacid.qty,HS 292221,Pakistan (from China),123.015,,t,CIF (importer-reported),export,customs,https://comtradeapi.un.org/public/v1/preview/C/M/HS?reporterCode=586&period=202304&cmdCode=292221&flowCode=M&partnerCode=156,1.0,netWgt=123015.0 kg; isQtyEstimated=False,estimated,observed,month
2023-05-31,2023-07-30,comtrade,un_comtrade,1,mirror.pak.hacid.qty,HS 292221,Pakistan (from China),63.303,,t,CIF (importer-reported),export,customs,https://comtradeapi.un.org/public/v1/preview/C/M/HS?reporterCode=586&period=202305&cmdCode=292221&flowCode=M&partnerCode=156,1.0,netWgt=63303.0 kg; isQtyEstimated=False,estimated,observed,month
2023-06-30,2023-08-29,comtrade,un_comtrade,1,mirror.pak.hacid.qty,HS 292221,Pakistan (from China),152.677,,t,CIF (importer-reported),export,customs,https://comtradeapi.un.org/public/v1/preview/C/M/HS?reporterCode=586&period=202306&cmdCode=292221&flowCode=M&partnerCode=156,1.0,netWgt=152677.0 kg; isQtyEstimated=False,estimated,observed,month
2023-07-31,2023-09-29,comtrade,un_comtrade,1,mirror.pak.hacid.qty,HS 292221,Pakistan (from China),42.665,,t,CIF (importer-reported),export,customs,https://comtradeapi.un.org/public/v1/preview/C/M/HS?reporterCode=586&period=202307&cmdCode=292221&flowCode=M&partnerCode=156,1.0,netWgt=42665.0 kg; isQtyEstimated=False,estimated,observed,month
2023-08-31,2023-10-30,comtrade,un_comtrade,1,mirror.pak.hacid.qty,HS 292221,Pakistan (from China),212.037,,t,CIF (importer-reported),export,customs,https://comtradeapi.un.org/public/v1/preview/C/M/HS?reporterCode=586&period=202308&cmdCode=292221&flowCode=M&partnerCode=156,1.0,netWgt=212037.0 kg; isQtyEstimated=False,estimated,observed,month
2023-09-30,2023-11-29,comtrade,un_comtrade,1,mirror.pak.hacid.qty,HS 292221,Pakistan (from China),34.2,,t,CIF (importer-reported),export,customs,https://comtradeapi.un.org/public/v1/preview/C/M/HS?reporterCode=586&period=202309&cmdCode=292221&flowCode=M&partnerCode=156,1.0,netWgt=34200.0 kg; isQtyEstimated=False,estimated,observed,month
2023-10-31,2023-12-30,comtrade,un_comtrade,1,mirror.pak.hacid.qty,HS 292221,Pakistan (from China),55.343,,t,CIF (importer-reported),export,customs,https://comtradeapi.un.org/public/v1/preview/C/M/HS?reporterCode=586&period=202310&cmdCode=292221&flowCode=M&partnerCode=156,1.0,netWgt=55343.0 kg; isQtyEstimated=False,estimated,observed,month
2023-11-30,2024-01-29,comtrade,un_comtrade,1,mirror.pak.hacid.qty,HS 292221,Pakistan (from China),70.987,,t,CIF (importer-reported),export,customs,https://comtradeapi.un.org/public/v1/preview/C/M/HS?reporterCode=586&period=202311&cmdCode=292221&flowCode=M&partnerCode=156,1.0,netWgt=70987.0 kg; isQtyEstimated=False,estimated,observed,month
2023-12-31,2024-02-29,comtrade,un_comtrade,1,mirror.pak.hacid.qty,HS 292221,Pakistan (from China),42.774,,t,CIF (importer-reported),export,customs,https://comtradeapi.un.org/public/v1/preview/C/M/HS?reporterCode=586&period=202312&cmdCode=292221&flowCode=M&partnerCode=156,1.0,netWgt=42774.0 kg; isQtyEstimated=False,estimated,observed,month
2024-01-31,2024-03-31,comtrade,un_comtrade,1,mirror.pak.hacid.qty,HS 292221,Pakistan (from China),12.29,,t,CIF (importer-reported),export,customs,https://comtradeapi.un.org/public/v1/preview/C/M/HS?reporterCode=586&period=202401&cmdCode=292221&flowCode=M&partnerCode=156,1.0,netWgt=12290.0 kg; isQtyEstimated=False,estimated,observed,month
2024-02-29,2024-04-29,comtrade,un_comtrade,1,mirror.pak.hacid.qty,HS 292221,Pakistan (from China),16.264,,t,CIF (importer-reported),export,customs,https://comtradeapi.un.org/public/v1/preview/C/M/HS?reporterCode=586&period=202402&cmdCode=292221&flowCode=M&partnerCode=156,1.0,netWgt=16264.0 kg; isQtyEstimated=False,estimated,observed,month
2024-03-31,2024-05-30,comtrade,un_comtrade,1,mirror.pak.hacid.qty,HS 292221,Pakistan (from China),17.475,,t,CIF (importer-reported),export,customs,https://comtradeapi.un.org/public/v1/preview/C/M/HS?reporterCode=586&period=202403&cmdCode=292221&flowCode=M&partnerCode=156,1.0,netWgt=17475.0 kg; isQtyEstimated=False,estimated,observed,month
2024-04-30,2024-06-29,comtrade,un_comtrade,1,mirror.pak.hacid.qty,HS 292221,Pakistan (from China),3.575,,t,CIF (importer-reported),export,customs,https://comtradeapi.un.org/public/v1/preview/C/M/HS?reporterCode=586&period=202404&cmdCode=292221&flowCode=M&partnerCode=156,1.0,netWgt=3575.0 kg; isQtyEstimated=False,estimated,observed,month
2024-05-31,2024-07-30,comtrade,un_comtrade,1,mirror.pak.hacid.qty,HS 292221,Pakistan (from China),15.985,,t,CIF (importer-reported),export,customs,https://comtradeapi.un.org/public/v1/preview/C/M/HS?reporterCode=586&period=202405&cmdCode=292221&flowCode=M&partnerCode=156,1.0,netWgt=15985.0 kg; isQtyEstimated=False,estimated,observed,month
2024-06-30,2024-08-29,comtrade,un_comtrade,1,mirror.pak.hacid.qty,HS 292221,Pakistan (from China),12.075,,t,CIF (importer-reported),export,customs,https://comtradeapi.un.org/public/v1/preview/C/M/HS?reporterCode=586&period=202406&cmdCode=292221&flowCode=M&partnerCode=156,1.0,netWgt=12075.0 kg; isQtyEstimated=False,estimated,observed,month
2024-07-31,2024-09-29,comtrade,un_comtrade,1,mirror.pak.hacid.qty,HS 292221,Pakistan (from China),21.627,,t,CIF (importer-reported),export,customs,https://comtradeapi.un.org/public/v1/preview/C/M/HS?reporterCode=586&period=202407&cmdCode=292221&flowCode=M&partnerCode=156,1.0,netWgt=21627.0 kg; isQtyEstimated=False,estimated,observed,month
2024-08-31,2024-10-30,comtrade,un_comtrade,1,mirror.pak.hacid.qty,HS 292221,Pakistan (from China),1.986,,t,CIF (importer-reported),export,customs,https://comtradeapi.un.org/public/v1/preview/C/M/HS?reporterCode=586&period=202408&cmdCode=292221&flowCode=M&partnerCode=156,1.0,netWgt=1986.0 kg; isQtyEstimated=False,estimated,observed,month
2024-09-30,2024-11-29,comtrade,un_comtrade,1,mirror.pak.hacid.qty,HS 292221,Pakistan (from China),13.745,,t,CIF (importer-reported),export,customs,https://comtradeapi.un.org/public/v1/preview/C/M/HS?reporterCode=586&period=202409&cmdCode=292221&flowCode=M&partnerCode=156,1.0,netWgt=13745.0 kg; isQtyEstimated=False,estimated,observed,month
2024-10-31,2024-12-30,comtrade,un_comtrade,1,mirror.pak.hacid.qty,HS 292221,Pakistan (from China),25.13,,t,CIF (importer-reported),export,customs,https://comtradeapi.un.org/public/v1/preview/C/M/HS?reporterCode=586&period=202410&cmdCode=292221&flowCode=M&partnerCode=156,1.0,netWgt=25130.0 kg; isQtyEstimated=False,estimated,observed,month
2024-11-30,2025-01-29,comtrade,un_comtrade,1,mirror.pak.hacid.qty,HS 292221,Pakistan (from China),27.596,,t,CIF (importer-reported),export,customs,https://comtradeapi.un.org/public/v1/preview/C/M/HS?reporterCode=586&period=202411&cmdCode=292221&flowCode=M&partnerCode=156,1.0,netWgt=27596.0 kg; isQtyEstimated=False,estimated,observed,month
2024-12-31,2025-03-01,comtrade,un_comtrade,1,mirror.pak.hacid.qty,HS 292221,Pakistan (from China),34.63,,t,CIF (importer-reported),export,customs,https://comtradeapi.un.org/public/v1/preview/C/M/HS?reporterCode=586&period=202412&cmdCode=292221&flowCode=M&partnerCode=156,1.0,netWgt=34630.0 kg; isQtyEstimated=False,estimated,observed,month
2025-01-31,2025-04-01,comtrade,un_comtrade,1,mirror.pak.hacid.qty,HS 292221,Pakistan (from China),51.809,,t,CIF (importer-reported),export,customs,https://comtradeapi.un.org/public/v1/preview/C/M/HS?reporterCode=586&period=202501&cmdCode=292221&flowCode=M&partnerCode=156,1.0,netWgt=51809.0 kg; isQtyEstimated=False,estimated,observed,month
2025-02-28,2025-04-29,comtrade,un_comtrade,1,mirror.pak.hacid.qty,HS 292221,Pakistan (from China),16.275,,t,CIF (importer-reported),export,customs,https://comtradeapi.un.org/public/v1/preview/C/M/HS?reporterCode=586&period=202502&cmdCode=292221&flowCode=M&partnerCode=156,1.0,netWgt=16275.0 kg; isQtyEstimated=False,estimated,observed,month
2025-03-31,2025-05-30,comtrade,un_comtrade,1,mirror.pak.hacid.qty,HS 292221,Pakistan (from China),4.5,,t,CIF (importer-reported),export,customs,https://comtradeapi.un.org/public/v1/preview/C/M/HS?reporterCode=586&period=202503&cmdCode=292221&flowCode=M&partnerCode=156,1.0,netWgt=4500.0 kg; isQtyEstimated=False,estimated,observed,month
2025-04-30,2025-06-29,comtrade,un_comtrade,1,mirror.pak.hacid.qty,HS 292221,Pakistan (from China),9.38,,t,CIF (importer-reported),export,customs,https://comtradeapi.un.org/public/v1/preview/C/M/HS?reporterCode=586&period=202504&cmdCode=292221&flowCode=M&partnerCode=156,1.0,netWgt=9380.0 kg; isQtyEstimated=False,estimated,observed,month
2025-05-31,2025-07-30,comtrade,un_comtrade,1,mirror.pak.hacid.qty,HS 292221,Pakistan (from China),54.055,,t,CIF (importer-reported),export,customs,https://comtradeapi.un.org/public/v1/preview/C/M/HS?reporterCode=586&period=202505&cmdCode=292221&flowCode=M&partnerCode=156,1.0,netWgt=54055.0 kg; isQtyEstimated=False,estimated,observed,month
2025-06-30,2025-08-29,comtrade,un_comtrade,1,mirror.pak.hacid.qty,HS 292221,Pakistan (from China),30.734,,t,CIF (importer-reported),export,customs,https://comtradeapi.un.org/public/v1/preview/C/M/HS?reporterCode=586&period=202506&cmdCode=292221&flowCode=M&partnerCode=156,1.0,netWgt=30734.0 kg; isQtyEstimated=False,estimated,observed,month
2025-07-31,2025-09-29,comtrade,un_comtrade,1,mirror.pak.hacid.qty,HS 292221,Pakistan (from China),103.817,,t,CIF (importer-reported),export,customs,https://comtradeapi.un.org/public/v1/preview/C/M/HS?reporterCode=586&period=202507&cmdCode=292221&flowCode=M&partnerCode=156,1.0,netWgt=103817.0 kg; isQtyEstimated=False,estimated,observed,month
2025-08-31,2025-10-30,comtrade,un_comtrade,1,mirror.pak.hacid.qty,HS 292221,Pakistan (from China),38.381,,t,CIF (importer-reported),export,customs,https://comtradeapi.un.org/public/v1/preview/C/M/HS?reporterCode=586&period=202508&cmdCode=292221&flowCode=M&partnerCode=156,1.0,netWgt=38381.0 kg; isQtyEstimated=False,estimated,observed,month
2025-09-30,2025-11-29,comtrade,un_comtrade,1,mirror.pak.hacid.qty,HS 292221,Pakistan (from China),93.102,,t,CIF (importer-reported),export,customs,https://comtradeapi.un.org/public/v1/preview/C/M/HS?reporterCode=586&period=202509&cmdCode=292221&flowCode=M&partnerCode=156,1.0,netWgt=93102.0 kg; isQtyEstimated=False,estimated,observed,month
2025-10-31,2025-12-30,comtrade,un_comtrade,1,mirror.pak.hacid.qty,HS 292221,Pakistan (from China),10.075,,t,CIF (importer-reported),export,customs,https://comtradeapi.un.org/public/v1/preview/C/M/HS?reporterCode=586&period=202510&cmdCode=292221&flowCode=M&partnerCode=156,1.0,netWgt=10075.0 kg; isQtyEstimated=False,estimated,observed,month
2025-11-30,2026-01-29,comtrade,un_comtrade,1,mirror.pak.hacid.qty,HS 292221,Pakistan (from China),91.877,,t,CIF (importer-reported),export,customs,https://comtradeapi.un.org/public/v1/preview/C/M/HS?reporterCode=586&period=202511&cmdCode=292221&flowCode=M&partnerCode=156,1.0,netWgt=91877.0 kg; isQtyEstimated=False,estimated,observed,month
2025-12-31,2026-03-01,comtrade,un_comtrade,1,mirror.pak.hacid.qty,HS 292221,Pakistan (from China),126.013,,t,CIF (importer-reported),export,customs,https://comtradeapi.un.org/public/v1/preview/C/M/HS?reporterCode=586&period=202512&cmdCode=292221&flowCode=M&partnerCode=156,1.0,netWgt=126013.0 kg; isQtyEstimated=False,estimated,observed,month
2026-01-31,2026-04-01,comtrade,un_comtrade,1,mirror.pak.hacid.qty,HS 292221,Pakistan (from China),123.281,,t,CIF (importer-reported),export,customs,https://comtradeapi.un.org/public/v1/preview/C/M/HS?reporterCode=586&period=202601&cmdCode=292221&flowCode=M&partnerCode=156,1.0,netWgt=123281.0 kg; isQtyEstimated=False,estimated,observed,month
2023-01-31,2023-04-01,comtrade,un_comtrade,1,mirror.pak.hacid.value,HS 292221,Pakistan (from China),104840.132,USD,USD,CIF (importer-reported),export,customs,https://comtradeapi.un.org/public/v1/preview/C/M/HS?reporterCode=586&period=202301&cmdCode=292221&flowCode=M&partnerCode=156,1.0,cifvalue=104840.132 USD,estimated,observed,month
2023-02-28,2023-04-29,comtrade,un_comtrade,1,mirror.pak.hacid.value,HS 292221,Pakistan (from China),191986.458,USD,USD,CIF (importer-reported),export,customs,https://comtradeapi.un.org/public/v1/preview/C/M/HS?reporterCode=586&period=202302&cmdCode=292221&flowCode=M&partnerCode=156,1.0,cifvalue=191986.458 USD,estimated,observed,month
2023-03-31,2023-05-30,comtrade,un_comtrade,1,mirror.pak.hacid.value,HS 292221,Pakistan (from China),4030.047,USD,USD,CIF (importer-reported),export,customs,https://comtradeapi.un.org/public/v1/preview/C/M/HS?reporterCode=586&period=202303&cmdCode=292221&flowCode=M&partnerCode=156,1.0,cifvalue=4030.047 USD,estimated,observed,month
2023-04-30,2023-06-29,comtrade,un_comtrade,1,mirror.pak.hacid.value,HS 292221,Pakistan (from China),544420.578,USD,USD,CIF (importer-reported),export,customs,https://comtradeapi.un.org/public/v1/preview/C/M/HS?reporterCode=586&period=202304&cmdCode=292221&flowCode=M&partnerCode=156,1.0,cifvalue=544420.578 USD,estimated,observed,month
2023-05-31,2023-07-30,comtrade,un_comtrade,1,mirror.pak.hacid.value,HS 292221,Pakistan (from China),265796.378,USD,USD,CIF (importer-reported),export,customs,https://comtradeapi.un.org/public/v1/preview/C/M/HS?reporterCode=586&period=202305&cmdCode=292221&flowCode=M&partnerCode=156,1.0,cifvalue=265796.378 USD,estimated,observed,month
2023-06-30,2023-08-29,comtrade,un_comtrade,1,mirror.pak.hacid.value,HS 292221,Pakistan (from China),690962.04,USD,USD,CIF (importer-reported),export,customs,https://comtradeapi.un.org/public/v1/preview/C/M/HS?reporterCode=586&period=202306&cmdCode=292221&flowCode=M&partnerCode=156,1.0,cifvalue=690962.04 USD,estimated,observed,month
2023-07-31,2023-09-29,comtrade,un_comtrade,1,mirror.pak.hacid.value,HS 292221,Pakistan (from China),209050.209,USD,USD,CIF (importer-reported),export,customs,https://comtradeapi.un.org/public/v1/preview/C/M/HS?reporterCode=586&period=202307&cmdCode=292221&flowCode=M&partnerCode=156,1.0,cifvalue=209050.209 USD,estimated,observed,month
2023-08-31,2023-10-30,comtrade,un_comtrade,1,mirror.pak.hacid.value,HS 292221,Pakistan (from China),1139167.871,USD,USD,CIF (importer-reported),export,customs,https://comtradeapi.un.org/public/v1/preview/C/M/HS?reporterCode=586&period=202308&cmdCode=292221&flowCode=M&partnerCode=156,1.0,cifvalue=1139167.871 USD,estimated,observed,month
2023-09-30,2023-11-29,comtrade,un_comtrade,1,mirror.pak.hacid.value,HS 292221,Pakistan (from China),178800.137,USD,USD,CIF (importer-reported),export,customs,https://comtradeapi.un.org/public/v1/preview/C/M/HS?reporterCode=586&period=202309&cmdCode=292221&flowCode=M&partnerCode=156,1.0,cifvalue=178800.137 USD,estimated,observed,month
2023-10-31,2023-12-30,comtrade,un_comtrade,1,mirror.pak.hacid.value,HS 292221,Pakistan (from China),219878.292,USD,USD,CIF (importer-reported),export,customs,https://comtradeapi.un.org/public/v1/preview/C/M/HS?reporterCode=586&period=202310&cmdCode=292221&flowCode=M&partnerCode=156,1.0,cifvalue=219878.292 USD,estimated,observed,month
2023-11-30,2024-01-29,comtrade,un_comtrade,1,mirror.pak.hacid.value,HS 292221,Pakistan (from China),304051.152,USD,USD,CIF (importer-reported),export,customs,https://comtradeapi.un.org/public/v1/preview/C/M/HS?reporterCode=586&period=202311&cmdCode=292221&flowCode=M&partnerCode=156,1.0,cifvalue=304051.152 USD,estimated,observed,month
2023-12-31,2024-02-29,comtrade,un_comtrade,1,mirror.pak.hacid.value,HS 292221,Pakistan (from China),189069.194,USD,USD,CIF (importer-reported),export,customs,https://comtradeapi.un.org/public/v1/preview/C/M/HS?reporterCode=586&period=202312&cmdCode=292221&flowCode=M&partnerCode=156,1.0,cifvalue=189069.194 USD,estimated,observed,month
2024-01-31,2024-03-31,comtrade,un_comtrade,1,mirror.pak.hacid.value,HS 292221,Pakistan (from China),108875.611,USD,USD,CIF (importer-reported),export,customs,https://comtradeapi.un.org/public/v1/preview/C/M/HS?reporterCode=586&period=202401&cmdCode=292221&flowCode=M&partnerCode=156,1.0,cifvalue=108875.611 USD,estimated,observed,month
2024-02-29,2024-04-29,comtrade,un_comtrade,1,mirror.pak.hacid.value,HS 292221,Pakistan (from China),85442.064,USD,USD,CIF (importer-reported),export,customs,https://comtradeapi.un.org/public/v1/preview/C/M/HS?reporterCode=586&period=202402&cmdCode=292221&flowCode=M&partnerCode=156,1.0,cifvalue=85442.064 USD,estimated,observed,month
2024-03-31,2024-05-30,comtrade,un_comtrade,1,mirror.pak.hacid.value,HS 292221,Pakistan (from China),31670.508,USD,USD,CIF (importer-reported),export,customs,https://comtradeapi.un.org/public/v1/preview/C/M/HS?reporterCode=586&period=202403&cmdCode=292221&flowCode=M&partnerCode=156,1.0,cifvalue=31670.508 USD,estimated,observed,month
2024-04-30,2024-06-29,comtrade,un_comtrade,1,mirror.pak.hacid.value,HS 292221,Pakistan (from China),16845.822,USD,USD,CIF (importer-reported),export,customs,https://comtradeapi.un.org/public/v1/preview/C/M/HS?reporterCode=586&period=202404&cmdCode=292221&flowCode=M&partnerCode=156,1.0,cifvalue=16845.822 USD,estimated,observed,month
2024-05-31,2024-07-30,comtrade,un_comtrade,1,mirror.pak.hacid.value,HS 292221,Pakistan (from China),75367.595,USD,USD,CIF (importer-reported),export,customs,https://comtradeapi.un.org/public/v1/preview/C/M/HS?reporterCode=586&period=202405&cmdCode=292221&flowCode=M&partnerCode=156,1.0,cifvalue=75367.595 USD,estimated,observed,month
2024-06-30,2024-08-29,comtrade,un_comtrade,1,mirror.pak.hacid.value,HS 292221,Pakistan (from China),58548.16,USD,USD,CIF (importer-reported),export,customs,https://comtradeapi.un.org/public/v1/preview/C/M/HS?reporterCode=586&period=202406&cmdCode=292221&flowCode=M&partnerCode=156,1.0,cifvalue=58548.16 USD,estimated,observed,month
2024-07-31,2024-09-29,comtrade,un_comtrade,1,mirror.pak.hacid.value,HS 292221,Pakistan (from China),192987.44,USD,USD,CIF (importer-reported),export,customs,https://comtradeapi.un.org/public/v1/preview/C/M/HS?reporterCode=586&period=202407&cmdCode=292221&flowCode=M&partnerCode=156,1.0,cifvalue=192987.44 USD,estimated,observed,month
2024-08-31,2024-10-30,comtrade,un_comtrade,1,mirror.pak.hacid.value,HS 292221,Pakistan (from China),17715.695,USD,USD,CIF (importer-reported),export,customs,https://comtradeapi.un.org/public/v1/preview/C/M/HS?reporterCode=586&period=202408&cmdCode=292221&flowCode=M&partnerCode=156,1.0,cifvalue=17715.695 USD,estimated,observed,month
2024-09-30,2024-11-29,comtrade,un_comtrade,1,mirror.pak.hacid.value,HS 292221,Pakistan (from China),84931.104,USD,USD,CIF (importer-reported),export,customs,https://comtradeapi.un.org/public/v1/preview/C/M/HS?reporterCode=586&period=202409&cmdCode=292221&flowCode=M&partnerCode=156,1.0,cifvalue=84931.104 USD,estimated,observed,month
2024-10-31,2024-12-30,comtrade,un_comtrade,1,mirror.pak.hacid.value,HS 292221,Pakistan (from China),123014.532,USD,USD,CIF (importer-reported),export,customs,https://comtradeapi.un.org/public/v1/preview/C/M/HS?reporterCode=586&period=202410&cmdCode=292221&flowCode=M&partnerCode=156,1.0,cifvalue=123014.532 USD,estimated,observed,month
2024-11-30,2025-01-29,comtrade,un_comtrade,1,mirror.pak.hacid.value,HS 292221,Pakistan (from China),175562.859,USD,USD,CIF (importer-reported),export,customs,https://comtradeapi.un.org/public/v1/preview/C/M/HS?reporterCode=586&period=202411&cmdCode=292221&flowCode=M&partnerCode=156,1.0,cifvalue=175562.859 USD,estimated,observed,month
2024-12-31,2025-03-01,comtrade,un_comtrade,1,mirror.pak.hacid.value,HS 292221,Pakistan (from China),198103.972,USD,USD,CIF (importer-reported),export,customs,https://comtradeapi.un.org/public/v1/preview/C/M/HS?reporterCode=586&period=202412&cmdCode=292221&flowCode=M&partnerCode=156,1.0,cifvalue=198103.972 USD,estimated,observed,month
2025-01-31,2025-04-01,comtrade,un_comtrade,1,mirror.pak.hacid.value,HS 292221,Pakistan (from China),314199.406,USD,USD,CIF (importer-reported),export,customs,https://comtradeapi.un.org/public/v1/preview/C/M/HS?reporterCode=586&period=202501&cmdCode=292221&flowCode=M&partnerCode=156,1.0,cifvalue=314199.406 USD,estimated,observed,month
2025-02-28,2025-04-29,comtrade,un_comtrade,1,mirror.pak.hacid.value,HS 292221,Pakistan (from China),137808.993,USD,USD,CIF (importer-reported),export,customs,https://comtradeapi.un.org/public/v1/preview/C/M/HS?reporterCode=586&period=202502&cmdCode=292221&flowCode=M&partnerCode=156,1.0,cifvalue=137808.993 USD,estimated,observed,month
2025-03-31,2025-05-30,comtrade,un_comtrade,1,mirror.pak.hacid.value,HS 292221,Pakistan (from China),20210.243,USD,USD,CIF (importer-reported),export,customs,https://comtradeapi.un.org/public/v1/preview/C/M/HS?reporterCode=586&period=202503&cmdCode=292221&flowCode=M&partnerCode=156,1.0,cifvalue=20210.243 USD,estimated,observed,month
2025-04-30,2025-06-29,comtrade,un_comtrade,1,mirror.pak.hacid.value,HS 292221,Pakistan (from China),41185.015,USD,USD,CIF (importer-reported),export,customs,https://comtradeapi.un.org/public/v1/preview/C/M/HS?reporterCode=586&period=202504&cmdCode=292221&flowCode=M&partnerCode=156,1.0,cifvalue=41185.015 USD,estimated,observed,month
2025-05-31,2025-07-30,comtrade,un_comtrade,1,mirror.pak.hacid.value,HS 292221,Pakistan (from China),325694.87,USD,USD,CIF (importer-reported),export,customs,https://comtradeapi.un.org/public/v1/preview/C/M/HS?reporterCode=586&period=202505&cmdCode=292221&flowCode=M&partnerCode=156,1.0,cifvalue=325694.87 USD,estimated,observed,month
2025-06-30,2025-08-29,comtrade,un_comtrade,1,mirror.pak.hacid.value,HS 292221,Pakistan (from China),205843.045,USD,USD,CIF (importer-reported),export,customs,https://comtradeapi.un.org/public/v1/preview/C/M/HS?reporterCode=586&period=202506&cmdCode=292221&flowCode=M&partnerCode=156,1.0,cifvalue=205843.045 USD,estimated,observed,month
2025-07-31,2025-09-29,comtrade,un_comtrade,1,mirror.pak.hacid.value,HS 292221,Pakistan (from China),647707.83,USD,USD,CIF (importer-reported),export,customs,https://comtradeapi.un.org/public/v1/preview/C/M/HS?reporterCode=586&period=202507&cmdCode=292221&flowCode=M&partnerCode=156,1.0,cifvalue=647707.83 USD,estimated,observed,month
2025-08-31,2025-10-30,comtrade,un_comtrade,1,mirror.pak.hacid.value,HS 292221,Pakistan (from China),220420.231,USD,USD,CIF (importer-reported),export,customs,https://comtradeapi.un.org/public/v1/preview/C/M/HS?reporterCode=586&period=202508&cmdCode=292221&flowCode=M&partnerCode=156,1.0,cifvalue=220420.231 USD,estimated,observed,month
2025-09-30,2025-11-29,comtrade,un_comtrade,1,mirror.pak.hacid.value,HS 292221,Pakistan (from China),571257.306,USD,USD,CIF (importer-reported),export,customs,https://comtradeapi.un.org/public/v1/preview/C/M/HS?reporterCode=586&period=202509&cmdCode=292221&flowCode=M&partnerCode=156,1.0,cifvalue=571257.306 USD,estimated,observed,month
2025-10-31,2025-12-30,comtrade,un_comtrade,1,mirror.pak.hacid.value,HS 292221,Pakistan (from China),62455.778,USD,USD,CIF (importer-reported),export,customs,https://comtradeapi.un.org/public/v1/preview/C/M/HS?reporterCode=586&period=202510&cmdCode=292221&flowCode=M&partnerCode=156,1.0,cifvalue=62455.778 USD,estimated,observed,month
2025-11-30,2026-01-29,comtrade,un_comtrade,1,mirror.pak.hacid.value,HS 292221,Pakistan (from China),507551.797,USD,USD,CIF (importer-reported),export,customs,https://comtradeapi.un.org/public/v1/preview/C/M/HS?reporterCode=586&period=202511&cmdCode=292221&flowCode=M&partnerCode=156,1.0,cifvalue=507551.797 USD,estimated,observed,month
2025-12-31,2026-03-01,comtrade,un_comtrade,1,mirror.pak.hacid.value,HS 292221,Pakistan (from China),710033.253,USD,USD,CIF (importer-reported),export,customs,https://comtradeapi.un.org/public/v1/preview/C/M/HS?reporterCode=586&period=202512&cmdCode=292221&flowCode=M&partnerCode=156,1.0,cifvalue=710033.253 USD,estimated,observed,month
2026-01-31,2026-04-01,comtrade,un_comtrade,1,mirror.pak.hacid.value,HS 292221,Pakistan (from China),672328.605,USD,USD,CIF (importer-reported),export,customs,https://comtradeapi.un.org/public/v1/preview/C/M/HS?reporterCode=586&period=202601&cmdCode=292221&flowCode=M&partnerCode=156,1.0,cifvalue=672328.605 USD,estimated,observed,month
2023-01-31,2023-04-01,comtrade,un_comtrade,1,mirror.pak.rdye.qty,HS 320416 reactive dyes,Pakistan (from China),444.955,,t,CIF (importer-reported),export,customs,https://comtradeapi.un.org/public/v1/preview/C/M/HS?reporterCode=586&period=202301&cmdCode=320416&flowCode=M&partnerCode=156,1.0,netWgt=444955.0 kg; isQtyEstimated=False,estimated,observed,month
2023-02-28,2023-04-29,comtrade,un_comtrade,1,mirror.pak.rdye.qty,HS 320416 reactive dyes,Pakistan (from China),650.301,,t,CIF (importer-reported),export,customs,https://comtradeapi.un.org/public/v1/preview/C/M/HS?reporterCode=586&period=202302&cmdCode=320416&flowCode=M&partnerCode=156,1.0,netWgt=650301.0 kg; isQtyEstimated=False,estimated,observed,month
2023-03-31,2023-05-30,comtrade,un_comtrade,1,mirror.pak.rdye.qty,HS 320416 reactive dyes,Pakistan (from China),499.921,,t,CIF (importer-reported),export,customs,https://comtradeapi.un.org/public/v1/preview/C/M/HS?reporterCode=586&period=202303&cmdCode=320416&flowCode=M&partnerCode=156,1.0,netWgt=499921.0 kg; isQtyEstimated=False,estimated,observed,month
2023-04-30,2023-06-29,comtrade,un_comtrade,1,mirror.pak.rdye.qty,HS 320416 reactive dyes,Pakistan (from China),510.64,,t,CIF (importer-reported),export,customs,https://comtradeapi.un.org/public/v1/preview/C/M/HS?reporterCode=586&period=202304&cmdCode=320416&flowCode=M&partnerCode=156,1.0,netWgt=510640.0 kg; isQtyEstimated=False,estimated,observed,month
2023-05-31,2023-07-30,comtrade,un_comtrade,1,mirror.pak.rdye.qty,HS 320416 reactive dyes,Pakistan (from China),783.731,,t,CIF (importer-reported),export,customs,https://comtradeapi.un.org/public/v1/preview/C/M/HS?reporterCode=586&period=202305&cmdCode=320416&flowCode=M&partnerCode=156,1.0,netWgt=783731.0 kg; isQtyEstimated=False,estimated,observed,month
2023-06-30,2023-08-29,comtrade,un_comtrade,1,mirror.pak.rdye.qty,HS 320416 reactive dyes,Pakistan (from China),455.84,,t,CIF (importer-reported),export,customs,https://comtradeapi.un.org/public/v1/preview/C/M/HS?reporterCode=586&period=202306&cmdCode=320416&flowCode=M&partnerCode=156,1.0,netWgt=455840.0 kg; isQtyEstimated=False,estimated,observed,month
2023-07-31,2023-09-29,comtrade,un_comtrade,1,mirror.pak.rdye.qty,HS 320416 reactive dyes,Pakistan (from China),1035.532,,t,CIF (importer-reported),export,customs,https://comtradeapi.un.org/public/v1/preview/C/M/HS?reporterCode=586&period=202307&cmdCode=320416&flowCode=M&partnerCode=156,1.0,netWgt=1035532.0 kg; isQtyEstimated=False,estimated,observed,month
2023-08-31,2023-10-30,comtrade,un_comtrade,1,mirror.pak.rdye.qty,HS 320416 reactive dyes,Pakistan (from China),669.079,,t,CIF (importer-reported),export,customs,https://comtradeapi.un.org/public/v1/preview/C/M/HS?reporterCode=586&period=202308&cmdCode=320416&flowCode=M&partnerCode=156,1.0,netWgt=669079.0 kg; isQtyEstimated=False,estimated,observed,month
2023-09-30,2023-11-29,comtrade,un_comtrade,1,mirror.pak.rdye.qty,HS 320416 reactive dyes,Pakistan (from China),590.56,,t,CIF (importer-reported),export,customs,https://comtradeapi.un.org/public/v1/preview/C/M/HS?reporterCode=586&period=202309&cmdCode=320416&flowCode=M&partnerCode=156,1.0,netWgt=590560.0 kg; isQtyEstimated=False,estimated,observed,month
2023-10-31,2023-12-30,comtrade,un_comtrade,1,mirror.pak.rdye.qty,HS 320416 reactive dyes,Pakistan (from China),696.071,,t,CIF (importer-reported),export,customs,https://comtradeapi.un.org/public/v1/preview/C/M/HS?reporterCode=586&period=202310&cmdCode=320416&flowCode=M&partnerCode=156,1.0,netWgt=696071.0 kg; isQtyEstimated=False,estimated,observed,month
2023-11-30,2024-01-29,comtrade,un_comtrade,1,mirror.pak.rdye.qty,HS 320416 reactive dyes,Pakistan (from China),859.418,,t,CIF (importer-reported),export,customs,https://comtradeapi.un.org/public/v1/preview/C/M/HS?reporterCode=586&period=202311&cmdCode=320416&flowCode=M&partnerCode=156,1.0,netWgt=859418.0 kg; isQtyEstimated=False,estimated,observed,month
2023-12-31,2024-02-29,comtrade,un_comtrade,1,mirror.pak.rdye.qty,HS 320416 reactive dyes,Pakistan (from China),843.905,,t,CIF (importer-reported),export,customs,https://comtradeapi.un.org/public/v1/preview/C/M/HS?reporterCode=586&period=202312&cmdCode=320416&flowCode=M&partnerCode=156,1.0,netWgt=843905.0 kg; isQtyEstimated=False,estimated,observed,month
2024-01-31,2024-03-31,comtrade,un_comtrade,1,mirror.pak.rdye.qty,HS 320416 reactive dyes,Pakistan (from China),615.22,,t,CIF (importer-reported),export,customs,https://comtradeapi.un.org/public/v1/preview/C/M/HS?reporterCode=586&period=202401&cmdCode=320416&flowCode=M&partnerCode=156,1.0,netWgt=615220.0 kg; isQtyEstimated=False,estimated,observed,month
2024-02-29,2024-04-29,comtrade,un_comtrade,1,mirror.pak.rdye.qty,HS 320416 reactive dyes,Pakistan (from China),648.686,,t,CIF (importer-reported),export,customs,https://comtradeapi.un.org/public/v1/preview/C/M/HS?reporterCode=586&period=202402&cmdCode=320416&flowCode=M&partnerCode=156,1.0,netWgt=648686.0 kg; isQtyEstimated=False,estimated,observed,month
2024-03-31,2024-05-30,comtrade,un_comtrade,1,mirror.pak.rdye.qty,HS 320416 reactive dyes,Pakistan (from China),726.028,,t,CIF (importer-reported),export,customs,https://comtradeapi.un.org/public/v1/preview/C/M/HS?reporterCode=586&period=202403&cmdCode=320416&flowCode=M&partnerCode=156,1.0,netWgt=726028.0 kg; isQtyEstimated=False,estimated,observed,month
2024-04-30,2024-06-29,comtrade,un_comtrade,1,mirror.pak.rdye.qty,HS 320416 reactive dyes,Pakistan (from China),636.174,,t,CIF (importer-reported),export,customs,https://comtradeapi.un.org/public/v1/preview/C/M/HS?reporterCode=586&period=202404&cmdCode=320416&flowCode=M&partnerCode=156,1.0,netWgt=636174.0 kg; isQtyEstimated=False,estimated,observed,month
2024-05-31,2024-07-30,comtrade,un_comtrade,1,mirror.pak.rdye.qty,HS 320416 reactive dyes,Pakistan (from China),657.138,,t,CIF (importer-reported),export,customs,https://comtradeapi.un.org/public/v1/preview/C/M/HS?reporterCode=586&period=202405&cmdCode=320416&flowCode=M&partnerCode=156,1.0,netWgt=657138.0 kg; isQtyEstimated=False,estimated,observed,month
2024-06-30,2024-08-29,comtrade,un_comtrade,1,mirror.pak.rdye.qty,HS 320416 reactive dyes,Pakistan (from China),779.95,,t,CIF (importer-reported),export,customs,https://comtradeapi.un.org/public/v1/preview/C/M/HS?reporterCode=586&period=202406&cmdCode=320416&flowCode=M&partnerCode=156,1.0,netWgt=779950.0 kg; isQtyEstimated=False,estimated,observed,month
2024-07-31,2024-09-29,comtrade,un_comtrade,1,mirror.pak.rdye.qty,HS 320416 reactive dyes,Pakistan (from China),1029.005,,t,CIF (importer-reported),export,customs,https://comtradeapi.un.org/public/v1/preview/C/M/HS?reporterCode=586&period=202407&cmdCode=320416&flowCode=M&partnerCode=156,1.0,netWgt=1029005.0 kg; isQtyEstimated=False,estimated,observed,month
2024-08-31,2024-10-30,comtrade,un_comtrade,1,mirror.pak.rdye.qty,HS 320416 reactive dyes,Pakistan (from China),875.792,,t,CIF (importer-reported),export,customs,https://comtradeapi.un.org/public/v1/preview/C/M/HS?reporterCode=586&period=202408&cmdCode=320416&flowCode=M&partnerCode=156,1.0,netWgt=875792.0 kg; isQtyEstimated=False,estimated,observed,month
2024-09-30,2024-11-29,comtrade,un_comtrade,1,mirror.pak.rdye.qty,HS 320416 reactive dyes,Pakistan (from China),769.816,,t,CIF (importer-reported),export,customs,https://comtradeapi.un.org/public/v1/preview/C/M/HS?reporterCode=586&period=202409&cmdCode=320416&flowCode=M&partnerCode=156,1.0,netWgt=769816.0 kg; isQtyEstimated=False,estimated,observed,month
2024-10-31,2024-12-30,comtrade,un_comtrade,1,mirror.pak.rdye.qty,HS 320416 reactive dyes,Pakistan (from China),803.124,,t,CIF (importer-reported),export,customs,https://comtradeapi.un.org/public/v1/preview/C/M/HS?reporterCode=586&period=202410&cmdCode=320416&flowCode=M&partnerCode=156,1.0,netWgt=803124.0 kg; isQtyEstimated=False,estimated,observed,month
2024-11-30,2025-01-29,comtrade,un_comtrade,1,mirror.pak.rdye.qty,HS 320416 reactive dyes,Pakistan (from China),603.978,,t,CIF (importer-reported),export,customs,https://comtradeapi.un.org/public/v1/preview/C/M/HS?reporterCode=586&period=202411&cmdCode=320416&flowCode=M&partnerCode=156,1.0,netWgt=603978.0 kg; isQtyEstimated=False,estimated,observed,month
2024-12-31,2025-03-01,comtrade,un_comtrade,1,mirror.pak.rdye.qty,HS 320416 reactive dyes,Pakistan (from China),756.927,,t,CIF (importer-reported),export,customs,https://comtradeapi.un.org/public/v1/preview/C/M/HS?reporterCode=586&period=202412&cmdCode=320416&flowCode=M&partnerCode=156,1.0,netWgt=756927.0 kg; isQtyEstimated=False,estimated,observed,month
2025-01-31,2025-04-01,comtrade,un_comtrade,1,mirror.pak.rdye.qty,HS 320416 reactive dyes,Pakistan (from China),1047.685,,t,CIF (importer-reported),export,customs,https://comtradeapi.un.org/public/v1/preview/C/M/HS?reporterCode=586&period=202501&cmdCode=320416&flowCode=M&partnerCode=156,1.0,netWgt=1047685.0 kg; isQtyEstimated=False,estimated,observed,month
2025-02-28,2025-04-29,comtrade,un_comtrade,1,mirror.pak.rdye.qty,HS 320416 reactive dyes,Pakistan (from China),580.98,,t,CIF (importer-reported),export,customs,https://comtradeapi.un.org/public/v1/preview/C/M/HS?reporterCode=586&period=202502&cmdCode=320416&flowCode=M&partnerCode=156,1.0,netWgt=580980.0 kg; isQtyEstimated=False,estimated,observed,month
2025-03-31,2025-05-30,comtrade,un_comtrade,1,mirror.pak.rdye.qty,HS 320416 reactive dyes,Pakistan (from China),583.01,,t,CIF (importer-reported),export,customs,https://comtradeapi.un.org/public/v1/preview/C/M/HS?reporterCode=586&period=202503&cmdCode=320416&flowCode=M&partnerCode=156,1.0,netWgt=583010.0 kg; isQtyEstimated=False,estimated,observed,month
2025-04-30,2025-06-29,comtrade,un_comtrade,1,mirror.pak.rdye.qty,HS 320416 reactive dyes,Pakistan (from China),703.797,,t,CIF (importer-reported),export,customs,https://comtradeapi.un.org/public/v1/preview/C/M/HS?reporterCode=586&period=202504&cmdCode=320416&flowCode=M&partnerCode=156,1.0,netWgt=703797.0 kg; isQtyEstimated=False,estimated,observed,month
2025-05-31,2025-07-30,comtrade,un_comtrade,1,mirror.pak.rdye.qty,HS 320416 reactive dyes,Pakistan (from China),733.909,,t,CIF (importer-reported),export,customs,https://comtradeapi.un.org/public/v1/preview/C/M/HS?reporterCode=586&period=202505&cmdCode=320416&flowCode=M&partnerCode=156,1.0,netWgt=733909.0 kg; isQtyEstimated=False,estimated,observed,month
2025-06-30,2025-08-29,comtrade,un_comtrade,1,mirror.pak.rdye.qty,HS 320416 reactive dyes,Pakistan (from China),632.658,,t,CIF (importer-reported),export,customs,https://comtradeapi.un.org/public/v1/preview/C/M/HS?reporterCode=586&period=202506&cmdCode=320416&flowCode=M&partnerCode=156,1.0,netWgt=632658.0 kg; isQtyEstimated=False,estimated,observed,month
2025-07-31,2025-09-29,comtrade,un_comtrade,1,mirror.pak.rdye.qty,HS 320416 reactive dyes,Pakistan (from China),1679.632,,t,CIF (importer-reported),export,customs,https://comtradeapi.un.org/public/v1/preview/C/M/HS?reporterCode=586&period=202507&cmdCode=320416&flowCode=M&partnerCode=156,1.0,netWgt=1679632.0 kg; isQtyEstimated=False,estimated,observed,month
2025-08-31,2025-10-30,comtrade,un_comtrade,1,mirror.pak.rdye.qty,HS 320416 reactive dyes,Pakistan (from China),957.202,,t,CIF (importer-reported),export,customs,https://comtradeapi.un.org/public/v1/preview/C/M/HS?reporterCode=586&period=202508&cmdCode=320416&flowCode=M&partnerCode=156,1.0,netWgt=957202.0 kg; isQtyEstimated=False,estimated,observed,month
2025-09-30,2025-11-29,comtrade,un_comtrade,1,mirror.pak.rdye.qty,HS 320416 reactive dyes,Pakistan (from China),1184.042,,t,CIF (importer-reported),export,customs,https://comtradeapi.un.org/public/v1/preview/C/M/HS?reporterCode=586&period=202509&cmdCode=320416&flowCode=M&partnerCode=156,1.0,netWgt=1184042.0 kg; isQtyEstimated=False,estimated,observed,month
2025-10-31,2025-12-30,comtrade,un_comtrade,1,mirror.pak.rdye.qty,HS 320416 reactive dyes,Pakistan (from China),1116.65,,t,CIF (importer-reported),export,customs,https://comtradeapi.un.org/public/v1/preview/C/M/HS?reporterCode=586&period=202510&cmdCode=320416&flowCode=M&partnerCode=156,1.0,netWgt=1116650.0 kg; isQtyEstimated=False,estimated,observed,month
2025-11-30,2026-01-29,comtrade,un_comtrade,1,mirror.pak.rdye.qty,HS 320416 reactive dyes,Pakistan (from China),1056.199,,t,CIF (importer-reported),export,customs,https://comtradeapi.un.org/public/v1/preview/C/M/HS?reporterCode=586&period=202511&cmdCode=320416&flowCode=M&partnerCode=156,1.0,netWgt=1056199.0 kg; isQtyEstimated=False,estimated,observed,month
2025-12-31,2026-03-01,comtrade,un_comtrade,1,mirror.pak.rdye.qty,HS 320416 reactive dyes,Pakistan (from China),1052.071,,t,CIF (importer-reported),export,customs,https://comtradeapi.un.org/public/v1/preview/C/M/HS?reporterCode=586&period=202512&cmdCode=320416&flowCode=M&partnerCode=156,1.0,netWgt=1052071.0 kg; isQtyEstimated=False,estimated,observed,month
2026-01-31,2026-04-01,comtrade,un_comtrade,1,mirror.pak.rdye.qty,HS 320416 reactive dyes,Pakistan (from China),927.93,,t,CIF (importer-reported),export,customs,https://comtradeapi.un.org/public/v1/preview/C/M/HS?reporterCode=586&period=202601&cmdCode=320416&flowCode=M&partnerCode=156,1.0,netWgt=927930.0 kg; isQtyEstimated=False,estimated,observed,month
2023-01-31,2023-04-01,comtrade,un_comtrade,1,mirror.pak.rdye.value,HS 320416 reactive dyes,Pakistan (from China),1334849.434,USD,USD,CIF (importer-reported),export,customs,https://comtradeapi.un.org/public/v1/preview/C/M/HS?reporterCode=586&period=202301&cmdCode=320416&flowCode=M&partnerCode=156,1.0,cifvalue=1334849.434 USD,estimated,observed,month
2023-02-28,2023-04-29,comtrade,un_comtrade,1,mirror.pak.rdye.value,HS 320416 reactive dyes,Pakistan (from China),1947918.39,USD,USD,CIF (importer-reported),export,customs,https://comtradeapi.un.org/public/v1/preview/C/M/HS?reporterCode=586&period=202302&cmdCode=320416&flowCode=M&partnerCode=156,1.0,cifvalue=1947918.39 USD,estimated,observed,month
2023-03-31,2023-05-30,comtrade,un_comtrade,1,mirror.pak.rdye.value,HS 320416 reactive dyes,Pakistan (from China),1512906.09,USD,USD,CIF (importer-reported),export,customs,https://comtradeapi.un.org/public/v1/preview/C/M/HS?reporterCode=586&period=202303&cmdCode=320416&flowCode=M&partnerCode=156,1.0,cifvalue=1512906.09 USD,estimated,observed,month
2023-04-30,2023-06-29,comtrade,un_comtrade,1,mirror.pak.rdye.value,HS 320416 reactive dyes,Pakistan (from China),1634020.574,USD,USD,CIF (importer-reported),export,customs,https://comtradeapi.un.org/public/v1/preview/C/M/HS?reporterCode=586&period=202304&cmdCode=320416&flowCode=M&partnerCode=156,1.0,cifvalue=1634020.574 USD,estimated,observed,month
2023-05-31,2023-07-30,comtrade,un_comtrade,1,mirror.pak.rdye.value,HS 320416 reactive dyes,Pakistan (from China),2378812.977,USD,USD,CIF (importer-reported),export,customs,https://comtradeapi.un.org/public/v1/preview/C/M/HS?reporterCode=586&period=202305&cmdCode=320416&flowCode=M&partnerCode=156,1.0,cifvalue=2378812.977 USD,estimated,observed,month
2023-06-30,2023-08-29,comtrade,un_comtrade,1,mirror.pak.rdye.value,HS 320416 reactive dyes,Pakistan (from China),1428868.142,USD,USD,CIF (importer-reported),export,customs,https://comtradeapi.un.org/public/v1/preview/C/M/HS?reporterCode=586&period=202306&cmdCode=320416&flowCode=M&partnerCode=156,1.0,cifvalue=1428868.142 USD,estimated,observed,month
2023-07-31,2023-09-29,comtrade,un_comtrade,1,mirror.pak.rdye.value,HS 320416 reactive dyes,Pakistan (from China),3348677.694,USD,USD,CIF (importer-reported),export,customs,https://comtradeapi.un.org/public/v1/preview/C/M/HS?reporterCode=586&period=202307&cmdCode=320416&flowCode=M&partnerCode=156,1.0,cifvalue=3348677.694 USD,estimated,observed,month
2023-08-31,2023-10-30,comtrade,un_comtrade,1,mirror.pak.rdye.value,HS 320416 reactive dyes,Pakistan (from China),2118993.317,USD,USD,CIF (importer-reported),export,customs,https://comtradeapi.un.org/public/v1/preview/C/M/HS?reporterCode=586&period=202308&cmdCode=320416&flowCode=M&partnerCode=156,1.0,cifvalue=2118993.317 USD,estimated,observed,month
2023-09-30,2023-11-29,comtrade,un_comtrade,1,mirror.pak.rdye.value,HS 320416 reactive dyes,Pakistan (from China),2052681.414,USD,USD,CIF (importer-reported),export,customs,https://comtradeapi.un.org/public/v1/preview/C/M/HS?reporterCode=586&period=202309&cmdCode=320416&flowCode=M&partnerCode=156,1.0,cifvalue=2052681.414 USD,estimated,observed,month
2023-10-31,2023-12-30,comtrade,un_comtrade,1,mirror.pak.rdye.value,HS 320416 reactive dyes,Pakistan (from China),2397532.436,USD,USD,CIF (importer-reported),export,customs,https://comtradeapi.un.org/public/v1/preview/C/M/HS?reporterCode=586&period=202310&cmdCode=320416&flowCode=M&partnerCode=156,1.0,cifvalue=2397532.436 USD,estimated,observed,month
2023-11-30,2024-01-29,comtrade,un_comtrade,1,mirror.pak.rdye.value,HS 320416 reactive dyes,Pakistan (from China),2672964.482,USD,USD,CIF (importer-reported),export,customs,https://comtradeapi.un.org/public/v1/preview/C/M/HS?reporterCode=586&period=202311&cmdCode=320416&flowCode=M&partnerCode=156,1.0,cifvalue=2672964.482 USD,estimated,observed,month
2023-12-31,2024-02-29,comtrade,un_comtrade,1,mirror.pak.rdye.value,HS 320416 reactive dyes,Pakistan (from China),2721744.203,USD,USD,CIF (importer-reported),export,customs,https://comtradeapi.un.org/public/v1/preview/C/M/HS?reporterCode=586&period=202312&cmdCode=320416&flowCode=M&partnerCode=156,1.0,cifvalue=2721744.203 USD,estimated,observed,month
2024-01-31,2024-03-31,comtrade,un_comtrade,1,mirror.pak.rdye.value,HS 320416 reactive dyes,Pakistan (from China),2074891.762,USD,USD,CIF (importer-reported),export,customs,https://comtradeapi.un.org/public/v1/preview/C/M/HS?reporterCode=586&period=202401&cmdCode=320416&flowCode=M&partnerCode=156,1.0,cifvalue=2074891.762 USD,estimated,observed,month
2024-02-29,2024-04-29,comtrade,un_comtrade,1,mirror.pak.rdye.value,HS 320416 reactive dyes,Pakistan (from China),2096158.787,USD,USD,CIF (importer-reported),export,customs,https://comtradeapi.un.org/public/v1/preview/C/M/HS?reporterCode=586&period=202402&cmdCode=320416&flowCode=M&partnerCode=156,1.0,cifvalue=2096158.787 USD,estimated,observed,month
2024-03-31,2024-05-30,comtrade,un_comtrade,1,mirror.pak.rdye.value,HS 320416 reactive dyes,Pakistan (from China),2197051.412,USD,USD,CIF (importer-reported),export,customs,https://comtradeapi.un.org/public/v1/preview/C/M/HS?reporterCode=586&period=202403&cmdCode=320416&flowCode=M&partnerCode=156,1.0,cifvalue=2197051.412 USD,estimated,observed,month
2024-04-30,2024-06-29,comtrade,un_comtrade,1,mirror.pak.rdye.value,HS 320416 reactive dyes,Pakistan (from China),1883676.121,USD,USD,CIF (importer-reported),export,customs,https://comtradeapi.un.org/public/v1/preview/C/M/HS?reporterCode=586&period=202404&cmdCode=320416&flowCode=M&partnerCode=156,1.0,cifvalue=1883676.121 USD,estimated,observed,month
2024-05-31,2024-07-30,comtrade,un_comtrade,1,mirror.pak.rdye.value,HS 320416 reactive dyes,Pakistan (from China),1964360.758,USD,USD,CIF (importer-reported),export,customs,https://comtradeapi.un.org/public/v1/preview/C/M/HS?reporterCode=586&period=202405&cmdCode=320416&flowCode=M&partnerCode=156,1.0,cifvalue=1964360.758 USD,estimated,observed,month
2024-06-30,2024-08-29,comtrade,un_comtrade,1,mirror.pak.rdye.value,HS 320416 reactive dyes,Pakistan (from China),2328345.647,USD,USD,CIF (importer-reported),export,customs,https://comtradeapi.un.org/public/v1/preview/C/M/HS?reporterCode=586&period=202406&cmdCode=320416&flowCode=M&partnerCode=156,1.0,cifvalue=2328345.647 USD,estimated,observed,month
2024-07-31,2024-09-29,comtrade,un_comtrade,1,mirror.pak.rdye.value,HS 320416 reactive dyes,Pakistan (from China),3011954.175,USD,USD,CIF (importer-reported),export,customs,https://comtradeapi.un.org/public/v1/preview/C/M/HS?reporterCode=586&period=202407&cmdCode=320416&flowCode=M&partnerCode=156,1.0,cifvalue=3011954.175 USD,estimated,observed,month
2024-08-31,2024-10-30,comtrade,un_comtrade,1,mirror.pak.rdye.value,HS 320416 reactive dyes,Pakistan (from China),2721514.271,USD,USD,CIF (importer-reported),export,customs,https://comtradeapi.un.org/public/v1/preview/C/M/HS?reporterCode=586&period=202408&cmdCode=320416&flowCode=M&partnerCode=156,1.0,cifvalue=2721514.271 USD,estimated,observed,month
2024-09-30,2024-11-29,comtrade,un_comtrade,1,mirror.pak.rdye.value,HS 320416 reactive dyes,Pakistan (from China),2402925.633,USD,USD,CIF (importer-reported),export,customs,https://comtradeapi.un.org/public/v1/preview/C/M/HS?reporterCode=586&period=202409&cmdCode=320416&flowCode=M&partnerCode=156,1.0,cifvalue=2402925.633 USD,estimated,observed,month
2024-10-31,2024-12-30,comtrade,un_comtrade,1,mirror.pak.rdye.value,HS 320416 reactive dyes,Pakistan (from China),2485270.359,USD,USD,CIF (importer-reported),export,customs,https://comtradeapi.un.org/public/v1/preview/C/M/HS?reporterCode=586&period=202410&cmdCode=320416&flowCode=M&partnerCode=156,1.0,cifvalue=2485270.359 USD,estimated,observed,month
2024-11-30,2025-01-29,comtrade,un_comtrade,1,mirror.pak.rdye.value,HS 320416 reactive dyes,Pakistan (from China),2250992.54,USD,USD,CIF (importer-reported),export,customs,https://comtradeapi.un.org/public/v1/preview/C/M/HS?reporterCode=586&period=202411&cmdCode=320416&flowCode=M&partnerCode=156,1.0,cifvalue=2250992.54 USD,estimated,observed,month
2024-12-31,2025-03-01,comtrade,un_comtrade,1,mirror.pak.rdye.value,HS 320416 reactive dyes,Pakistan (from China),2352429.479,USD,USD,CIF (importer-reported),export,customs,https://comtradeapi.un.org/public/v1/preview/C/M/HS?reporterCode=586&period=202412&cmdCode=320416&flowCode=M&partnerCode=156,1.0,cifvalue=2352429.479 USD,estimated,observed,month
2025-01-31,2025-04-01,comtrade,un_comtrade,1,mirror.pak.rdye.value,HS 320416 reactive dyes,Pakistan (from China),3241030.958,USD,USD,CIF (importer-reported),export,customs,https://comtradeapi.un.org/public/v1/preview/C/M/HS?reporterCode=586&period=202501&cmdCode=320416&flowCode=M&partnerCode=156,1.0,cifvalue=3241030.958 USD,estimated,observed,month
2025-02-28,2025-04-29,comtrade,un_comtrade,1,mirror.pak.rdye.value,HS 320416 reactive dyes,Pakistan (from China),1852344.46,USD,USD,CIF (importer-reported),export,customs,https://comtradeapi.un.org/public/v1/preview/C/M/HS?reporterCode=586&period=202502&cmdCode=320416&flowCode=M&partnerCode=156,1.0,cifvalue=1852344.46 USD,estimated,observed,month
2025-03-31,2025-05-30,comtrade,un_comtrade,1,mirror.pak.rdye.value,HS 320416 reactive dyes,Pakistan (from China),1839849.316,USD,USD,CIF (importer-reported),export,customs,https://comtradeapi.un.org/public/v1/preview/C/M/HS?reporterCode=586&period=202503&cmdCode=320416&flowCode=M&partnerCode=156,1.0,cifvalue=1839849.316 USD,estimated,observed,month
2025-04-30,2025-06-29,comtrade,un_comtrade,1,mirror.pak.rdye.value,HS 320416 reactive dyes,Pakistan (from China),2255035.121,USD,USD,CIF (importer-reported),export,customs,https://comtradeapi.un.org/public/v1/preview/C/M/HS?reporterCode=586&period=202504&cmdCode=320416&flowCode=M&partnerCode=156,1.0,cifvalue=2255035.121 USD,estimated,observed,month
2025-05-31,2025-07-30,comtrade,un_comtrade,1,mirror.pak.rdye.value,HS 320416 reactive dyes,Pakistan (from China),2292374.409,USD,USD,CIF (importer-reported),export,customs,https://comtradeapi.un.org/public/v1/preview/C/M/HS?reporterCode=586&period=202505&cmdCode=320416&flowCode=M&partnerCode=156,1.0,cifvalue=2292374.409 USD,estimated,observed,month
2025-06-30,2025-08-29,comtrade,un_comtrade,1,mirror.pak.rdye.value,HS 320416 reactive dyes,Pakistan (from China),2004332.945,USD,USD,CIF (importer-reported),export,customs,https://comtradeapi.un.org/public/v1/preview/C/M/HS?reporterCode=586&period=202506&cmdCode=320416&flowCode=M&partnerCode=156,1.0,cifvalue=2004332.945 USD,estimated,observed,month
2025-07-31,2025-09-29,comtrade,un_comtrade,1,mirror.pak.rdye.value,HS 320416 reactive dyes,Pakistan (from China),5357605.6,USD,USD,CIF (importer-reported),export,customs,https://comtradeapi.un.org/public/v1/preview/C/M/HS?reporterCode=586&period=202507&cmdCode=320416&flowCode=M&partnerCode=156,1.0,cifvalue=5357605.6 USD,estimated,observed,month
2025-08-31,2025-10-30,comtrade,un_comtrade,1,mirror.pak.rdye.value,HS 320416 reactive dyes,Pakistan (from China),3136375.623,USD,USD,CIF (importer-reported),export,customs,https://comtradeapi.un.org/public/v1/preview/C/M/HS?reporterCode=586&period=202508&cmdCode=320416&flowCode=M&partnerCode=156,1.0,cifvalue=3136375.623 USD,estimated,observed,month
2025-09-30,2025-11-29,comtrade,un_comtrade,1,mirror.pak.rdye.value,HS 320416 reactive dyes,Pakistan (from China),3953621.536,USD,USD,CIF (importer-reported),export,customs,https://comtradeapi.un.org/public/v1/preview/C/M/HS?reporterCode=586&period=202509&cmdCode=320416&flowCode=M&partnerCode=156,1.0,cifvalue=3953621.536 USD,estimated,observed,month
2025-10-31,2025-12-30,comtrade,un_comtrade,1,mirror.pak.rdye.value,HS 320416 reactive dyes,Pakistan (from China),3674138.481,USD,USD,CIF (importer-reported),export,customs,https://comtradeapi.un.org/public/v1/preview/C/M/HS?reporterCode=586&period=202510&cmdCode=320416&flowCode=M&partnerCode=156,1.0,cifvalue=3674138.481 USD,estimated,observed,month
2025-11-30,2026-01-29,comtrade,un_comtrade,1,mirror.pak.rdye.value,HS 320416 reactive dyes,Pakistan (from China),3533733.261,USD,USD,CIF (importer-reported),export,customs,https://comtradeapi.un.org/public/v1/preview/C/M/HS?reporterCode=586&period=202511&cmdCode=320416&flowCode=M&partnerCode=156,1.0,cifvalue=3533733.261 USD,estimated,observed,month
2025-12-31,2026-03-01,comtrade,un_comtrade,1,mirror.pak.rdye.value,HS 320416 reactive dyes,Pakistan (from China),3436965.111,USD,USD,CIF (importer-reported),export,customs,https://comtradeapi.un.org/public/v1/preview/C/M/HS?reporterCode=586&period=202512&cmdCode=320416&flowCode=M&partnerCode=156,1.0,cifvalue=3436965.111 USD,estimated,observed,month
2026-01-31,2026-04-01,comtrade,un_comtrade,1,mirror.pak.rdye.value,HS 320416 reactive dyes,Pakistan (from China),3290831.787,USD,USD,CIF (importer-reported),export,customs,https://comtradeapi.un.org/public/v1/preview/C/M/HS?reporterCode=586&period=202601&cmdCode=320416&flowCode=M&partnerCode=156,1.0,cifvalue=3290831.787 USD,estimated,observed,month
2023-01-31,2023-04-01,comtrade,un_comtrade,1,mirror.tha.hacid.qty,HS 292221,Thailand (from China),87.525,,t,CIF (importer-reported),export,customs,https://comtradeapi.un.org/public/v1/preview/C/M/HS?reporterCode=764&period=202301&cmdCode=292221&flowCode=M&partnerCode=156,1.0,netWgt=87525.0 kg; isQtyEstimated=False,estimated,observed,month
2023-02-28,2023-04-29,comtrade,un_comtrade,1,mirror.tha.hacid.qty,HS 292221,Thailand (from China),104.825,,t,CIF (importer-reported),export,customs,https://comtradeapi.un.org/public/v1/preview/C/M/HS?reporterCode=764&period=202302&cmdCode=292221&flowCode=M&partnerCode=156,1.0,netWgt=104825.0 kg; isQtyEstimated=False,estimated,observed,month
2023-03-31,2023-05-30,comtrade,un_comtrade,1,mirror.tha.hacid.qty,HS 292221,Thailand (from China),24.776,,t,CIF (importer-reported),export,customs,https://comtradeapi.un.org/public/v1/preview/C/M/HS?reporterCode=764&period=202303&cmdCode=292221&flowCode=M&partnerCode=156,1.0,netWgt=24776.0 kg; isQtyEstimated=False,estimated,observed,month
2023-04-30,2023-06-29,comtrade,un_comtrade,1,mirror.tha.hacid.qty,HS 292221,Thailand (from China),35.4,,t,CIF (importer-reported),export,customs,https://comtradeapi.un.org/public/v1/preview/C/M/HS?reporterCode=764&period=202304&cmdCode=292221&flowCode=M&partnerCode=156,1.0,netWgt=35400.0 kg; isQtyEstimated=False,estimated,observed,month
2023-05-31,2023-07-30,comtrade,un_comtrade,1,mirror.tha.hacid.qty,HS 292221,Thailand (from China),40.501,,t,CIF (importer-reported),export,customs,https://comtradeapi.un.org/public/v1/preview/C/M/HS?reporterCode=764&period=202305&cmdCode=292221&flowCode=M&partnerCode=156,1.0,netWgt=40501.0 kg; isQtyEstimated=False,estimated,observed,month
2023-06-30,2023-08-29,comtrade,un_comtrade,1,mirror.tha.hacid.qty,HS 292221,Thailand (from China),26.5,,t,CIF (importer-reported),export,customs,https://comtradeapi.un.org/public/v1/preview/C/M/HS?reporterCode=764&period=202306&cmdCode=292221&flowCode=M&partnerCode=156,1.0,netWgt=26500.0 kg; isQtyEstimated=False,estimated,observed,month
2023-07-31,2023-09-29,comtrade,un_comtrade,1,mirror.tha.hacid.qty,HS 292221,Thailand (from China),13.0,,t,CIF (importer-reported),export,customs,https://comtradeapi.un.org/public/v1/preview/C/M/HS?reporterCode=764&period=202307&cmdCode=292221&flowCode=M&partnerCode=156,1.0,netWgt=13000.0 kg; isQtyEstimated=False,estimated,observed,month
2023-08-31,2023-10-30,comtrade,un_comtrade,1,mirror.tha.hacid.qty,HS 292221,Thailand (from China),27.5,,t,CIF (importer-reported),export,customs,https://comtradeapi.un.org/public/v1/preview/C/M/HS?reporterCode=764&period=202308&cmdCode=292221&flowCode=M&partnerCode=156,1.0,netWgt=27500.0 kg; isQtyEstimated=False,estimated,observed,month
2023-09-30,2023-11-29,comtrade,un_comtrade,1,mirror.tha.hacid.qty,HS 292221,Thailand (from China),10.2,,t,CIF (importer-reported),export,customs,https://comtradeapi.un.org/public/v1/preview/C/M/HS?reporterCode=764&period=202309&cmdCode=292221&flowCode=M&partnerCode=156,1.0,netWgt=10200.0 kg; isQtyEstimated=False,estimated,observed,month
2023-10-31,2023-12-30,comtrade,un_comtrade,1,mirror.tha.hacid.qty,HS 292221,Thailand (from China),36.075,,t,CIF (importer-reported),export,customs,https://comtradeapi.un.org/public/v1/preview/C/M/HS?reporterCode=764&period=202310&cmdCode=292221&flowCode=M&partnerCode=156,1.0,netWgt=36075.0 kg; isQtyEstimated=False,estimated,observed,month
2023-11-30,2024-01-29,comtrade,un_comtrade,1,mirror.tha.hacid.qty,HS 292221,Thailand (from China),63.375,,t,CIF (importer-reported),export,customs,https://comtradeapi.un.org/public/v1/preview/C/M/HS?reporterCode=764&period=202311&cmdCode=292221&flowCode=M&partnerCode=156,1.0,netWgt=63375.0 kg; isQtyEstimated=False,estimated,observed,month
2023-12-31,2024-02-29,comtrade,un_comtrade,1,mirror.tha.hacid.qty,HS 292221,Thailand (from China),75.276,,t,CIF (importer-reported),export,customs,https://comtradeapi.un.org/public/v1/preview/C/M/HS?reporterCode=764&period=202312&cmdCode=292221&flowCode=M&partnerCode=156,1.0,netWgt=75276.0 kg; isQtyEstimated=False,estimated,observed,month
2024-01-31,2024-03-31,comtrade,un_comtrade,1,mirror.tha.hacid.qty,HS 292221,Thailand (from China),31.875,,t,CIF (importer-reported),export,customs,https://comtradeapi.un.org/public/v1/preview/C/M/HS?reporterCode=764&period=202401&cmdCode=292221&flowCode=M&partnerCode=156,1.0,netWgt=31875.0 kg; isQtyEstimated=False,estimated,observed,month
2024-02-29,2024-04-29,comtrade,un_comtrade,1,mirror.tha.hacid.qty,HS 292221,Thailand (from China),50.0,,t,CIF (importer-reported),export,customs,https://comtradeapi.un.org/public/v1/preview/C/M/HS?reporterCode=764&period=202402&cmdCode=292221&flowCode=M&partnerCode=156,1.0,netWgt=50000.0 kg; isQtyEstimated=False,estimated,observed,month
2024-03-31,2024-05-30,comtrade,un_comtrade,1,mirror.tha.hacid.qty,HS 292221,Thailand (from China),25.525,,t,CIF (importer-reported),export,customs,https://comtradeapi.un.org/public/v1/preview/C/M/HS?reporterCode=764&period=202403&cmdCode=292221&flowCode=M&partnerCode=156,1.0,netWgt=25525.0 kg; isQtyEstimated=False,estimated,observed,month
2024-04-30,2024-06-29,comtrade,un_comtrade,1,mirror.tha.hacid.qty,HS 292221,Thailand (from China),0.002,,t,CIF (importer-reported),export,customs,https://comtradeapi.un.org/public/v1/preview/C/M/HS?reporterCode=764&period=202404&cmdCode=292221&flowCode=M&partnerCode=156,1.0,netWgt=2.0 kg; isQtyEstimated=False,estimated,observed,month
2024-05-31,2024-07-30,comtrade,un_comtrade,1,mirror.tha.hacid.qty,HS 292221,Thailand (from China),26.05,,t,CIF (importer-reported),export,customs,https://comtradeapi.un.org/public/v1/preview/C/M/HS?reporterCode=764&period=202405&cmdCode=292221&flowCode=M&partnerCode=156,1.0,netWgt=26050.0 kg; isQtyEstimated=False,estimated,observed,month
2024-06-30,2024-08-29,comtrade,un_comtrade,1,mirror.tha.hacid.qty,HS 292221,Thailand (from China),6.025531,,t,CIF (importer-reported),export,customs,https://comtradeapi.un.org/public/v1/preview/C/M/HS?reporterCode=764&period=202406&cmdCode=292221&flowCode=M&partnerCode=156,1.0,netWgt=6025.531 kg; isQtyEstimated=True,estimated,observed,month
2024-07-31,2024-09-29,comtrade,un_comtrade,1,mirror.tha.hacid.qty,HS 292221,Thailand (from China),0.001,,t,CIF (importer-reported),export,customs,https://comtradeapi.un.org/public/v1/preview/C/M/HS?reporterCode=764&period=202407&cmdCode=292221&flowCode=M&partnerCode=156,1.0,netWgt=1.0 kg; isQtyEstimated=False,estimated,observed,month
2024-08-31,2024-10-30,comtrade,un_comtrade,1,mirror.tha.hacid.qty,HS 292221,Thailand (from China),29.65,,t,CIF (importer-reported),export,customs,https://comtradeapi.un.org/public/v1/preview/C/M/HS?reporterCode=764&period=202408&cmdCode=292221&flowCode=M&partnerCode=156,1.0,netWgt=29650.0 kg; isQtyEstimated=False,estimated,observed,month
2024-09-30,2024-11-29,comtrade,un_comtrade,1,mirror.tha.hacid.qty,HS 292221,Thailand (from China),18.825,,t,CIF (importer-reported),export,customs,https://comtradeapi.un.org/public/v1/preview/C/M/HS?reporterCode=764&period=202409&cmdCode=292221&flowCode=M&partnerCode=156,1.0,netWgt=18825.0 kg; isQtyEstimated=False,estimated,observed,month
2024-10-31,2024-12-30,comtrade,un_comtrade,1,mirror.tha.hacid.qty,HS 292221,Thailand (from China),10.251,,t,CIF (importer-reported),export,customs,https://comtradeapi.un.org/public/v1/preview/C/M/HS?reporterCode=764&period=202410&cmdCode=292221&flowCode=M&partnerCode=156,1.0,netWgt=10251.0 kg; isQtyEstimated=False,estimated,observed,month
2024-11-30,2025-01-29,comtrade,un_comtrade,1,mirror.tha.hacid.qty,HS 292221,Thailand (from China),10.25,,t,CIF (importer-reported),export,customs,https://comtradeapi.un.org/public/v1/preview/C/M/HS?reporterCode=764&period=202411&cmdCode=292221&flowCode=M&partnerCode=156,1.0,netWgt=10250.0 kg; isQtyEstimated=False,estimated,observed,month
2024-12-31,2025-03-01,comtrade,un_comtrade,1,mirror.tha.hacid.qty,HS 292221,Thailand (from China),30.852,,t,CIF (importer-reported),export,customs,https://comtradeapi.un.org/public/v1/preview/C/M/HS?reporterCode=764&period=202412&cmdCode=292221&flowCode=M&partnerCode=156,1.0,netWgt=30852.0 kg; isQtyEstimated=False,estimated,observed,month
2025-01-31,2025-04-01,comtrade,un_comtrade,1,mirror.tha.hacid.qty,HS 292221,Thailand (from China),17.251,,t,CIF (importer-reported),export,customs,https://comtradeapi.un.org/public/v1/preview/C/M/HS?reporterCode=764&period=202501&cmdCode=292221&flowCode=M&partnerCode=156,1.0,netWgt=17251.0 kg; isQtyEstimated=False,estimated,observed,month
2025-02-28,2025-04-29,comtrade,un_comtrade,1,mirror.tha.hacid.qty,HS 292221,Thailand (from China),9.8,,t,CIF (importer-reported),export,customs,https://comtradeapi.un.org/public/v1/preview/C/M/HS?reporterCode=764&period=202502&cmdCode=292221&flowCode=M&partnerCode=156,1.0,netWgt=9800.0 kg; isQtyEstimated=False,estimated,observed,month
2025-03-31,2025-05-30,comtrade,un_comtrade,1,mirror.tha.hacid.qty,HS 292221,Thailand (from China),73.65,,t,CIF (importer-reported),export,customs,https://comtradeapi.un.org/public/v1/preview/C/M/HS?reporterCode=764&period=202503&cmdCode=292221&flowCode=M&partnerCode=156,1.0,netWgt=73650.0 kg; isQtyEstimated=False,estimated,observed,month
2025-04-30,2025-06-29,comtrade,un_comtrade,1,mirror.tha.hacid.qty,HS 292221,Thailand (from China),63.225,,t,CIF (importer-reported),export,customs,https://comtradeapi.un.org/public/v1/preview/C/M/HS?reporterCode=764&period=202504&cmdCode=292221&flowCode=M&partnerCode=156,1.0,netWgt=63225.0 kg; isQtyEstimated=False,estimated,observed,month
2025-05-31,2025-07-30,comtrade,un_comtrade,1,mirror.tha.hacid.qty,HS 292221,Thailand (from China),33.500549,,t,CIF (importer-reported),export,customs,https://comtradeapi.un.org/public/v1/preview/C/M/HS?reporterCode=764&period=202505&cmdCode=292221&flowCode=M&partnerCode=156,1.0,netWgt=33500.549 kg; isQtyEstimated=True,estimated,observed,month
2025-06-30,2025-08-29,comtrade,un_comtrade,1,mirror.tha.hacid.qty,HS 292221,Thailand (from China),62.22,,t,CIF (importer-reported),export,customs,https://comtradeapi.un.org/public/v1/preview/C/M/HS?reporterCode=764&period=202506&cmdCode=292221&flowCode=M&partnerCode=156,1.0,netWgt=62220.0 kg; isQtyEstimated=False,estimated,observed,month
2025-07-31,2025-09-29,comtrade,un_comtrade,1,mirror.tha.hacid.qty,HS 292221,Thailand (from China),13.302,,t,CIF (importer-reported),export,customs,https://comtradeapi.un.org/public/v1/preview/C/M/HS?reporterCode=764&period=202507&cmdCode=292221&flowCode=M&partnerCode=156,1.0,netWgt=13302.0 kg; isQtyEstimated=False,estimated,observed,month
2025-08-31,2025-10-30,comtrade,un_comtrade,1,mirror.tha.hacid.qty,HS 292221,Thailand (from China),4.0,,t,CIF (importer-reported),export,customs,https://comtradeapi.un.org/public/v1/preview/C/M/HS?reporterCode=764&period=202508&cmdCode=292221&flowCode=M&partnerCode=156,1.0,netWgt=4000.0 kg; isQtyEstimated=False,estimated,observed,month
2025-09-30,2025-11-29,comtrade,un_comtrade,1,mirror.tha.hacid.qty,HS 292221,Thailand (from China),7.4,,t,CIF (importer-reported),export,customs,https://comtradeapi.un.org/public/v1/preview/C/M/HS?reporterCode=764&period=202509&cmdCode=292221&flowCode=M&partnerCode=156,1.0,netWgt=7400.0 kg; isQtyEstimated=False,estimated,observed,month
2025-10-31,2025-12-30,comtrade,un_comtrade,1,mirror.tha.hacid.qty,HS 292221,Thailand (from China),8.0,,t,CIF (importer-reported),export,customs,https://comtradeapi.un.org/public/v1/preview/C/M/HS?reporterCode=764&period=202510&cmdCode=292221&flowCode=M&partnerCode=156,1.0,netWgt=8000.0 kg; isQtyEstimated=False,estimated,observed,month
2025-11-30,2026-01-29,comtrade,un_comtrade,1,mirror.tha.hacid.qty,HS 292221,Thailand (from China),5.502,,t,CIF (importer-reported),export,customs,https://comtradeapi.un.org/public/v1/preview/C/M/HS?reporterCode=764&period=202511&cmdCode=292221&flowCode=M&partnerCode=156,1.0,netWgt=5502.0 kg; isQtyEstimated=False,estimated,observed,month
2025-12-31,2026-03-01,comtrade,un_comtrade,1,mirror.tha.hacid.qty,HS 292221,Thailand (from China),14.85,,t,CIF (importer-reported),export,customs,https://comtradeapi.un.org/public/v1/preview/C/M/HS?reporterCode=764&period=202512&cmdCode=292221&flowCode=M&partnerCode=156,1.0,netWgt=14850.0 kg; isQtyEstimated=False,estimated,observed,month
2026-01-31,2026-04-01,comtrade,un_comtrade,1,mirror.tha.hacid.qty,HS 292221,Thailand (from China),18.001,,t,CIF (importer-reported),export,customs,https://comtradeapi.un.org/public/v1/preview/C/M/HS?reporterCode=764&period=202601&cmdCode=292221&flowCode=M&partnerCode=156,1.0,netWgt=18001.0 kg; isQtyEstimated=False,estimated,observed,month
2026-02-28,2026-04-29,comtrade,un_comtrade,1,mirror.tha.hacid.qty,HS 292221,Thailand (from China),0.000839,,t,CIF (importer-reported),export,customs,https://comtradeapi.un.org/public/v1/preview/C/M/HS?reporterCode=764&period=202602&cmdCode=292221&flowCode=M&partnerCode=156,1.0,netWgt=0.839 kg; isQtyEstimated=True,estimated,observed,month
2026-03-31,2026-05-30,comtrade,un_comtrade,1,mirror.tha.hacid.qty,HS 292221,Thailand (from China),4.601,,t,CIF (importer-reported),export,customs,https://comtradeapi.un.org/public/v1/preview/C/M/HS?reporterCode=764&period=202603&cmdCode=292221&flowCode=M&partnerCode=156,1.0,netWgt=4601.0 kg; isQtyEstimated=False,estimated,observed,month
2026-04-30,2026-06-29,comtrade,un_comtrade,1,mirror.tha.hacid.qty,HS 292221,Thailand (from China),56.2,,t,CIF (importer-reported),export,customs,https://comtradeapi.un.org/public/v1/preview/C/M/HS?reporterCode=764&period=202604&cmdCode=292221&flowCode=M&partnerCode=156,1.0,netWgt=56200.0 kg; isQtyEstimated=False,estimated,observed,month
2026-05-31,2026-07-30,comtrade,un_comtrade,1,mirror.tha.hacid.qty,HS 292221,Thailand (from China),40.0,,t,CIF (importer-reported),export,customs,https://comtradeapi.un.org/public/v1/preview/C/M/HS?reporterCode=764&period=202605&cmdCode=292221&flowCode=M&partnerCode=156,1.0,netWgt=40000.0 kg; isQtyEstimated=False,estimated,observed,month
2023-01-31,2023-04-01,comtrade,un_comtrade,1,mirror.tha.hacid.value,HS 292221,Thailand (from China),395262.784,USD,USD,CIF (importer-reported),export,customs,https://comtradeapi.un.org/public/v1/preview/C/M/HS?reporterCode=764&period=202301&cmdCode=292221&flowCode=M&partnerCode=156,1.0,cifvalue=395262.784 USD,estimated,observed,month
2023-02-28,2023-04-29,comtrade,un_comtrade,1,mirror.tha.hacid.value,HS 292221,Thailand (from China),430217.251,USD,USD,CIF (importer-reported),export,customs,https://comtradeapi.un.org/public/v1/preview/C/M/HS?reporterCode=764&period=202302&cmdCode=292221&flowCode=M&partnerCode=156,1.0,cifvalue=430217.251 USD,estimated,observed,month
2023-03-31,2023-05-30,comtrade,un_comtrade,1,mirror.tha.hacid.value,HS 292221,Thailand (from China),108121.204,USD,USD,CIF (importer-reported),export,customs,https://comtradeapi.un.org/public/v1/preview/C/M/HS?reporterCode=764&period=202303&cmdCode=292221&flowCode=M&partnerCode=156,1.0,cifvalue=108121.204 USD,estimated,observed,month
2023-04-30,2023-06-29,comtrade,un_comtrade,1,mirror.tha.hacid.value,HS 292221,Thailand (from China),151375.367,USD,USD,CIF (importer-reported),export,customs,https://comtradeapi.un.org/public/v1/preview/C/M/HS?reporterCode=764&period=202304&cmdCode=292221&flowCode=M&partnerCode=156,1.0,cifvalue=151375.367 USD,estimated,observed,month
2023-05-31,2023-07-30,comtrade,un_comtrade,1,mirror.tha.hacid.value,HS 292221,Thailand (from China),176469.938,USD,USD,CIF (importer-reported),export,customs,https://comtradeapi.un.org/public/v1/preview/C/M/HS?reporterCode=764&period=202305&cmdCode=292221&flowCode=M&partnerCode=156,1.0,cifvalue=176469.938 USD,estimated,observed,month
2023-06-30,2023-08-29,comtrade,un_comtrade,1,mirror.tha.hacid.value,HS 292221,Thailand (from China),116312.608,USD,USD,CIF (importer-reported),export,customs,https://comtradeapi.un.org/public/v1/preview/C/M/HS?reporterCode=764&period=202306&cmdCode=292221&flowCode=M&partnerCode=156,1.0,cifvalue=116312.608 USD,estimated,observed,month
2023-07-31,2023-09-29,comtrade,un_comtrade,1,mirror.tha.hacid.value,HS 292221,Thailand (from China),58673.814,USD,USD,CIF (importer-reported),export,customs,https://comtradeapi.un.org/public/v1/preview/C/M/HS?reporterCode=764&period=202307&cmdCode=292221&flowCode=M&partnerCode=156,1.0,cifvalue=58673.814 USD,estimated,observed,month
2023-08-31,2023-10-30,comtrade,un_comtrade,1,mirror.tha.hacid.value,HS 292221,Thailand (from China),115873.101,USD,USD,CIF (importer-reported),export,customs,https://comtradeapi.un.org/public/v1/preview/C/M/HS?reporterCode=764&period=202308&cmdCode=292221&flowCode=M&partnerCode=156,1.0,cifvalue=115873.101 USD,estimated,observed,month
2023-09-30,2023-11-29,comtrade,un_comtrade,1,mirror.tha.hacid.value,HS 292221,Thailand (from China),47910.326,USD,USD,CIF (importer-reported),export,customs,https://comtradeapi.un.org/public/v1/preview/C/M/HS?reporterCode=764&period=202309&cmdCode=292221&flowCode=M&partnerCode=156,1.0,cifvalue=47910.326 USD,estimated,observed,month
2023-10-31,2023-12-30,comtrade,un_comtrade,1,mirror.tha.hacid.value,HS 292221,Thailand (from China),148192.557,USD,USD,CIF (importer-reported),export,customs,https://comtradeapi.un.org/public/v1/preview/C/M/HS?reporterCode=764&period=202310&cmdCode=292221&flowCode=M&partnerCode=156,1.0,cifvalue=148192.557 USD,estimated,observed,month
2023-11-30,2024-01-29,comtrade,un_comtrade,1,mirror.tha.hacid.value,HS 292221,Thailand (from China),263041.084,USD,USD,CIF (importer-reported),export,customs,https://comtradeapi.un.org/public/v1/preview/C/M/HS?reporterCode=764&period=202311&cmdCode=292221&flowCode=M&partnerCode=156,1.0,cifvalue=263041.084 USD,estimated,observed,month
2023-12-31,2024-02-29,comtrade,un_comtrade,1,mirror.tha.hacid.value,HS 292221,Thailand (from China),313833.46,USD,USD,CIF (importer-reported),export,customs,https://comtradeapi.un.org/public/v1/preview/C/M/HS?reporterCode=764&period=202312&cmdCode=292221&flowCode=M&partnerCode=156,1.0,cifvalue=313833.46 USD,estimated,observed,month
2024-01-31,2024-03-31,comtrade,un_comtrade,1,mirror.tha.hacid.value,HS 292221,Thailand (from China),136448.937,USD,USD,CIF (importer-reported),export,customs,https://comtradeapi.un.org/public/v1/preview/C/M/HS?reporterCode=764&period=202401&cmdCode=292221&flowCode=M&partnerCode=156,1.0,cifvalue=136448.937 USD,estimated,observed,month
2024-02-29,2024-04-29,comtrade,un_comtrade,1,mirror.tha.hacid.value,HS 292221,Thailand (from China),216989.994,USD,USD,CIF (importer-reported),export,customs,https://comtradeapi.un.org/public/v1/preview/C/M/HS?reporterCode=764&period=202402&cmdCode=292221&flowCode=M&partnerCode=156,1.0,cifvalue=216989.994 USD,estimated,observed,month
2024-03-31,2024-05-30,comtrade,un_comtrade,1,mirror.tha.hacid.value,HS 292221,Thailand (from China),124457.397,USD,USD,CIF (importer-reported),export,customs,https://comtradeapi.un.org/public/v1/preview/C/M/HS?reporterCode=764&period=202403&cmdCode=292221&flowCode=M&partnerCode=156,1.0,cifvalue=124457.397 USD,estimated,observed,month
2024-04-30,2024-06-29,comtrade,un_comtrade,1,mirror.tha.hacid.value,HS 292221,Thailand (from China),10.209,USD,USD,CIF (importer-reported),export,customs,https://comtradeapi.un.org/public/v1/preview/C/M/HS?reporterCode=764&period=202404&cmdCode=292221&flowCode=M&partnerCode=156,1.0,cifvalue=10.209 USD,estimated,observed,month
2024-05-31,2024-07-30,comtrade,un_comtrade,1,mirror.tha.hacid.value,HS 292221,Thailand (from China),132087.136,USD,USD,CIF (importer-reported),export,customs,https://comtradeapi.un.org/public/v1/preview/C/M/HS?reporterCode=764&period=202405&cmdCode=292221&flowCode=M&partnerCode=156,1.0,cifvalue=132087.136 USD,estimated,observed,month
2024-06-30,2024-08-29,comtrade,un_comtrade,1,mirror.tha.hacid.value,HS 292221,Thailand (from China),30208.679,USD,USD,CIF (importer-reported),export,customs,https://comtradeapi.un.org/public/v1/preview/C/M/HS?reporterCode=764&period=202406&cmdCode=292221&flowCode=M&partnerCode=156,1.0,cifvalue=30208.679 USD,estimated,observed,month
2024-07-31,2024-09-29,comtrade,un_comtrade,1,mirror.tha.hacid.value,HS 292221,Thailand (from China),4.526,USD,USD,CIF (importer-reported),export,customs,https://comtradeapi.un.org/public/v1/preview/C/M/HS?reporterCode=764&period=202407&cmdCode=292221&flowCode=M&partnerCode=156,1.0,cifvalue=4.526 USD,estimated,observed,month
2024-08-31,2024-10-30,comtrade,un_comtrade,1,mirror.tha.hacid.value,HS 292221,Thailand (from China),125496.772,USD,USD,CIF (importer-reported),export,customs,https://comtradeapi.un.org/public/v1/preview/C/M/HS?reporterCode=764&period=202408&cmdCode=292221&flowCode=M&partnerCode=156,1.0,cifvalue=125496.772 USD,estimated,observed,month
2024-09-30,2024-11-29,comtrade,un_comtrade,1,mirror.tha.hacid.value,HS 292221,Thailand (from China),97928.771,USD,USD,CIF (importer-reported),export,customs,https://comtradeapi.un.org/public/v1/preview/C/M/HS?reporterCode=764&period=202409&cmdCode=292221&flowCode=M&partnerCode=156,1.0,cifvalue=97928.771 USD,estimated,observed,month
2024-10-31,2024-12-30,comtrade,un_comtrade,1,mirror.tha.hacid.value,HS 292221,Thailand (from China),31323.997,USD,USD,CIF (importer-reported),export,customs,https://comtradeapi.un.org/public/v1/preview/C/M/HS?reporterCode=764&period=202410&cmdCode=292221&flowCode=M&partnerCode=156,1.0,cifvalue=31323.997 USD,estimated,observed,month
2024-11-30,2025-01-29,comtrade,un_comtrade,1,mirror.tha.hacid.value,HS 292221,Thailand (from China),46991.959,USD,USD,CIF (importer-reported),export,customs,https://comtradeapi.un.org/public/v1/preview/C/M/HS?reporterCode=764&period=202411&cmdCode=292221&flowCode=M&partnerCode=156,1.0,cifvalue=46991.959 USD,estimated,observed,month
2024-12-31,2025-03-01,comtrade,un_comtrade,1,mirror.tha.hacid.value,HS 292221,Thailand (from China),147395.645,USD,USD,CIF (importer-reported),export,customs,https://comtradeapi.un.org/public/v1/preview/C/M/HS?reporterCode=764&period=202412&cmdCode=292221&flowCode=M&partnerCode=156,1.0,cifvalue=147395.645 USD,estimated,observed,month
2025-01-31,2025-04-01,comtrade,un_comtrade,1,mirror.tha.hacid.value,HS 292221,Thailand (from China),81028.144,USD,USD,CIF (importer-reported),export,customs,https://comtradeapi.un.org/public/v1/preview/C/M/HS?reporterCode=764&period=202501&cmdCode=292221&flowCode=M&partnerCode=156,1.0,cifvalue=81028.144 USD,estimated,observed,month
2025-02-28,2025-04-29,comtrade,un_comtrade,1,mirror.tha.hacid.value,HS 292221,Thailand (from China),44995.239,USD,USD,CIF (importer-reported),export,customs,https://comtradeapi.un.org/public/v1/preview/C/M/HS?reporterCode=764&period=202502&cmdCode=292221&flowCode=M&partnerCode=156,1.0,cifvalue=44995.239 USD,estimated,observed,month
2025-03-31,2025-05-30,comtrade,un_comtrade,1,mirror.tha.hacid.value,HS 292221,Thailand (from China),349184.831,USD,USD,CIF (importer-reported),export,customs,https://comtradeapi.un.org/public/v1/preview/C/M/HS?reporterCode=764&period=202503&cmdCode=292221&flowCode=M&partnerCode=156,1.0,cifvalue=349184.831 USD,estimated,observed,month
2025-04-30,2025-06-29,comtrade,un_comtrade,1,mirror.tha.hacid.value,HS 292221,Thailand (from China),308770.511,USD,USD,CIF (importer-reported),export,customs,https://comtradeapi.un.org/public/v1/preview/C/M/HS?reporterCode=764&period=202504&cmdCode=292221&flowCode=M&partnerCode=156,1.0,cifvalue=308770.511 USD,estimated,observed,month
2025-05-31,2025-07-30,comtrade,un_comtrade,1,mirror.tha.hacid.value,HS 292221,Thailand (from China),165224.768,USD,USD,CIF (importer-reported),export,customs,https://comtradeapi.un.org/public/v1/preview/C/M/HS?reporterCode=764&period=202505&cmdCode=292221&flowCode=M&partnerCode=156,1.0,cifvalue=165224.768 USD,estimated,observed,month
2025-06-30,2025-08-29,comtrade,un_comtrade,1,mirror.tha.hacid.value,HS 292221,Thailand (from China),335453.23,USD,USD,CIF (importer-reported),export,customs,https://comtradeapi.un.org/public/v1/preview/C/M/HS?reporterCode=764&period=202506&cmdCode=292221&flowCode=M&partnerCode=156,1.0,cifvalue=335453.23 USD,estimated,observed,month
2025-07-31,2025-09-29,comtrade,un_comtrade,1,mirror.tha.hacid.value,HS 292221,Thailand (from China),74942.864,USD,USD,CIF (importer-reported),export,customs,https://comtradeapi.un.org/public/v1/preview/C/M/HS?reporterCode=764&period=202507&cmdCode=292221&flowCode=M&partnerCode=156,1.0,cifvalue=74942.864 USD,estimated,observed,month
2025-08-31,2025-10-30,comtrade,un_comtrade,1,mirror.tha.hacid.value,HS 292221,Thailand (from China),23819.284,USD,USD,CIF (importer-reported),export,customs,https://comtradeapi.un.org/public/v1/preview/C/M/HS?reporterCode=764&period=202508&cmdCode=292221&flowCode=M&partnerCode=156,1.0,cifvalue=23819.284 USD,estimated,observed,month
2025-09-30,2025-11-29,comtrade,un_comtrade,1,mirror.tha.hacid.value,HS 292221,Thailand (from China),43490.363,USD,USD,CIF (importer-reported),export,customs,https://comtradeapi.un.org/public/v1/preview/C/M/HS?reporterCode=764&period=202509&cmdCode=292221&flowCode=M&partnerCode=156,1.0,cifvalue=43490.363 USD,estimated,observed,month
2025-10-31,2025-12-30,comtrade,un_comtrade,1,mirror.tha.hacid.value,HS 292221,Thailand (from China),47092.261,USD,USD,CIF (importer-reported),export,customs,https://comtradeapi.un.org/public/v1/preview/C/M/HS?reporterCode=764&period=202510&cmdCode=292221&flowCode=M&partnerCode=156,1.0,cifvalue=47092.261 USD,estimated,observed,month
2025-11-30,2026-01-29,comtrade,un_comtrade,1,mirror.tha.hacid.value,HS 292221,Thailand (from China),25243.299,USD,USD,CIF (importer-reported),export,customs,https://comtradeapi.un.org/public/v1/preview/C/M/HS?reporterCode=764&period=202511&cmdCode=292221&flowCode=M&partnerCode=156,1.0,cifvalue=25243.299 USD,estimated,observed,month
2025-12-31,2026-03-01,comtrade,un_comtrade,1,mirror.tha.hacid.value,HS 292221,Thailand (from China),74893.422,USD,USD,CIF (importer-reported),export,customs,https://comtradeapi.un.org/public/v1/preview/C/M/HS?reporterCode=764&period=202512&cmdCode=292221&flowCode=M&partnerCode=156,1.0,cifvalue=74893.422 USD,estimated,observed,month
2026-01-31,2026-04-01,comtrade,un_comtrade,1,mirror.tha.hacid.value,HS 292221,Thailand (from China),95985.33,USD,USD,CIF (importer-reported),export,customs,https://comtradeapi.un.org/public/v1/preview/C/M/HS?reporterCode=764&period=202601&cmdCode=292221&flowCode=M&partnerCode=156,1.0,cifvalue=95985.33 USD,estimated,observed,month
2026-02-28,2026-04-29,comtrade,un_comtrade,1,mirror.tha.hacid.value,HS 292221,Thailand (from China),4.33,USD,USD,CIF (importer-reported),export,customs,https://comtradeapi.un.org/public/v1/preview/C/M/HS?reporterCode=764&period=202602&cmdCode=292221&flowCode=M&partnerCode=156,1.0,cifvalue=4.33 USD,estimated,observed,month
2026-03-31,2026-05-30,comtrade,un_comtrade,1,mirror.tha.hacid.value,HS 292221,Thailand (from China),26261.638,USD,USD,CIF (importer-reported),export,customs,https://comtradeapi.un.org/public/v1/preview/C/M/HS?reporterCode=764&period=202603&cmdCode=292221&flowCode=M&partnerCode=156,1.0,cifvalue=26261.638 USD,estimated,observed,month
2026-04-30,2026-06-29,comtrade,un_comtrade,1,mirror.tha.hacid.value,HS 292221,Thailand (from China),322936.3,USD,USD,CIF (importer-reported),export,customs,https://comtradeapi.un.org/public/v1/preview/C/M/HS?reporterCode=764&period=202604&cmdCode=292221&flowCode=M&partnerCode=156,1.0,cifvalue=322936.3 USD,estimated,observed,month
2026-05-31,2026-07-30,comtrade,un_comtrade,1,mirror.tha.hacid.value,HS 292221,Thailand (from China),325110.083,USD,USD,CIF (importer-reported),export,customs,https://comtradeapi.un.org/public/v1/preview/C/M/HS?reporterCode=764&period=202605&cmdCode=292221&flowCode=M&partnerCode=156,1.0,cifvalue=325110.083 USD,estimated,observed,month
2023-02-28,2023-04-29,comtrade,un_comtrade,1,mirror.tur.hacid.qty,HS 292221,Turkey (from China),3.001,,t,CIF (importer-reported),export,customs,https://comtradeapi.un.org/public/v1/preview/C/M/HS?reporterCode=792&period=202302&cmdCode=292221&flowCode=M&partnerCode=156,1.0,netWgt=3001.0 kg; isQtyEstimated=False,estimated,observed,month
2023-04-30,2023-06-29,comtrade,un_comtrade,1,mirror.tur.hacid.qty,HS 292221,Turkey (from China),6.49,,t,CIF (importer-reported),export,customs,https://comtradeapi.un.org/public/v1/preview/C/M/HS?reporterCode=792&period=202304&cmdCode=292221&flowCode=M&partnerCode=156,1.0,netWgt=6490.0 kg; isQtyEstimated=False,estimated,observed,month
2023-07-31,2023-09-29,comtrade,un_comtrade,1,mirror.tur.hacid.qty,HS 292221,Turkey (from China),22.0,,t,CIF (importer-reported),export,customs,https://comtradeapi.un.org/public/v1/preview/C/M/HS?reporterCode=792&period=202307&cmdCode=292221&flowCode=M&partnerCode=156,1.0,netWgt=22000.0 kg; isQtyEstimated=False,estimated,observed,month
2023-08-31,2023-10-30,comtrade,un_comtrade,1,mirror.tur.hacid.qty,HS 292221,Turkey (from China),90.2,,t,CIF (importer-reported),export,customs,https://comtradeapi.un.org/public/v1/preview/C/M/HS?reporterCode=792&period=202308&cmdCode=292221&flowCode=M&partnerCode=156,1.0,netWgt=90200.0 kg; isQtyEstimated=False,estimated,observed,month
2023-09-30,2023-11-29,comtrade,un_comtrade,1,mirror.tur.hacid.qty,HS 292221,Turkey (from China),17.971,,t,CIF (importer-reported),export,customs,https://comtradeapi.un.org/public/v1/preview/C/M/HS?reporterCode=792&period=202309&cmdCode=292221&flowCode=M&partnerCode=156,1.0,netWgt=17971.0 kg; isQtyEstimated=False,estimated,observed,month
2023-10-31,2023-12-30,comtrade,un_comtrade,1,mirror.tur.hacid.qty,HS 292221,Turkey (from China),8.5,,t,CIF (importer-reported),export,customs,https://comtradeapi.un.org/public/v1/preview/C/M/HS?reporterCode=792&period=202310&cmdCode=292221&flowCode=M&partnerCode=156,1.0,netWgt=8500.0 kg; isQtyEstimated=False,estimated,observed,month
2023-11-30,2024-01-29,comtrade,un_comtrade,1,mirror.tur.hacid.qty,HS 292221,Turkey (from China),43.3,,t,CIF (importer-reported),export,customs,https://comtradeapi.un.org/public/v1/preview/C/M/HS?reporterCode=792&period=202311&cmdCode=292221&flowCode=M&partnerCode=156,1.0,netWgt=43300.0 kg; isQtyEstimated=False,estimated,observed,month
2023-12-31,2024-02-29,comtrade,un_comtrade,1,mirror.tur.hacid.qty,HS 292221,Turkey (from China),3.201,,t,CIF (importer-reported),export,customs,https://comtradeapi.un.org/public/v1/preview/C/M/HS?reporterCode=792&period=202312&cmdCode=292221&flowCode=M&partnerCode=156,1.0,netWgt=3201.0 kg; isQtyEstimated=False,estimated,observed,month
2024-02-29,2024-04-29,comtrade,un_comtrade,1,mirror.tur.hacid.qty,HS 292221,Turkey (from China),8.446,,t,CIF (importer-reported),export,customs,https://comtradeapi.un.org/public/v1/preview/C/M/HS?reporterCode=792&period=202402&cmdCode=292221&flowCode=M&partnerCode=156,1.0,netWgt=8446.0 kg; isQtyEstimated=False,estimated,observed,month
2024-03-31,2024-05-30,comtrade,un_comtrade,1,mirror.tur.hacid.qty,HS 292221,Turkey (from China),13.0,,t,CIF (importer-reported),export,customs,https://comtradeapi.un.org/public/v1/preview/C/M/HS?reporterCode=792&period=202403&cmdCode=292221&flowCode=M&partnerCode=156,1.0,netWgt=13000.0 kg; isQtyEstimated=False,estimated,observed,month
2024-05-31,2024-07-30,comtrade,un_comtrade,1,mirror.tur.hacid.qty,HS 292221,Turkey (from China),33.147,,t,CIF (importer-reported),export,customs,https://comtradeapi.un.org/public/v1/preview/C/M/HS?reporterCode=792&period=202405&cmdCode=292221&flowCode=M&partnerCode=156,1.0,netWgt=33147.0 kg; isQtyEstimated=False,estimated,observed,month
2024-06-30,2024-08-29,comtrade,un_comtrade,1,mirror.tur.hacid.qty,HS 292221,Turkey (from China),8.021,,t,CIF (importer-reported),export,customs,https://comtradeapi.un.org/public/v1/preview/C/M/HS?reporterCode=792&period=202406&cmdCode=292221&flowCode=M&partnerCode=156,1.0,netWgt=8021.0 kg; isQtyEstimated=False,estimated,observed,month
2024-09-30,2024-11-29,comtrade,un_comtrade,1,mirror.tur.hacid.qty,HS 292221,Turkey (from China),30.437,,t,CIF (importer-reported),export,customs,https://comtradeapi.un.org/public/v1/preview/C/M/HS?reporterCode=792&period=202409&cmdCode=292221&flowCode=M&partnerCode=156,1.0,netWgt=30437.0 kg; isQtyEstimated=False,estimated,observed,month
2024-10-31,2024-12-30,comtrade,un_comtrade,1,mirror.tur.hacid.qty,HS 292221,Turkey (from China),51.815,,t,CIF (importer-reported),export,customs,https://comtradeapi.un.org/public/v1/preview/C/M/HS?reporterCode=792&period=202410&cmdCode=292221&flowCode=M&partnerCode=156,1.0,netWgt=51815.0 kg; isQtyEstimated=False,estimated,observed,month
2024-11-30,2025-01-29,comtrade,un_comtrade,1,mirror.tur.hacid.qty,HS 292221,Turkey (from China),73.925,,t,CIF (importer-reported),export,customs,https://comtradeapi.un.org/public/v1/preview/C/M/HS?reporterCode=792&period=202411&cmdCode=292221&flowCode=M&partnerCode=156,1.0,netWgt=73925.0 kg; isQtyEstimated=False,estimated,observed,month
2025-01-31,2025-04-01,comtrade,un_comtrade,1,mirror.tur.hacid.qty,HS 292221,Turkey (from China),67.1,,t,CIF (importer-reported),export,customs,https://comtradeapi.un.org/public/v1/preview/C/M/HS?reporterCode=792&period=202501&cmdCode=292221&flowCode=M&partnerCode=156,1.0,netWgt=67100.0 kg; isQtyEstimated=False,estimated,observed,month
2025-02-28,2025-04-29,comtrade,un_comtrade,1,mirror.tur.hacid.qty,HS 292221,Turkey (from China),21.55,,t,CIF (importer-reported),export,customs,https://comtradeapi.un.org/public/v1/preview/C/M/HS?reporterCode=792&period=202502&cmdCode=292221&flowCode=M&partnerCode=156,1.0,netWgt=21550.0 kg; isQtyEstimated=False,estimated,observed,month
2025-04-30,2025-06-29,comtrade,un_comtrade,1,mirror.tur.hacid.qty,HS 292221,Turkey (from China),17.42,,t,CIF (importer-reported),export,customs,https://comtradeapi.un.org/public/v1/preview/C/M/HS?reporterCode=792&period=202504&cmdCode=292221&flowCode=M&partnerCode=156,1.0,netWgt=17420.0 kg; isQtyEstimated=False,estimated,observed,month
2025-05-31,2025-07-30,comtrade,un_comtrade,1,mirror.tur.hacid.qty,HS 292221,Turkey (from China),69.85,,t,CIF (importer-reported),export,customs,https://comtradeapi.un.org/public/v1/preview/C/M/HS?reporterCode=792&period=202505&cmdCode=292221&flowCode=M&partnerCode=156,1.0,netWgt=69850.0 kg; isQtyEstimated=False,estimated,observed,month
2025-06-30,2025-08-29,comtrade,un_comtrade,1,mirror.tur.hacid.qty,HS 292221,Turkey (from China),13.0,,t,CIF (importer-reported),export,customs,https://comtradeapi.un.org/public/v1/preview/C/M/HS?reporterCode=792&period=202506&cmdCode=292221&flowCode=M&partnerCode=156,1.0,netWgt=13000.0 kg; isQtyEstimated=False,estimated,observed,month
2025-07-31,2025-09-29,comtrade,un_comtrade,1,mirror.tur.hacid.qty,HS 292221,Turkey (from China),10.95,,t,CIF (importer-reported),export,customs,https://comtradeapi.un.org/public/v1/preview/C/M/HS?reporterCode=792&period=202507&cmdCode=292221&flowCode=M&partnerCode=156,1.0,netWgt=10950.0 kg; isQtyEstimated=False,estimated,observed,month
2025-08-31,2025-10-30,comtrade,un_comtrade,1,mirror.tur.hacid.qty,HS 292221,Turkey (from China),62.25,,t,CIF (importer-reported),export,customs,https://comtradeapi.un.org/public/v1/preview/C/M/HS?reporterCode=792&period=202508&cmdCode=292221&flowCode=M&partnerCode=156,1.0,netWgt=62250.0 kg; isQtyEstimated=False,estimated,observed,month
2025-09-30,2025-11-29,comtrade,un_comtrade,1,mirror.tur.hacid.qty,HS 292221,Turkey (from China),13.1,,t,CIF (importer-reported),export,customs,https://comtradeapi.un.org/public/v1/preview/C/M/HS?reporterCode=792&period=202509&cmdCode=292221&flowCode=M&partnerCode=156,1.0,netWgt=13100.0 kg; isQtyEstimated=False,estimated,observed,month
2025-10-31,2025-12-30,comtrade,un_comtrade,1,mirror.tur.hacid.qty,HS 292221,Turkey (from China),0.018,,t,CIF (importer-reported),export,customs,https://comtradeapi.un.org/public/v1/preview/C/M/HS?reporterCode=792&period=202510&cmdCode=292221&flowCode=M&partnerCode=156,1.0,netWgt=18.0 kg; isQtyEstimated=False,estimated,observed,month
2025-12-31,2026-03-01,comtrade,un_comtrade,1,mirror.tur.hacid.qty,HS 292221,Turkey (from China),50.675,,t,CIF (importer-reported),export,customs,https://comtradeapi.un.org/public/v1/preview/C/M/HS?reporterCode=792&period=202512&cmdCode=292221&flowCode=M&partnerCode=156,1.0,netWgt=50675.0 kg; isQtyEstimated=False,estimated,observed,month
2023-02-28,2023-04-29,comtrade,un_comtrade,1,mirror.tur.hacid.value,HS 292221,Turkey (from China),16682.0,USD,USD,CIF (importer-reported),export,customs,https://comtradeapi.un.org/public/v1/preview/C/M/HS?reporterCode=792&period=202302&cmdCode=292221&flowCode=M&partnerCode=156,1.0,cifvalue=16682.0 USD,estimated,observed,month
2023-04-30,2023-06-29,comtrade,un_comtrade,1,mirror.tur.hacid.value,HS 292221,Turkey (from China),36739.0,USD,USD,CIF (importer-reported),export,customs,https://comtradeapi.un.org/public/v1/preview/C/M/HS?reporterCode=792&period=202304&cmdCode=292221&flowCode=M&partnerCode=156,1.0,cifvalue=36739.0 USD,estimated,observed,month
2023-07-31,2023-09-29,comtrade,un_comtrade,1,mirror.tur.hacid.value,HS 292221,Turkey (from China),94160.0,USD,USD,CIF (importer-reported),export,customs,https://comtradeapi.un.org/public/v1/preview/C/M/HS?reporterCode=792&period=202307&cmdCode=292221&flowCode=M&partnerCode=156,1.0,cifvalue=94160.0 USD,estimated,observed,month
2023-08-31,2023-10-30,comtrade,un_comtrade,1,mirror.tur.hacid.value,HS 292221,Turkey (from China),403276.0,USD,USD,CIF (importer-reported),export,customs,https://comtradeapi.un.org/public/v1/preview/C/M/HS?reporterCode=792&period=202308&cmdCode=292221&flowCode=M&partnerCode=156,1.0,cifvalue=403276.0 USD,estimated,observed,month
2023-09-30,2023-11-29,comtrade,un_comtrade,1,mirror.tur.hacid.value,HS 292221,Turkey (from China),97709.0,USD,USD,CIF (importer-reported),export,customs,https://comtradeapi.un.org/public/v1/preview/C/M/HS?reporterCode=792&period=202309&cmdCode=292221&flowCode=M&partnerCode=156,1.0,cifvalue=97709.0 USD,estimated,observed,month
2023-10-31,2023-12-30,comtrade,un_comtrade,1,mirror.tur.hacid.value,HS 292221,Turkey (from China),49575.0,USD,USD,CIF (importer-reported),export,customs,https://comtradeapi.un.org/public/v1/preview/C/M/HS?reporterCode=792&period=202310&cmdCode=292221&flowCode=M&partnerCode=156,1.0,cifvalue=49575.0 USD,estimated,observed,month
2023-11-30,2024-01-29,comtrade,un_comtrade,1,mirror.tur.hacid.value,HS 292221,Turkey (from China),176909.0,USD,USD,CIF (importer-reported),export,customs,https://comtradeapi.un.org/public/v1/preview/C/M/HS?reporterCode=792&period=202311&cmdCode=292221&flowCode=M&partnerCode=156,1.0,cifvalue=176909.0 USD,estimated,observed,month
2023-12-31,2024-02-29,comtrade,un_comtrade,1,mirror.tur.hacid.value,HS 292221,Turkey (from China),17142.0,USD,USD,CIF (importer-reported),export,customs,https://comtradeapi.un.org/public/v1/preview/C/M/HS?reporterCode=792&period=202312&cmdCode=292221&flowCode=M&partnerCode=156,1.0,cifvalue=17142.0 USD,estimated,observed,month
2024-02-29,2024-04-29,comtrade,un_comtrade,1,mirror.tur.hacid.value,HS 292221,Turkey (from China),46454.0,USD,USD,CIF (importer-reported),export,customs,https://comtradeapi.un.org/public/v1/preview/C/M/HS?reporterCode=792&period=202402&cmdCode=292221&flowCode=M&partnerCode=156,1.0,cifvalue=46454.0 USD,estimated,observed,month
2024-03-31,2024-05-30,comtrade,un_comtrade,1,mirror.tur.hacid.value,HS 292221,Turkey (from China),63180.0,USD,USD,CIF (importer-reported),export,customs,https://comtradeapi.un.org/public/v1/preview/C/M/HS?reporterCode=792&period=202403&cmdCode=292221&flowCode=M&partnerCode=156,1.0,cifvalue=63180.0 USD,estimated,observed,month
2024-05-31,2024-07-30,comtrade,un_comtrade,1,mirror.tur.hacid.value,HS 292221,Turkey (from China),154318.0,USD,USD,CIF (importer-reported),export,customs,https://comtradeapi.un.org/public/v1/preview/C/M/HS?reporterCode=792&period=202405&cmdCode=292221&flowCode=M&partnerCode=156,1.0,cifvalue=154318.0 USD,estimated,observed,month
2024-06-30,2024-08-29,comtrade,un_comtrade,1,mirror.tur.hacid.value,HS 292221,Turkey (from China),45719.0,USD,USD,CIF (importer-reported),export,customs,https://comtradeapi.un.org/public/v1/preview/C/M/HS?reporterCode=792&period=202406&cmdCode=292221&flowCode=M&partnerCode=156,1.0,cifvalue=45719.0 USD,estimated,observed,month
2024-09-30,2024-11-29,comtrade,un_comtrade,1,mirror.tur.hacid.value,HS 292221,Turkey (from China),146732.0,USD,USD,CIF (importer-reported),export,customs,https://comtradeapi.un.org/public/v1/preview/C/M/HS?reporterCode=792&period=202409&cmdCode=292221&flowCode=M&partnerCode=156,1.0,cifvalue=146732.0 USD,estimated,observed,month
2024-10-31,2024-12-30,comtrade,un_comtrade,1,mirror.tur.hacid.value,HS 292221,Turkey (from China),254466.0,USD,USD,CIF (importer-reported),export,customs,https://comtradeapi.un.org/public/v1/preview/C/M/HS?reporterCode=792&period=202410&cmdCode=292221&flowCode=M&partnerCode=156,1.0,cifvalue=254466.0 USD,estimated,observed,month
2024-11-30,2025-01-29,comtrade,un_comtrade,1,mirror.tur.hacid.value,HS 292221,Turkey (from China),343956.0,USD,USD,CIF (importer-reported),export,customs,https://comtradeapi.un.org/public/v1/preview/C/M/HS?reporterCode=792&period=202411&cmdCode=292221&flowCode=M&partnerCode=156,1.0,cifvalue=343956.0 USD,estimated,observed,month
2025-01-31,2025-04-01,comtrade,un_comtrade,1,mirror.tur.hacid.value,HS 292221,Turkey (from China),318978.0,USD,USD,CIF (importer-reported),export,customs,https://comtradeapi.un.org/public/v1/preview/C/M/HS?reporterCode=792&period=202501&cmdCode=292221&flowCode=M&partnerCode=156,1.0,cifvalue=318978.0 USD,estimated,observed,month
2025-02-28,2025-04-29,comtrade,un_comtrade,1,mirror.tur.hacid.value,HS 292221,Turkey (from China),112680.0,USD,USD,CIF (importer-reported),export,customs,https://comtradeapi.un.org/public/v1/preview/C/M/HS?reporterCode=792&period=202502&cmdCode=292221&flowCode=M&partnerCode=156,1.0,cifvalue=112680.0 USD,estimated,observed,month
2025-04-30,2025-06-29,comtrade,un_comtrade,1,mirror.tur.hacid.value,HS 292221,Turkey (from China),101189.0,USD,USD,CIF (importer-reported),export,customs,https://comtradeapi.un.org/public/v1/preview/C/M/HS?reporterCode=792&period=202504&cmdCode=292221&flowCode=M&partnerCode=156,1.0,cifvalue=101189.0 USD,estimated,observed,month
2025-05-31,2025-07-30,comtrade,un_comtrade,1,mirror.tur.hacid.value,HS 292221,Turkey (from China),336016.0,USD,USD,CIF (importer-reported),export,customs,https://comtradeapi.un.org/public/v1/preview/C/M/HS?reporterCode=792&period=202505&cmdCode=292221&flowCode=M&partnerCode=156,1.0,cifvalue=336016.0 USD,estimated,observed,month
2025-06-30,2025-08-29,comtrade,un_comtrade,1,mirror.tur.hacid.value,HS 292221,Turkey (from China),78903.0,USD,USD,CIF (importer-reported),export,customs,https://comtradeapi.un.org/public/v1/preview/C/M/HS?reporterCode=792&period=202506&cmdCode=292221&flowCode=M&partnerCode=156,1.0,cifvalue=78903.0 USD,estimated,observed,month
2025-07-31,2025-09-29,comtrade,un_comtrade,1,mirror.tur.hacid.value,HS 292221,Turkey (from China),65371.0,USD,USD,CIF (importer-reported),export,customs,https://comtradeapi.un.org/public/v1/preview/C/M/HS?reporterCode=792&period=202507&cmdCode=292221&flowCode=M&partnerCode=156,1.0,cifvalue=65371.0 USD,estimated,observed,month
2025-08-31,2025-10-30,comtrade,un_comtrade,1,mirror.tur.hacid.value,HS 292221,Turkey (from China),314042.0,USD,USD,CIF (importer-reported),export,customs,https://comtradeapi.un.org/public/v1/preview/C/M/HS?reporterCode=792&period=202508&cmdCode=292221&flowCode=M&partnerCode=156,1.0,cifvalue=314042.0 USD,estimated,observed,month
2025-09-30,2025-11-29,comtrade,un_comtrade,1,mirror.tur.hacid.value,HS 292221,Turkey (from China),69065.0,USD,USD,CIF (importer-reported),export,customs,https://comtradeapi.un.org/public/v1/preview/C/M/HS?reporterCode=792&period=202509&cmdCode=292221&flowCode=M&partnerCode=156,1.0,cifvalue=69065.0 USD,estimated,observed,month
2025-10-31,2025-12-30,comtrade,un_comtrade,1,mirror.tur.hacid.value,HS 292221,Turkey (from China),110.0,USD,USD,CIF (importer-reported),export,customs,https://comtradeapi.un.org/public/v1/preview/C/M/HS?reporterCode=792&period=202510&cmdCode=292221&flowCode=M&partnerCode=156,1.0,cifvalue=110.0 USD,estimated,observed,month
2025-12-31,2026-03-01,comtrade,un_comtrade,1,mirror.tur.hacid.value,HS 292221,Turkey (from China),263996.0,USD,USD,CIF (importer-reported),export,customs,https://comtradeapi.un.org/public/v1/preview/C/M/HS?reporterCode=792&period=202512&cmdCode=292221&flowCode=M&partnerCode=156,1.0,cifvalue=263996.0 USD,estimated,observed,month
2023-01-31,2023-04-01,comtrade,un_comtrade,1,mirror.tur.rdye.qty,HS 320416 reactive dyes,Turkey (from China),281.217,,t,CIF (importer-reported),export,customs,https://comtradeapi.un.org/public/v1/preview/C/M/HS?reporterCode=792&period=202301&cmdCode=320416&flowCode=M&partnerCode=156,1.0,netWgt=281217.0 kg; isQtyEstimated=False,estimated,observed,month
2023-02-28,2023-04-29,comtrade,un_comtrade,1,mirror.tur.rdye.qty,HS 320416 reactive dyes,Turkey (from China),369.298,,t,CIF (importer-reported),export,customs,https://comtradeapi.un.org/public/v1/preview/C/M/HS?reporterCode=792&period=202302&cmdCode=320416&flowCode=M&partnerCode=156,1.0,netWgt=369298.0 kg; isQtyEstimated=False,estimated,observed,month
2023-03-31,2023-05-30,comtrade,un_comtrade,1,mirror.tur.rdye.qty,HS 320416 reactive dyes,Turkey (from China),274.018,,t,CIF (importer-reported),export,customs,https://comtradeapi.un.org/public/v1/preview/C/M/HS?reporterCode=792&period=202303&cmdCode=320416&flowCode=M&partnerCode=156,1.0,netWgt=274018.0 kg; isQtyEstimated=False,estimated,observed,month
2023-04-30,2023-06-29,comtrade,un_comtrade,1,mirror.tur.rdye.qty,HS 320416 reactive dyes,Turkey (from China),361.01,,t,CIF (importer-reported),export,customs,https://comtradeapi.un.org/public/v1/preview/C/M/HS?reporterCode=792&period=202304&cmdCode=320416&flowCode=M&partnerCode=156,1.0,netWgt=361010.0 kg; isQtyEstimated=False,estimated,observed,month
2023-05-31,2023-07-30,comtrade,un_comtrade,1,mirror.tur.rdye.qty,HS 320416 reactive dyes,Turkey (from China),363.887,,t,CIF (importer-reported),export,customs,https://comtradeapi.un.org/public/v1/preview/C/M/HS?reporterCode=792&period=202305&cmdCode=320416&flowCode=M&partnerCode=156,1.0,netWgt=363887.0 kg; isQtyEstimated=False,estimated,observed,month
2023-06-30,2023-08-29,comtrade,un_comtrade,1,mirror.tur.rdye.qty,HS 320416 reactive dyes,Turkey (from China),219.082,,t,CIF (importer-reported),export,customs,https://comtradeapi.un.org/public/v1/preview/C/M/HS?reporterCode=792&period=202306&cmdCode=320416&flowCode=M&partnerCode=156,1.0,netWgt=219082.0 kg; isQtyEstimated=False,estimated,observed,month
2023-07-31,2023-09-29,comtrade,un_comtrade,1,mirror.tur.rdye.qty,HS 320416 reactive dyes,Turkey (from China),592.534,,t,CIF (importer-reported),export,customs,https://comtradeapi.un.org/public/v1/preview/C/M/HS?reporterCode=792&period=202307&cmdCode=320416&flowCode=M&partnerCode=156,1.0,netWgt=592534.0 kg; isQtyEstimated=False,estimated,observed,month
2023-08-31,2023-10-30,comtrade,un_comtrade,1,mirror.tur.rdye.qty,HS 320416 reactive dyes,Turkey (from China),390.064,,t,CIF (importer-reported),export,customs,https://comtradeapi.un.org/public/v1/preview/C/M/HS?reporterCode=792&period=202308&cmdCode=320416&flowCode=M&partnerCode=156,1.0,netWgt=390064.0 kg; isQtyEstimated=False,estimated,observed,month
2023-09-30,2023-11-29,comtrade,un_comtrade,1,mirror.tur.rdye.qty,HS 320416 reactive dyes,Turkey (from China),350.515,,t,CIF (importer-reported),export,customs,https://comtradeapi.un.org/public/v1/preview/C/M/HS?reporterCode=792&period=202309&cmdCode=320416&flowCode=M&partnerCode=156,1.0,netWgt=350515.0 kg; isQtyEstimated=False,estimated,observed,month
2023-10-31,2023-12-30,comtrade,un_comtrade,1,mirror.tur.rdye.qty,HS 320416 reactive dyes,Turkey (from China),317.102,,t,CIF (importer-reported),export,customs,https://comtradeapi.un.org/public/v1/preview/C/M/HS?reporterCode=792&period=202310&cmdCode=320416&flowCode=M&partnerCode=156,1.0,netWgt=317102.0 kg; isQtyEstimated=False,estimated,observed,month
2023-11-30,2024-01-29,comtrade,un_comtrade,1,mirror.tur.rdye.qty,HS 320416 reactive dyes,Turkey (from China),191.488,,t,CIF (importer-reported),export,customs,https://comtradeapi.un.org/public/v1/preview/C/M/HS?reporterCode=792&period=202311&cmdCode=320416&flowCode=M&partnerCode=156,1.0,netWgt=191488.0 kg; isQtyEstimated=False,estimated,observed,month
2023-12-31,2024-02-29,comtrade,un_comtrade,1,mirror.tur.rdye.qty,HS 320416 reactive dyes,Turkey (from China),319.391,,t,CIF (importer-reported),export,customs,https://comtradeapi.un.org/public/v1/preview/C/M/HS?reporterCode=792&period=202312&cmdCode=320416&flowCode=M&partnerCode=156,1.0,netWgt=319391.0 kg; isQtyEstimated=False,estimated,observed,month
2024-01-31,2024-03-31,comtrade,un_comtrade,1,mirror.tur.rdye.qty,HS 320416 reactive dyes,Turkey (from China),318.759,,t,CIF (importer-reported),export,customs,https://comtradeapi.un.org/public/v1/preview/C/M/HS?reporterCode=792&period=202401&cmdCode=320416&flowCode=M&partnerCode=156,1.0,netWgt=318759.0 kg; isQtyEstimated=False,estimated,observed,month
2024-02-29,2024-04-29,comtrade,un_comtrade,1,mirror.tur.rdye.qty,HS 320416 reactive dyes,Turkey (from China),297.172,,t,CIF (importer-reported),export,customs,https://comtradeapi.un.org/public/v1/preview/C/M/HS?reporterCode=792&period=202402&cmdCode=320416&flowCode=M&partnerCode=156,1.0,netWgt=297172.0 kg; isQtyEstimated=False,estimated,observed,month
2024-03-31,2024-05-30,comtrade,un_comtrade,1,mirror.tur.rdye.qty,HS 320416 reactive dyes,Turkey (from China),217.108,,t,CIF (importer-reported),export,customs,https://comtradeapi.un.org/public/v1/preview/C/M/HS?reporterCode=792&period=202403&cmdCode=320416&flowCode=M&partnerCode=156,1.0,netWgt=217108.0 kg; isQtyEstimated=False,estimated,observed,month
2024-04-30,2024-06-29,comtrade,un_comtrade,1,mirror.tur.rdye.qty,HS 320416 reactive dyes,Turkey (from China),366.008,,t,CIF (importer-reported),export,customs,https://comtradeapi.un.org/public/v1/preview/C/M/HS?reporterCode=792&period=202404&cmdCode=320416&flowCode=M&partnerCode=156,1.0,netWgt=366008.0 kg; isQtyEstimated=False,estimated,observed,month
2024-05-31,2024-07-30,comtrade,un_comtrade,1,mirror.tur.rdye.qty,HS 320416 reactive dyes,Turkey (from China),150.32,,t,CIF (importer-reported),export,customs,https://comtradeapi.un.org/public/v1/preview/C/M/HS?reporterCode=792&period=202405&cmdCode=320416&flowCode=M&partnerCode=156,1.0,netWgt=150320.0 kg; isQtyEstimated=False,estimated,observed,month
2024-06-30,2024-08-29,comtrade,un_comtrade,1,mirror.tur.rdye.qty,HS 320416 reactive dyes,Turkey (from China),260.443,,t,CIF (importer-reported),export,customs,https://comtradeapi.un.org/public/v1/preview/C/M/HS?reporterCode=792&period=202406&cmdCode=320416&flowCode=M&partnerCode=156,1.0,netWgt=260443.0 kg; isQtyEstimated=False,estimated,observed,month
2024-07-31,2024-09-29,comtrade,un_comtrade,1,mirror.tur.rdye.qty,HS 320416 reactive dyes,Turkey (from China),315.112,,t,CIF (importer-reported),export,customs,https://comtradeapi.un.org/public/v1/preview/C/M/HS?reporterCode=792&period=202407&cmdCode=320416&flowCode=M&partnerCode=156,1.0,netWgt=315112.0 kg; isQtyEstimated=False,estimated,observed,month
2024-08-31,2024-10-30,comtrade,un_comtrade,1,mirror.tur.rdye.qty,HS 320416 reactive dyes,Turkey (from China),165.117,,t,CIF (importer-reported),export,customs,https://comtradeapi.un.org/public/v1/preview/C/M/HS?reporterCode=792&period=202408&cmdCode=320416&flowCode=M&partnerCode=156,1.0,netWgt=165117.0 kg; isQtyEstimated=False,estimated,observed,month
2024-09-30,2024-11-29,comtrade,un_comtrade,1,mirror.tur.rdye.qty,HS 320416 reactive dyes,Turkey (from China),281.599,,t,CIF (importer-reported),export,customs,https://comtradeapi.un.org/public/v1/preview/C/M/HS?reporterCode=792&period=202409&cmdCode=320416&flowCode=M&partnerCode=156,1.0,netWgt=281599.0 kg; isQtyEstimated=False,estimated,observed,month
2024-10-31,2024-12-30,comtrade,un_comtrade,1,mirror.tur.rdye.qty,HS 320416 reactive dyes,Turkey (from China),688.783,,t,CIF (importer-reported),export,customs,https://comtradeapi.un.org/public/v1/preview/C/M/HS?reporterCode=792&period=202410&cmdCode=320416&flowCode=M&partnerCode=156,1.0,netWgt=688783.0 kg; isQtyEstimated=False,estimated,observed,month
2024-11-30,2025-01-29,comtrade,un_comtrade,1,mirror.tur.rdye.qty,HS 320416 reactive dyes,Turkey (from China),218.204,,t,CIF (importer-reported),export,customs,https://comtradeapi.un.org/public/v1/preview/C/M/HS?reporterCode=792&period=202411&cmdCode=320416&flowCode=M&partnerCode=156,1.0,netWgt=218204.0 kg; isQtyEstimated=False,estimated,observed,month
2024-12-31,2025-03-01,comtrade,un_comtrade,1,mirror.tur.rdye.qty,HS 320416 reactive dyes,Turkey (from China),427.585,,t,CIF (importer-reported),export,customs,https://comtradeapi.un.org/public/v1/preview/C/M/HS?reporterCode=792&period=202412&cmdCode=320416&flowCode=M&partnerCode=156,1.0,netWgt=427585.0 kg; isQtyEstimated=False,estimated,observed,month
2025-01-31,2025-04-01,comtrade,un_comtrade,1,mirror.tur.rdye.qty,HS 320416 reactive dyes,Turkey (from China),355.151,,t,CIF (importer-reported),export,customs,https://comtradeapi.un.org/public/v1/preview/C/M/HS?reporterCode=792&period=202501&cmdCode=320416&flowCode=M&partnerCode=156,1.0,netWgt=355151.0 kg; isQtyEstimated=False,estimated,observed,month
2025-02-28,2025-04-29,comtrade,un_comtrade,1,mirror.tur.rdye.qty,HS 320416 reactive dyes,Turkey (from China),417.239,,t,CIF (importer-reported),export,customs,https://comtradeapi.un.org/public/v1/preview/C/M/HS?reporterCode=792&period=202502&cmdCode=320416&flowCode=M&partnerCode=156,1.0,netWgt=417239.0 kg; isQtyEstimated=False,estimated,observed,month
2025-03-31,2025-05-30,comtrade,un_comtrade,1,mirror.tur.rdye.qty,HS 320416 reactive dyes,Turkey (from China),325.036,,t,CIF (importer-reported),export,customs,https://comtradeapi.un.org/public/v1/preview/C/M/HS?reporterCode=792&period=202503&cmdCode=320416&flowCode=M&partnerCode=156,1.0,netWgt=325036.0 kg; isQtyEstimated=False,estimated,observed,month
2025-04-30,2025-06-29,comtrade,un_comtrade,1,mirror.tur.rdye.qty,HS 320416 reactive dyes,Turkey (from China),288.937,,t,CIF (importer-reported),export,customs,https://comtradeapi.un.org/public/v1/preview/C/M/HS?reporterCode=792&period=202504&cmdCode=320416&flowCode=M&partnerCode=156,1.0,netWgt=288937.0 kg; isQtyEstimated=False,estimated,observed,month
2025-05-31,2025-07-30,comtrade,un_comtrade,1,mirror.tur.rdye.qty,HS 320416 reactive dyes,Turkey (from China),130.63,,t,CIF (importer-reported),export,customs,https://comtradeapi.un.org/public/v1/preview/C/M/HS?reporterCode=792&period=202505&cmdCode=320416&flowCode=M&partnerCode=156,1.0,netWgt=130630.0 kg; isQtyEstimated=False,estimated,observed,month
2025-06-30,2025-08-29,comtrade,un_comtrade,1,mirror.tur.rdye.qty,HS 320416 reactive dyes,Turkey (from China),149.631,,t,CIF (importer-reported),export,customs,https://comtradeapi.un.org/public/v1/preview/C/M/HS?reporterCode=792&period=202506&cmdCode=320416&flowCode=M&partnerCode=156,1.0,netWgt=149631.0 kg; isQtyEstimated=False,estimated,observed,month
2025-07-31,2025-09-29,comtrade,un_comtrade,1,mirror.tur.rdye.qty,HS 320416 reactive dyes,Turkey (from China),116.56,,t,CIF (importer-reported),export,customs,https://comtradeapi.un.org/public/v1/preview/C/M/HS?reporterCode=792&period=202507&cmdCode=320416&flowCode=M&partnerCode=156,1.0,netWgt=116560.0 kg; isQtyEstimated=False,estimated,observed,month
2025-08-31,2025-10-30,comtrade,un_comtrade,1,mirror.tur.rdye.qty,HS 320416 reactive dyes,Turkey (from China),237.309,,t,CIF (importer-reported),export,customs,https://comtradeapi.un.org/public/v1/preview/C/M/HS?reporterCode=792&period=202508&cmdCode=320416&flowCode=M&partnerCode=156,1.0,netWgt=237309.0 kg; isQtyEstimated=False,estimated,observed,month
2025-09-30,2025-11-29,comtrade,un_comtrade,1,mirror.tur.rdye.qty,HS 320416 reactive dyes,Turkey (from China),77.14,,t,CIF (importer-reported),export,customs,https://comtradeapi.un.org/public/v1/preview/C/M/HS?reporterCode=792&period=202509&cmdCode=320416&flowCode=M&partnerCode=156,1.0,netWgt=77140.0 kg; isQtyEstimated=False,estimated,observed,month
2025-10-31,2025-12-30,comtrade,un_comtrade,1,mirror.tur.rdye.qty,HS 320416 reactive dyes,Turkey (from China),96.621,,t,CIF (importer-reported),export,customs,https://comtradeapi.un.org/public/v1/preview/C/M/HS?reporterCode=792&period=202510&cmdCode=320416&flowCode=M&partnerCode=156,1.0,netWgt=96621.0 kg; isQtyEstimated=False,estimated,observed,month
2025-11-30,2026-01-29,comtrade,un_comtrade,1,mirror.tur.rdye.qty,HS 320416 reactive dyes,Turkey (from China),337.929,,t,CIF (importer-reported),export,customs,https://comtradeapi.un.org/public/v1/preview/C/M/HS?reporterCode=792&period=202511&cmdCode=320416&flowCode=M&partnerCode=156,1.0,netWgt=337929.0 kg; isQtyEstimated=False,estimated,observed,month
2025-12-31,2026-03-01,comtrade,un_comtrade,1,mirror.tur.rdye.qty,HS 320416 reactive dyes,Turkey (from China),334.831,,t,CIF (importer-reported),export,customs,https://comtradeapi.un.org/public/v1/preview/C/M/HS?reporterCode=792&period=202512&cmdCode=320416&flowCode=M&partnerCode=156,1.0,netWgt=334831.0 kg; isQtyEstimated=False,estimated,observed,month
2023-01-31,2023-04-01,comtrade,un_comtrade,1,mirror.tur.rdye.value,HS 320416 reactive dyes,Turkey (from China),2286471.0,USD,USD,CIF (importer-reported),export,customs,https://comtradeapi.un.org/public/v1/preview/C/M/HS?reporterCode=792&period=202301&cmdCode=320416&flowCode=M&partnerCode=156,1.0,cifvalue=2286471.0 USD,estimated,observed,month
2023-02-28,2023-04-29,comtrade,un_comtrade,1,mirror.tur.rdye.value,HS 320416 reactive dyes,Turkey (from China),2670153.0,USD,USD,CIF (importer-reported),export,customs,https://comtradeapi.un.org/public/v1/preview/C/M/HS?reporterCode=792&period=202302&cmdCode=320416&flowCode=M&partnerCode=156,1.0,cifvalue=2670153.0 USD,estimated,observed,month
2023-03-31,2023-05-30,comtrade,un_comtrade,1,mirror.tur.rdye.value,HS 320416 reactive dyes,Turkey (from China),2207615.0,USD,USD,CIF (importer-reported),export,customs,https://comtradeapi.un.org/public/v1/preview/C/M/HS?reporterCode=792&period=202303&cmdCode=320416&flowCode=M&partnerCode=156,1.0,cifvalue=2207615.0 USD,estimated,observed,month
2023-04-30,2023-06-29,comtrade,un_comtrade,1,mirror.tur.rdye.value,HS 320416 reactive dyes,Turkey (from China),2000683.0,USD,USD,CIF (importer-reported),export,customs,https://comtradeapi.un.org/public/v1/preview/C/M/HS?reporterCode=792&period=202304&cmdCode=320416&flowCode=M&partnerCode=156,1.0,cifvalue=2000683.0 USD,estimated,observed,month
2023-05-31,2023-07-30,comtrade,un_comtrade,1,mirror.tur.rdye.value,HS 320416 reactive dyes,Turkey (from China),1779629.0,USD,USD,CIF (importer-reported),export,customs,https://comtradeapi.un.org/public/v1/preview/C/M/HS?reporterCode=792&period=202305&cmdCode=320416&flowCode=M&partnerCode=156,1.0,cifvalue=1779629.0 USD,estimated,observed,month
2023-06-30,2023-08-29,comtrade,un_comtrade,1,mirror.tur.rdye.value,HS 320416 reactive dyes,Turkey (from China),1682733.0,USD,USD,CIF (importer-reported),export,customs,https://comtradeapi.un.org/public/v1/preview/C/M/HS?reporterCode=792&period=202306&cmdCode=320416&flowCode=M&partnerCode=156,1.0,cifvalue=1682733.0 USD,estimated,observed,month
2023-07-31,2023-09-29,comtrade,un_comtrade,1,mirror.tur.rdye.value,HS 320416 reactive dyes,Turkey (from China),3127238.0,USD,USD,CIF (importer-reported),export,customs,https://comtradeapi.un.org/public/v1/preview/C/M/HS?reporterCode=792&period=202307&cmdCode=320416&flowCode=M&partnerCode=156,1.0,cifvalue=3127238.0 USD,estimated,observed,month
2023-08-31,2023-10-30,comtrade,un_comtrade,1,mirror.tur.rdye.value,HS 320416 reactive dyes,Turkey (from China),2224742.0,USD,USD,CIF (importer-reported),export,customs,https://comtradeapi.un.org/public/v1/preview/C/M/HS?reporterCode=792&period=202308&cmdCode=320416&flowCode=M&partnerCode=156,1.0,cifvalue=2224742.0 USD,estimated,observed,month
2023-09-30,2023-11-29,comtrade,un_comtrade,1,mirror.tur.rdye.value,HS 320416 reactive dyes,Turkey (from China),2615901.0,USD,USD,CIF (importer-reported),export,customs,https://comtradeapi.un.org/public/v1/preview/C/M/HS?reporterCode=792&period=202309&cmdCode=320416&flowCode=M&partnerCode=156,1.0,cifvalue=2615901.0 USD,estimated,observed,month
2023-10-31,2023-12-30,comtrade,un_comtrade,1,mirror.tur.rdye.value,HS 320416 reactive dyes,Turkey (from China),3014461.0,USD,USD,CIF (importer-reported),export,customs,https://comtradeapi.un.org/public/v1/preview/C/M/HS?reporterCode=792&period=202310&cmdCode=320416&flowCode=M&partnerCode=156,1.0,cifvalue=3014461.0 USD,estimated,observed,month
2023-11-30,2024-01-29,comtrade,un_comtrade,1,mirror.tur.rdye.value,HS 320416 reactive dyes,Turkey (from China),1302746.0,USD,USD,CIF (importer-reported),export,customs,https://comtradeapi.un.org/public/v1/preview/C/M/HS?reporterCode=792&period=202311&cmdCode=320416&flowCode=M&partnerCode=156,1.0,cifvalue=1302746.0 USD,estimated,observed,month
2023-12-31,2024-02-29,comtrade,un_comtrade,1,mirror.tur.rdye.value,HS 320416 reactive dyes,Turkey (from China),2215903.0,USD,USD,CIF (importer-reported),export,customs,https://comtradeapi.un.org/public/v1/preview/C/M/HS?reporterCode=792&period=202312&cmdCode=320416&flowCode=M&partnerCode=156,1.0,cifvalue=2215903.0 USD,estimated,observed,month
2024-01-31,2024-03-31,comtrade,un_comtrade,1,mirror.tur.rdye.value,HS 320416 reactive dyes,Turkey (from China),2411652.0,USD,USD,CIF (importer-reported),export,customs,https://comtradeapi.un.org/public/v1/preview/C/M/HS?reporterCode=792&period=202401&cmdCode=320416&flowCode=M&partnerCode=156,1.0,cifvalue=2411652.0 USD,estimated,observed,month
2024-02-29,2024-04-29,comtrade,un_comtrade,1,mirror.tur.rdye.value,HS 320416 reactive dyes,Turkey (from China),2542100.0,USD,USD,CIF (importer-reported),export,customs,https://comtradeapi.un.org/public/v1/preview/C/M/HS?reporterCode=792&period=202402&cmdCode=320416&flowCode=M&partnerCode=156,1.0,cifvalue=2542100.0 USD,estimated,observed,month
2024-03-31,2024-05-30,comtrade,un_comtrade,1,mirror.tur.rdye.value,HS 320416 reactive dyes,Turkey (from China),1624651.0,USD,USD,CIF (importer-reported),export,customs,https://comtradeapi.un.org/public/v1/preview/C/M/HS?reporterCode=792&period=202403&cmdCode=320416&flowCode=M&partnerCode=156,1.0,cifvalue=1624651.0 USD,estimated,observed,month
2024-04-30,2024-06-29,comtrade,un_comtrade,1,mirror.tur.rdye.value,HS 320416 reactive dyes,Turkey (from China),2089415.0,USD,USD,CIF (importer-reported),export,customs,https://comtradeapi.un.org/public/v1/preview/C/M/HS?reporterCode=792&period=202404&cmdCode=320416&flowCode=M&partnerCode=156,1.0,cifvalue=2089415.0 USD,estimated,observed,month
2024-05-31,2024-07-30,comtrade,un_comtrade,1,mirror.tur.rdye.value,HS 320416 reactive dyes,Turkey (from China),1245123.0,USD,USD,CIF (importer-reported),export,customs,https://comtradeapi.un.org/public/v1/preview/C/M/HS?reporterCode=792&period=202405&cmdCode=320416&flowCode=M&partnerCode=156,1.0,cifvalue=1245123.0 USD,estimated,observed,month
2024-06-30,2024-08-29,comtrade,un_comtrade,1,mirror.tur.rdye.value,HS 320416 reactive dyes,Turkey (from China),1693488.0,USD,USD,CIF (importer-reported),export,customs,https://comtradeapi.un.org/public/v1/preview/C/M/HS?reporterCode=792&period=202406&cmdCode=320416&flowCode=M&partnerCode=156,1.0,cifvalue=1693488.0 USD,estimated,observed,month
2024-07-31,2024-09-29,comtrade,un_comtrade,1,mirror.tur.rdye.value,HS 320416 reactive dyes,Turkey (from China),2481845.0,USD,USD,CIF (importer-reported),export,customs,https://comtradeapi.un.org/public/v1/preview/C/M/HS?reporterCode=792&period=202407&cmdCode=320416&flowCode=M&partnerCode=156,1.0,cifvalue=2481845.0 USD,estimated,observed,month
2024-08-31,2024-10-30,comtrade,un_comtrade,1,mirror.tur.rdye.value,HS 320416 reactive dyes,Turkey (from China),812238.0,USD,USD,CIF (importer-reported),export,customs,https://comtradeapi.un.org/public/v1/preview/C/M/HS?reporterCode=792&period=202408&cmdCode=320416&flowCode=M&partnerCode=156,1.0,cifvalue=812238.0 USD,estimated,observed,month
2024-09-30,2024-11-29,comtrade,un_comtrade,1,mirror.tur.rdye.value,HS 320416 reactive dyes,Turkey (from China),2189433.0,USD,USD,CIF (importer-reported),export,customs,https://comtradeapi.un.org/public/v1/preview/C/M/HS?reporterCode=792&period=202409&cmdCode=320416&flowCode=M&partnerCode=156,1.0,cifvalue=2189433.0 USD,estimated,observed,month
2024-10-31,2024-12-30,comtrade,un_comtrade,1,mirror.tur.rdye.value,HS 320416 reactive dyes,Turkey (from China),2981247.0,USD,USD,CIF (importer-reported),export,customs,https://comtradeapi.un.org/public/v1/preview/C/M/HS?reporterCode=792&period=202410&cmdCode=320416&flowCode=M&partnerCode=156,1.0,cifvalue=2981247.0 USD,estimated,observed,month
2024-11-30,2025-01-29,comtrade,un_comtrade,1,mirror.tur.rdye.value,HS 320416 reactive dyes,Turkey (from China),1030662.0,USD,USD,CIF (importer-reported),export,customs,https://comtradeapi.un.org/public/v1/preview/C/M/HS?reporterCode=792&period=202411&cmdCode=320416&flowCode=M&partnerCode=156,1.0,cifvalue=1030662.0 USD,estimated,observed,month
2024-12-31,2025-03-01,comtrade,un_comtrade,1,mirror.tur.rdye.value,HS 320416 reactive dyes,Turkey (from China),2483353.0,USD,USD,CIF (importer-reported),export,customs,https://comtradeapi.un.org/public/v1/preview/C/M/HS?reporterCode=792&period=202412&cmdCode=320416&flowCode=M&partnerCode=156,1.0,cifvalue=2483353.0 USD,estimated,observed,month
2025-01-31,2025-04-01,comtrade,un_comtrade,1,mirror.tur.rdye.value,HS 320416 reactive dyes,Turkey (from China),1667376.0,USD,USD,CIF (importer-reported),export,customs,https://comtradeapi.un.org/public/v1/preview/C/M/HS?reporterCode=792&period=202501&cmdCode=320416&flowCode=M&partnerCode=156,1.0,cifvalue=1667376.0 USD,estimated,observed,month
2025-02-28,2025-04-29,comtrade,un_comtrade,1,mirror.tur.rdye.value,HS 320416 reactive dyes,Turkey (from China),2803169.0,USD,USD,CIF (importer-reported),export,customs,https://comtradeapi.un.org/public/v1/preview/C/M/HS?reporterCode=792&period=202502&cmdCode=320416&flowCode=M&partnerCode=156,1.0,cifvalue=2803169.0 USD,estimated,observed,month
2025-03-31,2025-05-30,comtrade,un_comtrade,1,mirror.tur.rdye.value,HS 320416 reactive dyes,Turkey (from China),1439504.0,USD,USD,CIF (importer-reported),export,customs,https://comtradeapi.un.org/public/v1/preview/C/M/HS?reporterCode=792&period=202503&cmdCode=320416&flowCode=M&partnerCode=156,1.0,cifvalue=1439504.0 USD,estimated,observed,month
2025-04-30,2025-06-29,comtrade,un_comtrade,1,mirror.tur.rdye.value,HS 320416 reactive dyes,Turkey (from China),1859869.0,USD,USD,CIF (importer-reported),export,customs,https://comtradeapi.un.org/public/v1/preview/C/M/HS?reporterCode=792&period=202504&cmdCode=320416&flowCode=M&partnerCode=156,1.0,cifvalue=1859869.0 USD,estimated,observed,month
2025-05-31,2025-07-30,comtrade,un_comtrade,1,mirror.tur.rdye.value,HS 320416 reactive dyes,Turkey (from China),868116.0,USD,USD,CIF (importer-reported),export,customs,https://comtradeapi.un.org/public/v1/preview/C/M/HS?reporterCode=792&period=202505&cmdCode=320416&flowCode=M&partnerCode=156,1.0,cifvalue=868116.0 USD,estimated,observed,month
2025-06-30,2025-08-29,comtrade,un_comtrade,1,mirror.tur.rdye.value,HS 320416 reactive dyes,Turkey (from China),879660.0,USD,USD,CIF (importer-reported),export,customs,https://comtradeapi.un.org/public/v1/preview/C/M/HS?reporterCode=792&period=202506&cmdCode=320416&flowCode=M&partnerCode=156,1.0,cifvalue=879660.0 USD,estimated,observed,month
2025-07-31,2025-09-29,comtrade,un_comtrade,1,mirror.tur.rdye.value,HS 320416 reactive dyes,Turkey (from China),986496.0,USD,USD,CIF (importer-reported),export,customs,https://comtradeapi.un.org/public/v1/preview/C/M/HS?reporterCode=792&period=202507&cmdCode=320416&flowCode=M&partnerCode=156,1.0,cifvalue=986496.0 USD,estimated,observed,month
2025-08-31,2025-10-30,comtrade,un_comtrade,1,mirror.tur.rdye.value,HS 320416 reactive dyes,Turkey (from China),897605.0,USD,USD,CIF (importer-reported),export,customs,https://comtradeapi.un.org/public/v1/preview/C/M/HS?reporterCode=792&period=202508&cmdCode=320416&flowCode=M&partnerCode=156,1.0,cifvalue=897605.0 USD,estimated,observed,month
2025-09-30,2025-11-29,comtrade,un_comtrade,1,mirror.tur.rdye.value,HS 320416 reactive dyes,Turkey (from China),594106.0,USD,USD,CIF (importer-reported),export,customs,https://comtradeapi.un.org/public/v1/preview/C/M/HS?reporterCode=792&period=202509&cmdCode=320416&flowCode=M&partnerCode=156,1.0,cifvalue=594106.0 USD,estimated,observed,month
2025-10-31,2025-12-30,comtrade,un_comtrade,1,mirror.tur.rdye.value,HS 320416 reactive dyes,Turkey (from China),727038.0,USD,USD,CIF (importer-reported),export,customs,https://comtradeapi.un.org/public/v1/preview/C/M/HS?reporterCode=792&period=202510&cmdCode=320416&flowCode=M&partnerCode=156,1.0,cifvalue=727038.0 USD,estimated,observed,month
2025-11-30,2026-01-29,comtrade,un_comtrade,1,mirror.tur.rdye.value,HS 320416 reactive dyes,Turkey (from China),1531764.0,USD,USD,CIF (importer-reported),export,customs,https://comtradeapi.un.org/public/v1/preview/C/M/HS?reporterCode=792&period=202511&cmdCode=320416&flowCode=M&partnerCode=156,1.0,cifvalue=1531764.0 USD,estimated,observed,month
2025-12-31,2026-03-01,comtrade,un_comtrade,1,mirror.tur.rdye.value,HS 320416 reactive dyes,Turkey (from China),1593220.0,USD,USD,CIF (importer-reported),export,customs,https://comtradeapi.un.org/public/v1/preview/C/M/HS?reporterCode=792&period=202512&cmdCode=320416&flowCode=M&partnerCode=156,1.0,cifvalue=1593220.0 USD,estimated,observed,month
2023-03-31,2023-05-30,comtrade,un_comtrade,1,mirror.vnm.hacid.qty,HS 292221,Vietnam (from China),0.617735,,t,CIF (importer-reported),export,customs,https://comtradeapi.un.org/public/v1/preview/C/M/HS?reporterCode=704&period=202303&cmdCode=292221&flowCode=M&partnerCode=156,1.0,netWgt=617.735 kg; isQtyEstimated=True,estimated,observed,month
2023-05-31,2023-07-30,comtrade,un_comtrade,1,mirror.vnm.hacid.qty,HS 292221,Vietnam (from China),0.5948559999999999,,t,CIF (importer-reported),export,customs,https://comtradeapi.un.org/public/v1/preview/C/M/HS?reporterCode=704&period=202305&cmdCode=292221&flowCode=M&partnerCode=156,1.0,netWgt=594.856 kg; isQtyEstimated=True,estimated,observed,month
2023-11-30,2024-01-29,comtrade,un_comtrade,1,mirror.vnm.hacid.qty,HS 292221,Vietnam (from China),0.886564,,t,CIF (importer-reported),export,customs,https://comtradeapi.un.org/public/v1/preview/C/M/HS?reporterCode=704&period=202311&cmdCode=292221&flowCode=M&partnerCode=156,1.0,netWgt=886.564 kg; isQtyEstimated=True,estimated,observed,month
2023-12-31,2024-02-29,comtrade,un_comtrade,1,mirror.vnm.hacid.qty,HS 292221,Vietnam (from China),3.016223,,t,CIF (importer-reported),export,customs,https://comtradeapi.un.org/public/v1/preview/C/M/HS?reporterCode=704&period=202312&cmdCode=292221&flowCode=M&partnerCode=156,1.0,netWgt=3016.223 kg; isQtyEstimated=True,estimated,observed,month
2023-03-31,2023-05-30,comtrade,un_comtrade,1,mirror.vnm.hacid.value,HS 292221,Vietnam (from China),3240.0,USD,USD,CIF (importer-reported),export,customs,https://comtradeapi.un.org/public/v1/preview/C/M/HS?reporterCode=704&period=202303&cmdCode=292221&flowCode=M&partnerCode=156,1.0,cifvalue=3240.0 USD,estimated,observed,month
2023-05-31,2023-07-30,comtrade,un_comtrade,1,mirror.vnm.hacid.value,HS 292221,Vietnam (from China),3120.0,USD,USD,CIF (importer-reported),export,customs,https://comtradeapi.un.org/public/v1/preview/C/M/HS?reporterCode=704&period=202305&cmdCode=292221&flowCode=M&partnerCode=156,1.0,cifvalue=3120.0 USD,estimated,observed,month
2023-11-30,2024-01-29,comtrade,un_comtrade,1,mirror.vnm.hacid.value,HS 292221,Vietnam (from China),4650.0,USD,USD,CIF (importer-reported),export,customs,https://comtradeapi.un.org/public/v1/preview/C/M/HS?reporterCode=704&period=202311&cmdCode=292221&flowCode=M&partnerCode=156,1.0,cifvalue=4650.0 USD,estimated,observed,month
2023-12-31,2024-02-29,comtrade,un_comtrade,1,mirror.vnm.hacid.value,HS 292221,Vietnam (from China),15820.0,USD,USD,CIF (importer-reported),export,customs,https://comtradeapi.un.org/public/v1/preview/C/M/HS?reporterCode=704&period=202312&cmdCode=292221&flowCode=M&partnerCode=156,1.0,cifvalue=15820.0 USD,estimated,observed,month
2023-01-31,2023-04-01,comtrade,un_comtrade,1,mirror.vnm.rdye.qty,HS 320416 reactive dyes,Vietnam (from China),178.65697500000002,,t,CIF (importer-reported),export,customs,https://comtradeapi.un.org/public/v1/preview/C/M/HS?reporterCode=704&period=202301&cmdCode=320416&flowCode=M&partnerCode=156,1.0,netWgt=178656.975 kg; isQtyEstimated=True,estimated,observed,month
2023-02-28,2023-04-29,comtrade,un_comtrade,1,mirror.vnm.rdye.qty,HS 320416 reactive dyes,Vietnam (from China),272.77148800000003,,t,CIF (importer-reported),export,customs,https://comtradeapi.un.org/public/v1/preview/C/M/HS?reporterCode=704&period=202302&cmdCode=320416&flowCode=M&partnerCode=156,1.0,netWgt=272771.488 kg; isQtyEstimated=True,estimated,observed,month
2023-03-31,2023-05-30,comtrade,un_comtrade,1,mirror.vnm.rdye.qty,HS 320416 reactive dyes,Vietnam (from China),318.087339,,t,CIF (importer-reported),export,customs,https://comtradeapi.un.org/public/v1/preview/C/M/HS?reporterCode=704&period=202303&cmdCode=320416&flowCode=M&partnerCode=156,1.0,netWgt=318087.339 kg; isQtyEstimated=True,estimated,observed,month
2023-04-30,2023-06-29,comtrade,un_comtrade,1,mirror.vnm.rdye.qty,HS 320416 reactive dyes,Vietnam (from China),325.72587300000004,,t,CIF (importer-reported),export,customs,https://comtradeapi.un.org/public/v1/preview/C/M/HS?reporterCode=704&period=202304&cmdCode=320416&flowCode=M&partnerCode=156,1.0,netWgt=325725.873 kg; isQtyEstimated=True,estimated,observed,month
2023-05-31,2023-07-30,comtrade,un_comtrade,1,mirror.vnm.rdye.qty,HS 320416 reactive dyes,Vietnam (from China),247.63303,,t,CIF (importer-reported),export,customs,https://comtradeapi.un.org/public/v1/preview/C/M/HS?reporterCode=704&period=202305&cmdCode=320416&flowCode=M&partnerCode=156,1.0,netWgt=247633.03 kg; isQtyEstimated=True,estimated,observed,month
2023-06-30,2023-08-29,comtrade,un_comtrade,1,mirror.vnm.rdye.qty,HS 320416 reactive dyes,Vietnam (from China),313.992147,,t,CIF (importer-reported),export,customs,https://comtradeapi.un.org/public/v1/preview/C/M/HS?reporterCode=704&period=202306&cmdCode=320416&flowCode=M&partnerCode=156,1.0,netWgt=313992.147 kg; isQtyEstimated=True,estimated,observed,month
2023-07-31,2023-09-29,comtrade,un_comtrade,1,mirror.vnm.rdye.qty,HS 320416 reactive dyes,Vietnam (from China),201.938704,,t,CIF (importer-reported),export,customs,https://comtradeapi.un.org/public/v1/preview/C/M/HS?reporterCode=704&period=202307&cmdCode=320416&flowCode=M&partnerCode=156,1.0,netWgt=201938.704 kg; isQtyEstimated=True,estimated,observed,month
2023-08-31,2023-10-30,comtrade,un_comtrade,1,mirror.vnm.rdye.qty,HS 320416 reactive dyes,Vietnam (from China),467.143036,,t,CIF (importer-reported),export,customs,https://comtradeapi.un.org/public/v1/preview/C/M/HS?reporterCode=704&period=202308&cmdCode=320416&flowCode=M&partnerCode=156,1.0,netWgt=467143.036 kg; isQtyEstimated=True,estimated,observed,month
2023-09-30,2023-11-29,comtrade,un_comtrade,1,mirror.vnm.rdye.qty,HS 320416 reactive dyes,Vietnam (from China),354.46806699999996,,t,CIF (importer-reported),export,customs,https://comtradeapi.un.org/public/v1/preview/C/M/HS?reporterCode=704&period=202309&cmdCode=320416&flowCode=M&partnerCode=156,1.0,netWgt=354468.067 kg; isQtyEstimated=True,estimated,observed,month
2023-10-31,2023-12-30,comtrade,un_comtrade,1,mirror.vnm.rdye.qty,HS 320416 reactive dyes,Vietnam (from China),348.235258,,t,CIF (importer-reported),export,customs,https://comtradeapi.un.org/public/v1/preview/C/M/HS?reporterCode=704&period=202310&cmdCode=320416&flowCode=M&partnerCode=156,1.0,netWgt=348235.258 kg; isQtyEstimated=True,estimated,observed,month
2023-11-30,2024-01-29,comtrade,un_comtrade,1,mirror.vnm.rdye.qty,HS 320416 reactive dyes,Vietnam (from China),271.608532,,t,CIF (importer-reported),export,customs,https://comtradeapi.un.org/public/v1/preview/C/M/HS?reporterCode=704&period=202311&cmdCode=320416&flowCode=M&partnerCode=156,1.0,netWgt=271608.532 kg; isQtyEstimated=True,estimated,observed,month
2023-12-31,2024-02-29,comtrade,un_comtrade,1,mirror.vnm.rdye.qty,HS 320416 reactive dyes,Vietnam (from China),257.59297399999997,,t,CIF (importer-reported),export,customs,https://comtradeapi.un.org/public/v1/preview/C/M/HS?reporterCode=704&period=202312&cmdCode=320416&flowCode=M&partnerCode=156,1.0,netWgt=257592.974 kg; isQtyEstimated=True,estimated,observed,month
2023-01-31,2023-04-01,comtrade,un_comtrade,1,mirror.vnm.rdye.value,HS 320416 reactive dyes,Vietnam (from China),1337336.958,USD,USD,CIF (importer-reported),export,customs,https://comtradeapi.un.org/public/v1/preview/C/M/HS?reporterCode=704&period=202301&cmdCode=320416&flowCode=M&partnerCode=156,1.0,cifvalue=1337336.958 USD,estimated,observed,month
2023-02-28,2023-04-29,comtrade,un_comtrade,1,mirror.vnm.rdye.value,HS 320416 reactive dyes,Vietnam (from China),2041831.233,USD,USD,CIF (importer-reported),export,customs,https://comtradeapi.un.org/public/v1/preview/C/M/HS?reporterCode=704&period=202302&cmdCode=320416&flowCode=M&partnerCode=156,1.0,cifvalue=2041831.233 USD,estimated,observed,month
2023-03-31,2023-05-30,comtrade,un_comtrade,1,mirror.vnm.rdye.value,HS 320416 reactive dyes,Vietnam (from China),2381043.075,USD,USD,CIF (importer-reported),export,customs,https://comtradeapi.un.org/public/v1/preview/C/M/HS?reporterCode=704&period=202303&cmdCode=320416&flowCode=M&partnerCode=156,1.0,cifvalue=2381043.075 USD,estimated,observed,month
2023-04-30,2023-06-29,comtrade,un_comtrade,1,mirror.vnm.rdye.value,HS 320416 reactive dyes,Vietnam (from China),2438221.33,USD,USD,CIF (importer-reported),export,customs,https://comtradeapi.un.org/public/v1/preview/C/M/HS?reporterCode=704&period=202304&cmdCode=320416&flowCode=M&partnerCode=156,1.0,cifvalue=2438221.33 USD,estimated,observed,month
2023-05-31,2023-07-30,comtrade,un_comtrade,1,mirror.vnm.rdye.value,HS 320416 reactive dyes,Vietnam (from China),1853657.279,USD,USD,CIF (importer-reported),export,customs,https://comtradeapi.un.org/public/v1/preview/C/M/HS?reporterCode=704&period=202305&cmdCode=320416&flowCode=M&partnerCode=156,1.0,cifvalue=1853657.279 USD,estimated,observed,month
2023-06-30,2023-08-29,comtrade,un_comtrade,1,mirror.vnm.rdye.value,HS 320416 reactive dyes,Vietnam (from China),2350388.51,USD,USD,CIF (importer-reported),export,customs,https://comtradeapi.un.org/public/v1/preview/C/M/HS?reporterCode=704&period=202306&cmdCode=320416&flowCode=M&partnerCode=156,1.0,cifvalue=2350388.51 USD,estimated,observed,month
2023-07-31,2023-09-29,comtrade,un_comtrade,1,mirror.vnm.rdye.value,HS 320416 reactive dyes,Vietnam (from China),1511612.36,USD,USD,CIF (importer-reported),export,customs,https://comtradeapi.un.org/public/v1/preview/C/M/HS?reporterCode=704&period=202307&cmdCode=320416&flowCode=M&partnerCode=156,1.0,cifvalue=1511612.36 USD,estimated,observed,month
2023-08-31,2023-10-30,comtrade,un_comtrade,1,mirror.vnm.rdye.value,HS 320416 reactive dyes,Vietnam (from China),3496799.64,USD,USD,CIF (importer-reported),export,customs,https://comtradeapi.un.org/public/v1/preview/C/M/HS?reporterCode=704&period=202308&cmdCode=320416&flowCode=M&partnerCode=156,1.0,cifvalue=3496799.64 USD,estimated,observed,month
2023-09-30,2023-11-29,comtrade,un_comtrade,1,mirror.vnm.rdye.value,HS 320416 reactive dyes,Vietnam (from China),2653371.053,USD,USD,CIF (importer-reported),export,customs,https://comtradeapi.un.org/public/v1/preview/C/M/HS?reporterCode=704&period=202309&cmdCode=320416&flowCode=M&partnerCode=156,1.0,cifvalue=2653371.053 USD,estimated,observed,month
2023-10-31,2023-12-30,comtrade,un_comtrade,1,mirror.vnm.rdye.value,HS 320416 reactive dyes,Vietnam (from China),2606715.355,USD,USD,CIF (importer-reported),export,customs,https://comtradeapi.un.org/public/v1/preview/C/M/HS?reporterCode=704&period=202310&cmdCode=320416&flowCode=M&partnerCode=156,1.0,cifvalue=2606715.355 USD,estimated,observed,month
2023-11-30,2024-01-29,comtrade,un_comtrade,1,mirror.vnm.rdye.value,HS 320416 reactive dyes,Vietnam (from China),2033125.924,USD,USD,CIF (importer-reported),export,customs,https://comtradeapi.un.org/public/v1/preview/C/M/HS?reporterCode=704&period=202311&cmdCode=320416&flowCode=M&partnerCode=156,1.0,cifvalue=2033125.924 USD,estimated,observed,month
2023-12-31,2024-02-29,comtrade,un_comtrade,1,mirror.vnm.rdye.value,HS 320416 reactive dyes,Vietnam (from China),1928212.45,USD,USD,CIF (importer-reported),export,customs,https://comtradeapi.un.org/public/v1/preview/C/M/HS?reporterCode=704&period=202312&cmdCode=320416&flowCode=M&partnerCode=156,1.0,cifvalue=1928212.45 USD,estimated,observed,month
