obs_date,pub_date,source,source_family,tier,series,location,value,currency,unit,price_type,market,quote_kind,url,confidence,raw_text,vintage_status,value_kind,date_precision
2023-01-02,2023-01-02,ecb_fx,ecb,1,fx.usdcny,,6.89862398202752,CNY,per USD,reference_rate,fx,reference,https://data-api.ecb.europa.eu/service/data/EXR/D.CNY+USD.EUR.SP00.A?startPeriod=2023-01-01&format=csvdata,1.0,ECB EXR CNY/EUR ÷ USD/EUR,confirmed,derived,day
2023-01-03,2023-01-03,ecb_fx,ecb,1,fx.usdcny,,6.909720246562352,CNY,per USD,reference_rate,fx,reference,https://data-api.ecb.europa.eu/service/data/EXR/D.CNY+USD.EUR.SP00.A?startPeriod=2023-01-01&format=csvdata,1.0,ECB EXR CNY/EUR ÷ USD/EUR,confirmed,derived,day
2023-01-04,2023-01-04,ecb_fx,ecb,1,fx.usdcny,,6.886026983677705,CNY,per USD,reference_rate,fx,reference,https://data-api.ecb.europa.eu/service/data/EXR/D.CNY+USD.EUR.SP00.A?startPeriod=2023-01-01&format=csvdata,1.0,ECB EXR CNY/EUR ÷ USD/EUR,confirmed,derived,day
2023-01-05,2023-01-05,ecb_fx,ecb,1,fx.usdcny,,6.873219507593623,CNY,per USD,reference_rate,fx,reference,https://data-api.ecb.europa.eu/service/data/EXR/D.CNY+USD.EUR.SP00.A?startPeriod=2023-01-01&format=csvdata,1.0,ECB EXR CNY/EUR ÷ USD/EUR,confirmed,derived,day
2023-01-06,2023-01-06,ecb_fx,ecb,1,fx.usdcny,,6.861428571428571,CNY,per USD,reference_rate,fx,reference,https://data-api.ecb.europa.eu/service/data/EXR/D.CNY+USD.EUR.SP00.A?startPeriod=2023-01-01&format=csvdata,1.0,ECB EXR CNY/EUR ÷ USD/EUR,confirmed,derived,day
2023-01-09,2023-01-09,ecb_fx,ecb,1,fx.usdcny,,6.782535527299925,CNY,per USD,reference_rate,fx,reference,https://data-api.ecb.europa.eu/service/data/EXR/D.CNY+USD.EUR.SP00.A?startPeriod=2023-01-01&format=csvdata,1.0,ECB EXR CNY/EUR ÷ USD/EUR,confirmed,derived,day
2023-01-10,2023-01-10,ecb_fx,ecb,1,fx.usdcny,,6.782803319966427,CNY,per USD,reference_rate,fx,reference,https://data-api.ecb.europa.eu/service/data/EXR/D.CNY+USD.EUR.SP00.A?startPeriod=2023-01-01&format=csvdata,1.0,ECB EXR CNY/EUR ÷ USD/EUR,confirmed,derived,day
2023-01-11,2023-01-11,ecb_fx,ecb,1,fx.usdcny,,6.7746347817995725,CNY,per USD,reference_rate,fx,reference,https://data-api.ecb.europa.eu/service/data/EXR/D.CNY+USD.EUR.SP00.A?startPeriod=2023-01-01&format=csvdata,1.0,ECB EXR CNY/EUR ÷ USD/EUR,confirmed,derived,day
2023-01-12,2023-01-12,ecb_fx,ecb,1,fx.usdcny,,6.74897883401411,CNY,per USD,reference_rate,fx,reference,https://data-api.ecb.europa.eu/service/data/EXR/D.CNY+USD.EUR.SP00.A?startPeriod=2023-01-01&format=csvdata,1.0,ECB EXR CNY/EUR ÷ USD/EUR,confirmed,derived,day
2023-01-13,2023-01-13,ecb_fx,ecb,1,fx.usdcny,,6.725448492694656,CNY,per USD,reference_rate,fx,reference,https://data-api.ecb.europa.eu/service/data/EXR/D.CNY+USD.EUR.SP00.A?startPeriod=2023-01-01&format=csvdata,1.0,ECB EXR CNY/EUR ÷ USD/EUR,confirmed,derived,day
2023-01-16,2023-01-16,ecb_fx,ecb,1,fx.usdcny,,6.732426933037366,CNY,per USD,reference_rate,fx,reference,https://data-api.ecb.europa.eu/service/data/EXR/D.CNY+USD.EUR.SP00.A?startPeriod=2023-01-01&format=csvdata,1.0,ECB EXR CNY/EUR ÷ USD/EUR,confirmed,derived,day
2023-01-17,2023-01-17,ecb_fx,ecb,1,fx.usdcny,,6.776076731531863,CNY,per USD,reference_rate,fx,reference,https://data-api.ecb.europa.eu/service/data/EXR/D.CNY+USD.EUR.SP00.A?startPeriod=2023-01-01&format=csvdata,1.0,ECB EXR CNY/EUR ÷ USD/EUR,confirmed,derived,day
2023-01-18,2023-01-18,ecb_fx,ecb,1,fx.usdcny,,6.75274471814743,CNY,per USD,reference_rate,fx,reference,https://data-api.ecb.europa.eu/service/data/EXR/D.CNY+USD.EUR.SP00.A?startPeriod=2023-01-01&format=csvdata,1.0,ECB EXR CNY/EUR ÷ USD/EUR,confirmed,derived,day
2023-01-19,2023-01-19,ecb_fx,ecb,1,fx.usdcny,,6.78908922792418,CNY,per USD,reference_rate,fx,reference,https://data-api.ecb.europa.eu/service/data/EXR/D.CNY+USD.EUR.SP00.A?startPeriod=2023-01-01&format=csvdata,1.0,ECB EXR CNY/EUR ÷ USD/EUR,confirmed,derived,day
2023-01-20,2023-01-20,ecb_fx,ecb,1,fx.usdcny,,6.782283391834473,CNY,per USD,reference_rate,fx,reference,https://data-api.ecb.europa.eu/service/data/EXR/D.CNY+USD.EUR.SP00.A?startPeriod=2023-01-01&format=csvdata,1.0,ECB EXR CNY/EUR ÷ USD/EUR,confirmed,derived,day
2023-01-23,2023-01-23,ecb_fx,ecb,1,fx.usdcny,,6.782264741054181,CNY,per USD,reference_rate,fx,reference,https://data-api.ecb.europa.eu/service/data/EXR/D.CNY+USD.EUR.SP00.A?startPeriod=2023-01-01&format=csvdata,1.0,ECB EXR CNY/EUR ÷ USD/EUR,confirmed,derived,day
2023-01-24,2023-01-24,ecb_fx,ecb,1,fx.usdcny,,6.78228034628845,CNY,per USD,reference_rate,fx,reference,https://data-api.ecb.europa.eu/service/data/EXR/D.CNY+USD.EUR.SP00.A?startPeriod=2023-01-01&format=csvdata,1.0,ECB EXR CNY/EUR ÷ USD/EUR,confirmed,derived,day
2023-01-25,2023-01-25,ecb_fx,ecb,1,fx.usdcny,,6.782312925170067,CNY,per USD,reference_rate,fx,reference,https://data-api.ecb.europa.eu/service/data/EXR/D.CNY+USD.EUR.SP00.A?startPeriod=2023-01-01&format=csvdata,1.0,ECB EXR CNY/EUR ÷ USD/EUR,confirmed,derived,day
2023-01-26,2023-01-26,ecb_fx,ecb,1,fx.usdcny,,6.782285452042222,CNY,per USD,reference_rate,fx,reference,https://data-api.ecb.europa.eu/service/data/EXR/D.CNY+USD.EUR.SP00.A?startPeriod=2023-01-01&format=csvdata,1.0,ECB EXR CNY/EUR ÷ USD/EUR,confirmed,derived,day
2023-01-27,2023-01-27,ecb_fx,ecb,1,fx.usdcny,,6.782328578002761,CNY,per USD,reference_rate,fx,reference,https://data-api.ecb.europa.eu/service/data/EXR/D.CNY+USD.EUR.SP00.A?startPeriod=2023-01-01&format=csvdata,1.0,ECB EXR CNY/EUR ÷ USD/EUR,confirmed,derived,day
2023-01-30,2023-01-30,ecb_fx,ecb,1,fx.usdcny,,6.7505273777859305,CNY,per USD,reference_rate,fx,reference,https://data-api.ecb.europa.eu/service/data/EXR/D.CNY+USD.EUR.SP00.A?startPeriod=2023-01-01&format=csvdata,1.0,ECB EXR CNY/EUR ÷ USD/EUR,confirmed,derived,day
2023-01-31,2023-01-31,ecb_fx,ecb,1,fx.usdcny,,6.756946367580541,CNY,per USD,reference_rate,fx,reference,https://data-api.ecb.europa.eu/service/data/EXR/D.CNY+USD.EUR.SP00.A?startPeriod=2023-01-01&format=csvdata,1.0,ECB EXR CNY/EUR ÷ USD/EUR,confirmed,derived,day
2023-02-01,2023-02-01,ecb_fx,ecb,1,fx.usdcny,,6.742427024049936,CNY,per USD,reference_rate,fx,reference,https://data-api.ecb.europa.eu/service/data/EXR/D.CNY+USD.EUR.SP00.A?startPeriod=2023-01-01&format=csvdata,1.0,ECB EXR CNY/EUR ÷ USD/EUR,confirmed,derived,day
2023-02-02,2023-02-02,ecb_fx,ecb,1,fx.usdcny,,6.7235165635238445,CNY,per USD,reference_rate,fx,reference,https://data-api.ecb.europa.eu/service/data/EXR/D.CNY+USD.EUR.SP00.A?startPeriod=2023-01-01&format=csvdata,1.0,ECB EXR CNY/EUR ÷ USD/EUR,confirmed,derived,day
2023-02-03,2023-02-03,ecb_fx,ecb,1,fx.usdcny,,6.737588004023042,CNY,per USD,reference_rate,fx,reference,https://data-api.ecb.europa.eu/service/data/EXR/D.CNY+USD.EUR.SP00.A?startPeriod=2023-01-01&format=csvdata,1.0,ECB EXR CNY/EUR ÷ USD/EUR,confirmed,derived,day
2023-02-06,2023-02-06,ecb_fx,ecb,1,fx.usdcny,,6.7826651818856725,CNY,per USD,reference_rate,fx,reference,https://data-api.ecb.europa.eu/service/data/EXR/D.CNY+USD.EUR.SP00.A?startPeriod=2023-01-01&format=csvdata,1.0,ECB EXR CNY/EUR ÷ USD/EUR,confirmed,derived,day
2023-02-07,2023-02-07,ecb_fx,ecb,1,fx.usdcny,,6.785794392523364,CNY,per USD,reference_rate,fx,reference,https://data-api.ecb.europa.eu/service/data/EXR/D.CNY+USD.EUR.SP00.A?startPeriod=2023-01-01&format=csvdata,1.0,ECB EXR CNY/EUR ÷ USD/EUR,confirmed,derived,day
2023-02-08,2023-02-08,ecb_fx,ecb,1,fx.usdcny,,6.785374941779227,CNY,per USD,reference_rate,fx,reference,https://data-api.ecb.europa.eu/service/data/EXR/D.CNY+USD.EUR.SP00.A?startPeriod=2023-01-01&format=csvdata,1.0,ECB EXR CNY/EUR ÷ USD/EUR,confirmed,derived,day
2023-02-09,2023-02-09,ecb_fx,ecb,1,fx.usdcny,,6.77671525392257,CNY,per USD,reference_rate,fx,reference,https://data-api.ecb.europa.eu/service/data/EXR/D.CNY+USD.EUR.SP00.A?startPeriod=2023-01-01&format=csvdata,1.0,ECB EXR CNY/EUR ÷ USD/EUR,confirmed,derived,day
2023-02-10,2023-02-10,ecb_fx,ecb,1,fx.usdcny,,6.813564078578111,CNY,per USD,reference_rate,fx,reference,https://data-api.ecb.europa.eu/service/data/EXR/D.CNY+USD.EUR.SP00.A?startPeriod=2023-01-01&format=csvdata,1.0,ECB EXR CNY/EUR ÷ USD/EUR,confirmed,derived,day
2023-02-13,2023-02-13,ecb_fx,ecb,1,fx.usdcny,,6.824817518248175,CNY,per USD,reference_rate,fx,reference,https://data-api.ecb.europa.eu/service/data/EXR/D.CNY+USD.EUR.SP00.A?startPeriod=2023-01-01&format=csvdata,1.0,ECB EXR CNY/EUR ÷ USD/EUR,confirmed,derived,day
2023-02-14,2023-02-14,ecb_fx,ecb,1,fx.usdcny,,6.814202063388791,CNY,per USD,reference_rate,fx,reference,https://data-api.ecb.europa.eu/service/data/EXR/D.CNY+USD.EUR.SP00.A?startPeriod=2023-01-01&format=csvdata,1.0,ECB EXR CNY/EUR ÷ USD/EUR,confirmed,derived,day
2023-02-15,2023-02-15,ecb_fx,ecb,1,fx.usdcny,,6.843831775700934,CNY,per USD,reference_rate,fx,reference,https://data-api.ecb.europa.eu/service/data/EXR/D.CNY+USD.EUR.SP00.A?startPeriod=2023-01-01&format=csvdata,1.0,ECB EXR CNY/EUR ÷ USD/EUR,confirmed,derived,day
2023-02-16,2023-02-16,ecb_fx,ecb,1,fx.usdcny,,6.855233644859813,CNY,per USD,reference_rate,fx,reference,https://data-api.ecb.europa.eu/service/data/EXR/D.CNY+USD.EUR.SP00.A?startPeriod=2023-01-01&format=csvdata,1.0,ECB EXR CNY/EUR ÷ USD/EUR,confirmed,derived,day
2023-02-17,2023-02-17,ecb_fx,ecb,1,fx.usdcny,,6.878211764705882,CNY,per USD,reference_rate,fx,reference,https://data-api.ecb.europa.eu/service/data/EXR/D.CNY+USD.EUR.SP00.A?startPeriod=2023-01-01&format=csvdata,1.0,ECB EXR CNY/EUR ÷ USD/EUR,confirmed,derived,day
2023-02-20,2023-02-20,ecb_fx,ecb,1,fx.usdcny,,6.856942102304666,CNY,per USD,reference_rate,fx,reference,https://data-api.ecb.europa.eu/service/data/EXR/D.CNY+USD.EUR.SP00.A?startPeriod=2023-01-01&format=csvdata,1.0,ECB EXR CNY/EUR ÷ USD/EUR,confirmed,derived,day
2023-02-21,2023-02-21,ecb_fx,ecb,1,fx.usdcny,,6.880345086271568,CNY,per USD,reference_rate,fx,reference,https://data-api.ecb.europa.eu/service/data/EXR/D.CNY+USD.EUR.SP00.A?startPeriod=2023-01-01&format=csvdata,1.0,ECB EXR CNY/EUR ÷ USD/EUR,confirmed,derived,day
2023-02-22,2023-02-22,ecb_fx,ecb,1,fx.usdcny,,6.892803457346862,CNY,per USD,reference_rate,fx,reference,https://data-api.ecb.europa.eu/service/data/EXR/D.CNY+USD.EUR.SP00.A?startPeriod=2023-01-01&format=csvdata,1.0,ECB EXR CNY/EUR ÷ USD/EUR,confirmed,derived,day
2023-02-23,2023-02-23,ecb_fx,ecb,1,fx.usdcny,,6.897795779954785,CNY,per USD,reference_rate,fx,reference,https://data-api.ecb.europa.eu/service/data/EXR/D.CNY+USD.EUR.SP00.A?startPeriod=2023-01-01&format=csvdata,1.0,ECB EXR CNY/EUR ÷ USD/EUR,confirmed,derived,day
2023-02-24,2023-02-24,ecb_fx,ecb,1,fx.usdcny,,6.943992431409651,CNY,per USD,reference_rate,fx,reference,https://data-api.ecb.europa.eu/service/data/EXR/D.CNY+USD.EUR.SP00.A?startPeriod=2023-01-01&format=csvdata,1.0,ECB EXR CNY/EUR ÷ USD/EUR,confirmed,derived,day
2023-02-27,2023-02-27,ecb_fx,ecb,1,fx.usdcny,,6.952624597309078,CNY,per USD,reference_rate,fx,reference,https://data-api.ecb.europa.eu/service/data/EXR/D.CNY+USD.EUR.SP00.A?startPeriod=2023-01-01&format=csvdata,1.0,ECB EXR CNY/EUR ÷ USD/EUR,confirmed,derived,day
2023-02-28,2023-02-28,ecb_fx,ecb,1,fx.usdcny,,6.936905546661643,CNY,per USD,reference_rate,fx,reference,https://data-api.ecb.europa.eu/service/data/EXR/D.CNY+USD.EUR.SP00.A?startPeriod=2023-01-01&format=csvdata,1.0,ECB EXR CNY/EUR ÷ USD/EUR,confirmed,derived,day
2023-03-01,2023-03-01,ecb_fx,ecb,1,fx.usdcny,,6.86531261699738,CNY,per USD,reference_rate,fx,reference,https://data-api.ecb.europa.eu/service/data/EXR/D.CNY+USD.EUR.SP00.A?startPeriod=2023-01-01&format=csvdata,1.0,ECB EXR CNY/EUR ÷ USD/EUR,confirmed,derived,day
2023-03-02,2023-03-02,ecb_fx,ecb,1,fx.usdcny,,6.910419613389911,CNY,per USD,reference_rate,fx,reference,https://data-api.ecb.europa.eu/service/data/EXR/D.CNY+USD.EUR.SP00.A?startPeriod=2023-01-01&format=csvdata,1.0,ECB EXR CNY/EUR ÷ USD/EUR,confirmed,derived,day
2023-03-03,2023-03-03,ecb_fx,ecb,1,fx.usdcny,,6.907772020725388,CNY,per USD,reference_rate,fx,reference,https://data-api.ecb.europa.eu/service/data/EXR/D.CNY+USD.EUR.SP00.A?startPeriod=2023-01-01&format=csvdata,1.0,ECB EXR CNY/EUR ÷ USD/EUR,confirmed,derived,day
2023-03-06,2023-03-06,ecb_fx,ecb,1,fx.usdcny,,6.932368964869435,CNY,per USD,reference_rate,fx,reference,https://data-api.ecb.europa.eu/service/data/EXR/D.CNY+USD.EUR.SP00.A?startPeriod=2023-01-01&format=csvdata,1.0,ECB EXR CNY/EUR ÷ USD/EUR,confirmed,derived,day
2023-03-07,2023-03-07,ecb_fx,ecb,1,fx.usdcny,,6.93624003750586,CNY,per USD,reference_rate,fx,reference,https://data-api.ecb.europa.eu/service/data/EXR/D.CNY+USD.EUR.SP00.A?startPeriod=2023-01-01&format=csvdata,1.0,ECB EXR CNY/EUR ÷ USD/EUR,confirmed,derived,day
2023-03-08,2023-03-08,ecb_fx,ecb,1,fx.usdcny,,6.952584163110479,CNY,per USD,reference_rate,fx,reference,https://data-api.ecb.europa.eu/service/data/EXR/D.CNY+USD.EUR.SP00.A?startPeriod=2023-01-01&format=csvdata,1.0,ECB EXR CNY/EUR ÷ USD/EUR,confirmed,derived,day
2023-03-09,2023-03-09,ecb_fx,ecb,1,fx.usdcny,,6.96560545764639,CNY,per USD,reference_rate,fx,reference,https://data-api.ecb.europa.eu/service/data/EXR/D.CNY+USD.EUR.SP00.A?startPeriod=2023-01-01&format=csvdata,1.0,ECB EXR CNY/EUR ÷ USD/EUR,confirmed,derived,day
2023-03-10,2023-03-10,ecb_fx,ecb,1,fx.usdcny,,6.952012091441526,CNY,per USD,reference_rate,fx,reference,https://data-api.ecb.europa.eu/service/data/EXR/D.CNY+USD.EUR.SP00.A?startPeriod=2023-01-01&format=csvdata,1.0,ECB EXR CNY/EUR ÷ USD/EUR,confirmed,derived,day
2023-03-13,2023-03-13,ecb_fx,ecb,1,fx.usdcny,,6.857182888100131,CNY,per USD,reference_rate,fx,reference,https://data-api.ecb.europa.eu/service/data/EXR/D.CNY+USD.EUR.SP00.A?startPeriod=2023-01-01&format=csvdata,1.0,ECB EXR CNY/EUR ÷ USD/EUR,confirmed,derived,day
2023-03-14,2023-03-14,ecb_fx,ecb,1,fx.usdcny,,6.8695166247555175,CNY,per USD,reference_rate,fx,reference,https://data-api.ecb.europa.eu/service/data/EXR/D.CNY+USD.EUR.SP00.A?startPeriod=2023-01-01&format=csvdata,1.0,ECB EXR CNY/EUR ÷ USD/EUR,confirmed,derived,day
2023-03-15,2023-03-15,ecb_fx,ecb,1,fx.usdcny,,6.90728979050147,CNY,per USD,reference_rate,fx,reference,https://data-api.ecb.europa.eu/service/data/EXR/D.CNY+USD.EUR.SP00.A?startPeriod=2023-01-01&format=csvdata,1.0,ECB EXR CNY/EUR ÷ USD/EUR,confirmed,derived,day
2023-03-16,2023-03-16,ecb_fx,ecb,1,fx.usdcny,,6.894289759320434,CNY,per USD,reference_rate,fx,reference,https://data-api.ecb.europa.eu/service/data/EXR/D.CNY+USD.EUR.SP00.A?startPeriod=2023-01-01&format=csvdata,1.0,ECB EXR CNY/EUR ÷ USD/EUR,confirmed,derived,day
2023-03-17,2023-03-17,ecb_fx,ecb,1,fx.usdcny,,6.882895603878377,CNY,per USD,reference_rate,fx,reference,https://data-api.ecb.europa.eu/service/data/EXR/D.CNY+USD.EUR.SP00.A?startPeriod=2023-01-01&format=csvdata,1.0,ECB EXR CNY/EUR ÷ USD/EUR,confirmed,derived,day
2023-03-20,2023-03-20,ecb_fx,ecb,1,fx.usdcny,,6.880563590557058,CNY,per USD,reference_rate,fx,reference,https://data-api.ecb.europa.eu/service/data/EXR/D.CNY+USD.EUR.SP00.A?startPeriod=2023-01-01&format=csvdata,1.0,ECB EXR CNY/EUR ÷ USD/EUR,confirmed,derived,day
2023-03-21,2023-03-21,ecb_fx,ecb,1,fx.usdcny,,6.87249443207127,CNY,per USD,reference_rate,fx,reference,https://data-api.ecb.europa.eu/service/data/EXR/D.CNY+USD.EUR.SP00.A?startPeriod=2023-01-01&format=csvdata,1.0,ECB EXR CNY/EUR ÷ USD/EUR,confirmed,derived,day
2023-03-22,2023-03-22,ecb_fx,ecb,1,fx.usdcny,,6.883449235048679,CNY,per USD,reference_rate,fx,reference,https://data-api.ecb.europa.eu/service/data/EXR/D.CNY+USD.EUR.SP00.A?startPeriod=2023-01-01&format=csvdata,1.0,ECB EXR CNY/EUR ÷ USD/EUR,confirmed,derived,day
2023-03-23,2023-03-23,ecb_fx,ecb,1,fx.usdcny,,6.830774887397737,CNY,per USD,reference_rate,fx,reference,https://data-api.ecb.europa.eu/service/data/EXR/D.CNY+USD.EUR.SP00.A?startPeriod=2023-01-01&format=csvdata,1.0,ECB EXR CNY/EUR ÷ USD/EUR,confirmed,derived,day
2023-03-24,2023-03-24,ecb_fx,ecb,1,fx.usdcny,,6.8707305723592365,CNY,per USD,reference_rate,fx,reference,https://data-api.ecb.europa.eu/service/data/EXR/D.CNY+USD.EUR.SP00.A?startPeriod=2023-01-01&format=csvdata,1.0,ECB EXR CNY/EUR ÷ USD/EUR,confirmed,derived,day
2023-03-27,2023-03-27,ecb_fx,ecb,1,fx.usdcny,,6.881184442587952,CNY,per USD,reference_rate,fx,reference,https://data-api.ecb.europa.eu/service/data/EXR/D.CNY+USD.EUR.SP00.A?startPeriod=2023-01-01&format=csvdata,1.0,ECB EXR CNY/EUR ÷ USD/EUR,confirmed,derived,day
2023-03-28,2023-03-28,ecb_fx,ecb,1,fx.usdcny,,6.877040863388986,CNY,per USD,reference_rate,fx,reference,https://data-api.ecb.europa.eu/service/data/EXR/D.CNY+USD.EUR.SP00.A?startPeriod=2023-01-01&format=csvdata,1.0,ECB EXR CNY/EUR ÷ USD/EUR,confirmed,derived,day
2023-03-29,2023-03-29,ecb_fx,ecb,1,fx.usdcny,,6.884760763344704,CNY,per USD,reference_rate,fx,reference,https://data-api.ecb.europa.eu/service/data/EXR/D.CNY+USD.EUR.SP00.A?startPeriod=2023-01-01&format=csvdata,1.0,ECB EXR CNY/EUR ÷ USD/EUR,confirmed,derived,day
2023-03-30,2023-03-30,ecb_fx,ecb,1,fx.usdcny,,6.880213117765938,CNY,per USD,reference_rate,fx,reference,https://data-api.ecb.europa.eu/service/data/EXR/D.CNY+USD.EUR.SP00.A?startPeriod=2023-01-01&format=csvdata,1.0,ECB EXR CNY/EUR ÷ USD/EUR,confirmed,derived,day
2023-03-31,2023-03-31,ecb_fx,ecb,1,fx.usdcny,,6.874758620689656,CNY,per USD,reference_rate,fx,reference,https://data-api.ecb.europa.eu/service/data/EXR/D.CNY+USD.EUR.SP00.A?startPeriod=2023-01-01&format=csvdata,1.0,ECB EXR CNY/EUR ÷ USD/EUR,confirmed,derived,day
2023-04-03,2023-04-03,ecb_fx,ecb,1,fx.usdcny,,6.88426862925483,CNY,per USD,reference_rate,fx,reference,https://data-api.ecb.europa.eu/service/data/EXR/D.CNY+USD.EUR.SP00.A?startPeriod=2023-01-01&format=csvdata,1.0,ECB EXR CNY/EUR ÷ USD/EUR,confirmed,derived,day
2023-04-04,2023-04-04,ecb_fx,ecb,1,fx.usdcny,,6.883221722777726,CNY,per USD,reference_rate,fx,reference,https://data-api.ecb.europa.eu/service/data/EXR/D.CNY+USD.EUR.SP00.A?startPeriod=2023-01-01&format=csvdata,1.0,ECB EXR CNY/EUR ÷ USD/EUR,confirmed,derived,day
2023-04-05,2023-04-05,ecb_fx,ecb,1,fx.usdcny,,6.879798903107861,CNY,per USD,reference_rate,fx,reference,https://data-api.ecb.europa.eu/service/data/EXR/D.CNY+USD.EUR.SP00.A?startPeriod=2023-01-01&format=csvdata,1.0,ECB EXR CNY/EUR ÷ USD/EUR,confirmed,derived,day
2023-04-06,2023-04-06,ecb_fx,ecb,1,fx.usdcny,,6.872560696289511,CNY,per USD,reference_rate,fx,reference,https://data-api.ecb.europa.eu/service/data/EXR/D.CNY+USD.EUR.SP00.A?startPeriod=2023-01-01&format=csvdata,1.0,ECB EXR CNY/EUR ÷ USD/EUR,confirmed,derived,day
2023-04-11,2023-04-11,ecb_fx,ecb,1,fx.usdcny,,6.88491517652453,CNY,per USD,reference_rate,fx,reference,https://data-api.ecb.europa.eu/service/data/EXR/D.CNY+USD.EUR.SP00.A?startPeriod=2023-01-01&format=csvdata,1.0,ECB EXR CNY/EUR ÷ USD/EUR,confirmed,derived,day
2023-04-12,2023-04-12,ecb_fx,ecb,1,fx.usdcny,,6.883629371909906,CNY,per USD,reference_rate,fx,reference,https://data-api.ecb.europa.eu/service/data/EXR/D.CNY+USD.EUR.SP00.A?startPeriod=2023-01-01&format=csvdata,1.0,ECB EXR CNY/EUR ÷ USD/EUR,confirmed,derived,day
2023-04-13,2023-04-13,ecb_fx,ecb,1,fx.usdcny,,6.87771221062188,CNY,per USD,reference_rate,fx,reference,https://data-api.ecb.europa.eu/service/data/EXR/D.CNY+USD.EUR.SP00.A?startPeriod=2023-01-01&format=csvdata,1.0,ECB EXR CNY/EUR ÷ USD/EUR,confirmed,derived,day
2023-04-14,2023-04-14,ecb_fx,ecb,1,fx.usdcny,,6.851858551144073,CNY,per USD,reference_rate,fx,reference,https://data-api.ecb.europa.eu/service/data/EXR/D.CNY+USD.EUR.SP00.A?startPeriod=2023-01-01&format=csvdata,1.0,ECB EXR CNY/EUR ÷ USD/EUR,confirmed,derived,day
2023-04-17,2023-04-17,ecb_fx,ecb,1,fx.usdcny,,6.8694108004735455,CNY,per USD,reference_rate,fx,reference,https://data-api.ecb.europa.eu/service/data/EXR/D.CNY+USD.EUR.SP00.A?startPeriod=2023-01-01&format=csvdata,1.0,ECB EXR CNY/EUR ÷ USD/EUR,confirmed,derived,day
2023-04-18,2023-04-18,ecb_fx,ecb,1,fx.usdcny,,6.875318993802406,CNY,per USD,reference_rate,fx,reference,https://data-api.ecb.europa.eu/service/data/EXR/D.CNY+USD.EUR.SP00.A?startPeriod=2023-01-01&format=csvdata,1.0,ECB EXR CNY/EUR ÷ USD/EUR,confirmed,derived,day
2023-04-19,2023-04-19,ecb_fx,ecb,1,fx.usdcny,,6.897100521357359,CNY,per USD,reference_rate,fx,reference,https://data-api.ecb.europa.eu/service/data/EXR/D.CNY+USD.EUR.SP00.A?startPeriod=2023-01-01&format=csvdata,1.0,ECB EXR CNY/EUR ÷ USD/EUR,confirmed,derived,day
2023-04-20,2023-04-20,ecb_fx,ecb,1,fx.usdcny,,6.880299707602338,CNY,per USD,reference_rate,fx,reference,https://data-api.ecb.europa.eu/service/data/EXR/D.CNY+USD.EUR.SP00.A?startPeriod=2023-01-01&format=csvdata,1.0,ECB EXR CNY/EUR ÷ USD/EUR,confirmed,derived,day
2023-04-21,2023-04-21,ecb_fx,ecb,1,fx.usdcny,,6.888231007469483,CNY,per USD,reference_rate,fx,reference,https://data-api.ecb.europa.eu/service/data/EXR/D.CNY+USD.EUR.SP00.A?startPeriod=2023-01-01&format=csvdata,1.0,ECB EXR CNY/EUR ÷ USD/EUR,confirmed,derived,day
2023-04-24,2023-04-24,ecb_fx,ecb,1,fx.usdcny,,6.893019451008907,CNY,per USD,reference_rate,fx,reference,https://data-api.ecb.europa.eu/service/data/EXR/D.CNY+USD.EUR.SP00.A?startPeriod=2023-01-01&format=csvdata,1.0,ECB EXR CNY/EUR ÷ USD/EUR,confirmed,derived,day
2023-04-25,2023-04-25,ecb_fx,ecb,1,fx.usdcny,,6.921520595173289,CNY,per USD,reference_rate,fx,reference,https://data-api.ecb.europa.eu/service/data/EXR/D.CNY+USD.EUR.SP00.A?startPeriod=2023-01-01&format=csvdata,1.0,ECB EXR CNY/EUR ÷ USD/EUR,confirmed,derived,day
2023-04-26,2023-04-26,ecb_fx,ecb,1,fx.usdcny,,6.923090859679318,CNY,per USD,reference_rate,fx,reference,https://data-api.ecb.europa.eu/service/data/EXR/D.CNY+USD.EUR.SP00.A?startPeriod=2023-01-01&format=csvdata,1.0,ECB EXR CNY/EUR ÷ USD/EUR,confirmed,derived,day
2023-04-27,2023-04-27,ecb_fx,ecb,1,fx.usdcny,,6.923926824850571,CNY,per USD,reference_rate,fx,reference,https://data-api.ecb.europa.eu/service/data/EXR/D.CNY+USD.EUR.SP00.A?startPeriod=2023-01-01&format=csvdata,1.0,ECB EXR CNY/EUR ÷ USD/EUR,confirmed,derived,day
2023-04-28,2023-04-28,ecb_fx,ecb,1,fx.usdcny,,6.919133047991986,CNY,per USD,reference_rate,fx,reference,https://data-api.ecb.europa.eu/service/data/EXR/D.CNY+USD.EUR.SP00.A?startPeriod=2023-01-01&format=csvdata,1.0,ECB EXR CNY/EUR ÷ USD/EUR,confirmed,derived,day
2023-05-02,2023-05-02,ecb_fx,ecb,1,fx.usdcny,,6.9120839033287735,CNY,per USD,reference_rate,fx,reference,https://data-api.ecb.europa.eu/service/data/EXR/D.CNY+USD.EUR.SP00.A?startPeriod=2023-01-01&format=csvdata,1.0,ECB EXR CNY/EUR ÷ USD/EUR,confirmed,derived,day
2023-05-03,2023-05-03,ecb_fx,ecb,1,fx.usdcny,,6.912070995200579,CNY,per USD,reference_rate,fx,reference,https://data-api.ecb.europa.eu/service/data/EXR/D.CNY+USD.EUR.SP00.A?startPeriod=2023-01-01&format=csvdata,1.0,ECB EXR CNY/EUR ÷ USD/EUR,confirmed,derived,day
2023-05-04,2023-05-04,ecb_fx,ecb,1,fx.usdcny,,6.911504424778761,CNY,per USD,reference_rate,fx,reference,https://data-api.ecb.europa.eu/service/data/EXR/D.CNY+USD.EUR.SP00.A?startPeriod=2023-01-01&format=csvdata,1.0,ECB EXR CNY/EUR ÷ USD/EUR,confirmed,derived,day
2023-05-05,2023-05-05,ecb_fx,ecb,1,fx.usdcny,,6.910477573996732,CNY,per USD,reference_rate,fx,reference,https://data-api.ecb.europa.eu/service/data/EXR/D.CNY+USD.EUR.SP00.A?startPeriod=2023-01-01&format=csvdata,1.0,ECB EXR CNY/EUR ÷ USD/EUR,confirmed,derived,day
2023-05-08,2023-05-08,ecb_fx,ecb,1,fx.usdcny,,6.917368850231041,CNY,per USD,reference_rate,fx,reference,https://data-api.ecb.europa.eu/service/data/EXR/D.CNY+USD.EUR.SP00.A?startPeriod=2023-01-01&format=csvdata,1.0,ECB EXR CNY/EUR ÷ USD/EUR,confirmed,derived,day
2023-05-09,2023-05-09,ecb_fx,ecb,1,fx.usdcny,,6.9215256866502415,CNY,per USD,reference_rate,fx,reference,https://data-api.ecb.europa.eu/service/data/EXR/D.CNY+USD.EUR.SP00.A?startPeriod=2023-01-01&format=csvdata,1.0,ECB EXR CNY/EUR ÷ USD/EUR,confirmed,derived,day
2023-05-10,2023-05-10,ecb_fx,ecb,1,fx.usdcny,,6.924018264840183,CNY,per USD,reference_rate,fx,reference,https://data-api.ecb.europa.eu/service/data/EXR/D.CNY+USD.EUR.SP00.A?startPeriod=2023-01-01&format=csvdata,1.0,ECB EXR CNY/EUR ÷ USD/EUR,confirmed,derived,day
2023-05-11,2023-05-11,ecb_fx,ecb,1,fx.usdcny,,6.936596523330284,CNY,per USD,reference_rate,fx,reference,https://data-api.ecb.europa.eu/service/data/EXR/D.CNY+USD.EUR.SP00.A?startPeriod=2023-01-01&format=csvdata,1.0,ECB EXR CNY/EUR ÷ USD/EUR,confirmed,derived,day
2023-05-12,2023-05-12,ecb_fx,ecb,1,fx.usdcny,,6.952074917370547,CNY,per USD,reference_rate,fx,reference,https://data-api.ecb.europa.eu/service/data/EXR/D.CNY+USD.EUR.SP00.A?startPeriod=2023-01-01&format=csvdata,1.0,ECB EXR CNY/EUR ÷ USD/EUR,confirmed,derived,day
2023-05-15,2023-05-15,ecb_fx,ecb,1,fx.usdcny,,6.953015814637735,CNY,per USD,reference_rate,fx,reference,https://data-api.ecb.europa.eu/service/data/EXR/D.CNY+USD.EUR.SP00.A?startPeriod=2023-01-01&format=csvdata,1.0,ECB EXR CNY/EUR ÷ USD/EUR,confirmed,derived,day
2023-05-16,2023-05-16,ecb_fx,ecb,1,fx.usdcny,,6.965628159176545,CNY,per USD,reference_rate,fx,reference,https://data-api.ecb.europa.eu/service/data/EXR/D.CNY+USD.EUR.SP00.A?startPeriod=2023-01-01&format=csvdata,1.0,ECB EXR CNY/EUR ÷ USD/EUR,confirmed,derived,day
2023-05-17,2023-05-17,ecb_fx,ecb,1,fx.usdcny,,6.996213870163451,CNY,per USD,reference_rate,fx,reference,https://data-api.ecb.europa.eu/service/data/EXR/D.CNY+USD.EUR.SP00.A?startPeriod=2023-01-01&format=csvdata,1.0,ECB EXR CNY/EUR ÷ USD/EUR,confirmed,derived,day
2023-05-18,2023-05-18,ecb_fx,ecb,1,fx.usdcny,,7.027004531582355,CNY,per USD,reference_rate,fx,reference,https://data-api.ecb.europa.eu/service/data/EXR/D.CNY+USD.EUR.SP00.A?startPeriod=2023-01-01&format=csvdata,1.0,ECB EXR CNY/EUR ÷ USD/EUR,confirmed,derived,day
2023-05-19,2023-05-19,ecb_fx,ecb,1,fx.usdcny,,7.010177646188009,CNY,per USD,reference_rate,fx,reference,https://data-api.ecb.europa.eu/service/data/EXR/D.CNY+USD.EUR.SP00.A?startPeriod=2023-01-01&format=csvdata,1.0,ECB EXR CNY/EUR ÷ USD/EUR,confirmed,derived,day
2023-05-22,2023-05-22,ecb_fx,ecb,1,fx.usdcny,,7.028922565145074,CNY,per USD,reference_rate,fx,reference,https://data-api.ecb.europa.eu/service/data/EXR/D.CNY+USD.EUR.SP00.A?startPeriod=2023-01-01&format=csvdata,1.0,ECB EXR CNY/EUR ÷ USD/EUR,confirmed,derived,day
2023-05-23,2023-05-23,ecb_fx,ecb,1,fx.usdcny,,7.05436496892105,CNY,per USD,reference_rate,fx,reference,https://data-api.ecb.europa.eu/service/data/EXR/D.CNY+USD.EUR.SP00.A?startPeriod=2023-01-01&format=csvdata,1.0,ECB EXR CNY/EUR ÷ USD/EUR,confirmed,derived,day
2023-05-24,2023-05-24,ecb_fx,ecb,1,fx.usdcny,,7.047287899860918,CNY,per USD,reference_rate,fx,reference,https://data-api.ecb.europa.eu/service/data/EXR/D.CNY+USD.EUR.SP00.A?startPeriod=2023-01-01&format=csvdata,1.0,ECB EXR CNY/EUR ÷ USD/EUR,confirmed,derived,day
2023-05-25,2023-05-25,ecb_fx,ecb,1,fx.usdcny,,7.069492314857942,CNY,per USD,reference_rate,fx,reference,https://data-api.ecb.europa.eu/service/data/EXR/D.CNY+USD.EUR.SP00.A?startPeriod=2023-01-01&format=csvdata,1.0,ECB EXR CNY/EUR ÷ USD/EUR,confirmed,derived,day
2023-05-26,2023-05-26,ecb_fx,ecb,1,fx.usdcny,,7.057390010231607,CNY,per USD,reference_rate,fx,reference,https://data-api.ecb.europa.eu/service/data/EXR/D.CNY+USD.EUR.SP00.A?startPeriod=2023-01-01&format=csvdata,1.0,ECB EXR CNY/EUR ÷ USD/EUR,confirmed,derived,day
2023-05-29,2023-05-29,ecb_fx,ecb,1,fx.usdcny,,7.076061595893608,CNY,per USD,reference_rate,fx,reference,https://data-api.ecb.europa.eu/service/data/EXR/D.CNY+USD.EUR.SP00.A?startPeriod=2023-01-01&format=csvdata,1.0,ECB EXR CNY/EUR ÷ USD/EUR,confirmed,derived,day
2023-05-30,2023-05-30,ecb_fx,ecb,1,fx.usdcny,,7.072784810126582,CNY,per USD,reference_rate,fx,reference,https://data-api.ecb.europa.eu/service/data/EXR/D.CNY+USD.EUR.SP00.A?startPeriod=2023-01-01&format=csvdata,1.0,ECB EXR CNY/EUR ÷ USD/EUR,confirmed,derived,day
2023-05-31,2023-05-31,ecb_fx,ecb,1,fx.usdcny,,7.107179631189741,CNY,per USD,reference_rate,fx,reference,https://data-api.ecb.europa.eu/service/data/EXR/D.CNY+USD.EUR.SP00.A?startPeriod=2023-01-01&format=csvdata,1.0,ECB EXR CNY/EUR ÷ USD/EUR,confirmed,derived,day
2023-06-01,2023-06-01,ecb_fx,ecb,1,fx.usdcny,,7.110965691315322,CNY,per USD,reference_rate,fx,reference,https://data-api.ecb.europa.eu/service/data/EXR/D.CNY+USD.EUR.SP00.A?startPeriod=2023-01-01&format=csvdata,1.0,ECB EXR CNY/EUR ÷ USD/EUR,confirmed,derived,day
2023-06-02,2023-06-02,ecb_fx,ecb,1,fx.usdcny,,7.067267490476632,CNY,per USD,reference_rate,fx,reference,https://data-api.ecb.europa.eu/service/data/EXR/D.CNY+USD.EUR.SP00.A?startPeriod=2023-01-01&format=csvdata,1.0,ECB EXR CNY/EUR ÷ USD/EUR,confirmed,derived,day
2023-06-05,2023-06-05,ecb_fx,ecb,1,fx.usdcny,,7.115247895229187,CNY,per USD,reference_rate,fx,reference,https://data-api.ecb.europa.eu/service/data/EXR/D.CNY+USD.EUR.SP00.A?startPeriod=2023-01-01&format=csvdata,1.0,ECB EXR CNY/EUR ÷ USD/EUR,confirmed,derived,day
2023-06-06,2023-06-06,ecb_fx,ecb,1,fx.usdcny,,7.117850790976317,CNY,per USD,reference_rate,fx,reference,https://data-api.ecb.europa.eu/service/data/EXR/D.CNY+USD.EUR.SP00.A?startPeriod=2023-01-01&format=csvdata,1.0,ECB EXR CNY/EUR ÷ USD/EUR,confirmed,derived,day
2023-06-07,2023-06-07,ecb_fx,ecb,1,fx.usdcny,,7.1134645889707935,CNY,per USD,reference_rate,fx,reference,https://data-api.ecb.europa.eu/service/data/EXR/D.CNY+USD.EUR.SP00.A?startPeriod=2023-01-01&format=csvdata,1.0,ECB EXR CNY/EUR ÷ USD/EUR,confirmed,derived,day
2023-06-08,2023-06-08,ecb_fx,ecb,1,fx.usdcny,,7.128713793424605,CNY,per USD,reference_rate,fx,reference,https://data-api.ecb.europa.eu/service/data/EXR/D.CNY+USD.EUR.SP00.A?startPeriod=2023-01-01&format=csvdata,1.0,ECB EXR CNY/EUR ÷ USD/EUR,confirmed,derived,day
2023-06-09,2023-06-09,ecb_fx,ecb,1,fx.usdcny,,7.1279220779220775,CNY,per USD,reference_rate,fx,reference,https://data-api.ecb.europa.eu/service/data/EXR/D.CNY+USD.EUR.SP00.A?startPeriod=2023-01-01&format=csvdata,1.0,ECB EXR CNY/EUR ÷ USD/EUR,confirmed,derived,day
2023-06-12,2023-06-12,ecb_fx,ecb,1,fx.usdcny,,7.1424059451927535,CNY,per USD,reference_rate,fx,reference,https://data-api.ecb.europa.eu/service/data/EXR/D.CNY+USD.EUR.SP00.A?startPeriod=2023-01-01&format=csvdata,1.0,ECB EXR CNY/EUR ÷ USD/EUR,confirmed,derived,day
2023-06-13,2023-06-13,ecb_fx,ecb,1,fx.usdcny,,7.149726674696564,CNY,per USD,reference_rate,fx,reference,https://data-api.ecb.europa.eu/service/data/EXR/D.CNY+USD.EUR.SP00.A?startPeriod=2023-01-01&format=csvdata,1.0,ECB EXR CNY/EUR ÷ USD/EUR,confirmed,derived,day
2023-06-14,2023-06-14,ecb_fx,ecb,1,fx.usdcny,,7.157276343787585,CNY,per USD,reference_rate,fx,reference,https://data-api.ecb.europa.eu/service/data/EXR/D.CNY+USD.EUR.SP00.A?startPeriod=2023-01-01&format=csvdata,1.0,ECB EXR CNY/EUR ÷ USD/EUR,confirmed,derived,day
2023-06-15,2023-06-15,ecb_fx,ecb,1,fx.usdcny,,7.162491912376375,CNY,per USD,reference_rate,fx,reference,https://data-api.ecb.europa.eu/service/data/EXR/D.CNY+USD.EUR.SP00.A?startPeriod=2023-01-01&format=csvdata,1.0,ECB EXR CNY/EUR ÷ USD/EUR,confirmed,derived,day
2023-06-16,2023-06-16,ecb_fx,ecb,1,fx.usdcny,,7.122013496261171,CNY,per USD,reference_rate,fx,reference,https://data-api.ecb.europa.eu/service/data/EXR/D.CNY+USD.EUR.SP00.A?startPeriod=2023-01-01&format=csvdata,1.0,ECB EXR CNY/EUR ÷ USD/EUR,confirmed,derived,day
2023-06-19,2023-06-19,ecb_fx,ecb,1,fx.usdcny,,7.158212781541842,CNY,per USD,reference_rate,fx,reference,https://data-api.ecb.europa.eu/service/data/EXR/D.CNY+USD.EUR.SP00.A?startPeriod=2023-01-01&format=csvdata,1.0,ECB EXR CNY/EUR ÷ USD/EUR,confirmed,derived,day
2023-06-20,2023-06-20,ecb_fx,ecb,1,fx.usdcny,,7.176621238452392,CNY,per USD,reference_rate,fx,reference,https://data-api.ecb.europa.eu/service/data/EXR/D.CNY+USD.EUR.SP00.A?startPeriod=2023-01-01&format=csvdata,1.0,ECB EXR CNY/EUR ÷ USD/EUR,confirmed,derived,day
2023-06-21,2023-06-21,ecb_fx,ecb,1,fx.usdcny,,7.188409777533644,CNY,per USD,reference_rate,fx,reference,https://data-api.ecb.europa.eu/service/data/EXR/D.CNY+USD.EUR.SP00.A?startPeriod=2023-01-01&format=csvdata,1.0,ECB EXR CNY/EUR ÷ USD/EUR,confirmed,derived,day
2023-06-22,2023-06-22,ecb_fx,ecb,1,fx.usdcny,,7.179426490669093,CNY,per USD,reference_rate,fx,reference,https://data-api.ecb.europa.eu/service/data/EXR/D.CNY+USD.EUR.SP00.A?startPeriod=2023-01-01&format=csvdata,1.0,ECB EXR CNY/EUR ÷ USD/EUR,confirmed,derived,day
2023-06-23,2023-06-23,ecb_fx,ecb,1,fx.usdcny,,7.179437706725468,CNY,per USD,reference_rate,fx,reference,https://data-api.ecb.europa.eu/service/data/EXR/D.CNY+USD.EUR.SP00.A?startPeriod=2023-01-01&format=csvdata,1.0,ECB EXR CNY/EUR ÷ USD/EUR,confirmed,derived,day
2023-06-26,2023-06-26,ecb_fx,ecb,1,fx.usdcny,,7.2331928924711475,CNY,per USD,reference_rate,fx,reference,https://data-api.ecb.europa.eu/service/data/EXR/D.CNY+USD.EUR.SP00.A?startPeriod=2023-01-01&format=csvdata,1.0,ECB EXR CNY/EUR ÷ USD/EUR,confirmed,derived,day
2023-06-27,2023-06-27,ecb_fx,ecb,1,fx.usdcny,,7.211761482969591,CNY,per USD,reference_rate,fx,reference,https://data-api.ecb.europa.eu/service/data/EXR/D.CNY+USD.EUR.SP00.A?startPeriod=2023-01-01&format=csvdata,1.0,ECB EXR CNY/EUR ÷ USD/EUR,confirmed,derived,day
2023-06-28,2023-06-28,ecb_fx,ecb,1,fx.usdcny,,7.246480160906929,CNY,per USD,reference_rate,fx,reference,https://data-api.ecb.europa.eu/service/data/EXR/D.CNY+USD.EUR.SP00.A?startPeriod=2023-01-01&format=csvdata,1.0,ECB EXR CNY/EUR ÷ USD/EUR,confirmed,derived,day
2023-06-29,2023-06-29,ecb_fx,ecb,1,fx.usdcny,,7.235326385079539,CNY,per USD,reference_rate,fx,reference,https://data-api.ecb.europa.eu/service/data/EXR/D.CNY+USD.EUR.SP00.A?startPeriod=2023-01-01&format=csvdata,1.0,ECB EXR CNY/EUR ÷ USD/EUR,confirmed,derived,day
2023-06-30,2023-06-30,ecb_fx,ecb,1,fx.usdcny,,7.268820173016749,CNY,per USD,reference_rate,fx,reference,https://data-api.ecb.europa.eu/service/data/EXR/D.CNY+USD.EUR.SP00.A?startPeriod=2023-01-01&format=csvdata,1.0,ECB EXR CNY/EUR ÷ USD/EUR,confirmed,derived,day
2023-07-03,2023-07-03,ecb_fx,ecb,1,fx.usdcny,,7.249013670978988,CNY,per USD,reference_rate,fx,reference,https://data-api.ecb.europa.eu/service/data/EXR/D.CNY+USD.EUR.SP00.A?startPeriod=2023-01-01&format=csvdata,1.0,ECB EXR CNY/EUR ÷ USD/EUR,confirmed,derived,day
2023-07-04,2023-07-04,ecb_fx,ecb,1,fx.usdcny,,7.218540614960992,CNY,per USD,reference_rate,fx,reference,https://data-api.ecb.europa.eu/service/data/EXR/D.CNY+USD.EUR.SP00.A?startPeriod=2023-01-01&format=csvdata,1.0,ECB EXR CNY/EUR ÷ USD/EUR,confirmed,derived,day
2023-07-05,2023-07-05,ecb_fx,ecb,1,fx.usdcny,,7.2431289640591965,CNY,per USD,reference_rate,fx,reference,https://data-api.ecb.europa.eu/service/data/EXR/D.CNY+USD.EUR.SP00.A?startPeriod=2023-01-01&format=csvdata,1.0,ECB EXR CNY/EUR ÷ USD/EUR,confirmed,derived,day
2023-07-06,2023-07-06,ecb_fx,ecb,1,fx.usdcny,,7.231856133590237,CNY,per USD,reference_rate,fx,reference,https://data-api.ecb.europa.eu/service/data/EXR/D.CNY+USD.EUR.SP00.A?startPeriod=2023-01-01&format=csvdata,1.0,ECB EXR CNY/EUR ÷ USD/EUR,confirmed,derived,day
2023-07-07,2023-07-07,ecb_fx,ecb,1,fx.usdcny,,7.234845701689934,CNY,per USD,reference_rate,fx,reference,https://data-api.ecb.europa.eu/service/data/EXR/D.CNY+USD.EUR.SP00.A?startPeriod=2023-01-01&format=csvdata,1.0,ECB EXR CNY/EUR ÷ USD/EUR,confirmed,derived,day
2023-07-10,2023-07-10,ecb_fx,ecb,1,fx.usdcny,,7.237221613727638,CNY,per USD,reference_rate,fx,reference,https://data-api.ecb.europa.eu/service/data/EXR/D.CNY+USD.EUR.SP00.A?startPeriod=2023-01-01&format=csvdata,1.0,ECB EXR CNY/EUR ÷ USD/EUR,confirmed,derived,day
2023-07-11,2023-07-11,ecb_fx,ecb,1,fx.usdcny,,7.202020202020202,CNY,per USD,reference_rate,fx,reference,https://data-api.ecb.europa.eu/service/data/EXR/D.CNY+USD.EUR.SP00.A?startPeriod=2023-01-01&format=csvdata,1.0,ECB EXR CNY/EUR ÷ USD/EUR,confirmed,derived,day
2023-07-12,2023-07-12,ecb_fx,ecb,1,fx.usdcny,,7.192342587552168,CNY,per USD,reference_rate,fx,reference,https://data-api.ecb.europa.eu/service/data/EXR/D.CNY+USD.EUR.SP00.A?startPeriod=2023-01-01&format=csvdata,1.0,ECB EXR CNY/EUR ÷ USD/EUR,confirmed,derived,day
2023-07-13,2023-07-13,ecb_fx,ecb,1,fx.usdcny,,7.163119298873188,CNY,per USD,reference_rate,fx,reference,https://data-api.ecb.europa.eu/service/data/EXR/D.CNY+USD.EUR.SP00.A?startPeriod=2023-01-01&format=csvdata,1.0,ECB EXR CNY/EUR ÷ USD/EUR,confirmed,derived,day
2023-07-14,2023-07-14,ecb_fx,ecb,1,fx.usdcny,,7.136262365208092,CNY,per USD,reference_rate,fx,reference,https://data-api.ecb.europa.eu/service/data/EXR/D.CNY+USD.EUR.SP00.A?startPeriod=2023-01-01&format=csvdata,1.0,ECB EXR CNY/EUR ÷ USD/EUR,confirmed,derived,day
2023-07-17,2023-07-17,ecb_fx,ecb,1,fx.usdcny,,7.164470169189671,CNY,per USD,reference_rate,fx,reference,https://data-api.ecb.europa.eu/service/data/EXR/D.CNY+USD.EUR.SP00.A?startPeriod=2023-01-01&format=csvdata,1.0,ECB EXR CNY/EUR ÷ USD/EUR,confirmed,derived,day
2023-07-18,2023-07-18,ecb_fx,ecb,1,fx.usdcny,,7.174144824522435,CNY,per USD,reference_rate,fx,reference,https://data-api.ecb.europa.eu/service/data/EXR/D.CNY+USD.EUR.SP00.A?startPeriod=2023-01-01&format=csvdata,1.0,ECB EXR CNY/EUR ÷ USD/EUR,confirmed,derived,day
2023-07-19,2023-07-19,ecb_fx,ecb,1,fx.usdcny,,7.219212261628942,CNY,per USD,reference_rate,fx,reference,https://data-api.ecb.europa.eu/service/data/EXR/D.CNY+USD.EUR.SP00.A?startPeriod=2023-01-01&format=csvdata,1.0,ECB EXR CNY/EUR ÷ USD/EUR,confirmed,derived,day
2023-07-20,2023-07-20,ecb_fx,ecb,1,fx.usdcny,,7.166205233544699,CNY,per USD,reference_rate,fx,reference,https://data-api.ecb.europa.eu/service/data/EXR/D.CNY+USD.EUR.SP00.A?startPeriod=2023-01-01&format=csvdata,1.0,ECB EXR CNY/EUR ÷ USD/EUR,confirmed,derived,day
2023-07-21,2023-07-21,ecb_fx,ecb,1,fx.usdcny,,7.179717702058796,CNY,per USD,reference_rate,fx,reference,https://data-api.ecb.europa.eu/service/data/EXR/D.CNY+USD.EUR.SP00.A?startPeriod=2023-01-01&format=csvdata,1.0,ECB EXR CNY/EUR ÷ USD/EUR,confirmed,derived,day
2023-07-24,2023-07-24,ecb_fx,ecb,1,fx.usdcny,,7.187184571016583,CNY,per USD,reference_rate,fx,reference,https://data-api.ecb.europa.eu/service/data/EXR/D.CNY+USD.EUR.SP00.A?startPeriod=2023-01-01&format=csvdata,1.0,ECB EXR CNY/EUR ÷ USD/EUR,confirmed,derived,day
2023-07-25,2023-07-25,ecb_fx,ecb,1,fx.usdcny,,7.140982716496245,CNY,per USD,reference_rate,fx,reference,https://data-api.ecb.europa.eu/service/data/EXR/D.CNY+USD.EUR.SP00.A?startPeriod=2023-01-01&format=csvdata,1.0,ECB EXR CNY/EUR ÷ USD/EUR,confirmed,derived,day
2023-07-26,2023-07-26,ecb_fx,ecb,1,fx.usdcny,,7.153359254905506,CNY,per USD,reference_rate,fx,reference,https://data-api.ecb.europa.eu/service/data/EXR/D.CNY+USD.EUR.SP00.A?startPeriod=2023-01-01&format=csvdata,1.0,ECB EXR CNY/EUR ÷ USD/EUR,confirmed,derived,day
2023-07-27,2023-07-27,ecb_fx,ecb,1,fx.usdcny,,7.146966292134831,CNY,per USD,reference_rate,fx,reference,https://data-api.ecb.europa.eu/service/data/EXR/D.CNY+USD.EUR.SP00.A?startPeriod=2023-01-01&format=csvdata,1.0,ECB EXR CNY/EUR ÷ USD/EUR,confirmed,derived,day
2023-07-28,2023-07-28,ecb_fx,ecb,1,fx.usdcny,,7.157039055404178,CNY,per USD,reference_rate,fx,reference,https://data-api.ecb.europa.eu/service/data/EXR/D.CNY+USD.EUR.SP00.A?startPeriod=2023-01-01&format=csvdata,1.0,ECB EXR CNY/EUR ÷ USD/EUR,confirmed,derived,day
2023-07-31,2023-07-31,ecb_fx,ecb,1,fx.usdcny,,7.149414859838519,CNY,per USD,reference_rate,fx,reference,https://data-api.ecb.europa.eu/service/data/EXR/D.CNY+USD.EUR.SP00.A?startPeriod=2023-01-01&format=csvdata,1.0,ECB EXR CNY/EUR ÷ USD/EUR,confirmed,derived,day
2023-08-01,2023-08-01,ecb_fx,ecb,1,fx.usdcny,,7.166818596171376,CNY,per USD,reference_rate,fx,reference,https://data-api.ecb.europa.eu/service/data/EXR/D.CNY+USD.EUR.SP00.A?startPeriod=2023-01-01&format=csvdata,1.0,ECB EXR CNY/EUR ÷ USD/EUR,confirmed,derived,day
2023-08-02,2023-08-02,ecb_fx,ecb,1,fx.usdcny,,7.176058261265362,CNY,per USD,reference_rate,fx,reference,https://data-api.ecb.europa.eu/service/data/EXR/D.CNY+USD.EUR.SP00.A?startPeriod=2023-01-01&format=csvdata,1.0,ECB EXR CNY/EUR ÷ USD/EUR,confirmed,derived,day
2023-08-03,2023-08-03,ecb_fx,ecb,1,fx.usdcny,,7.171331869740213,CNY,per USD,reference_rate,fx,reference,https://data-api.ecb.europa.eu/service/data/EXR/D.CNY+USD.EUR.SP00.A?startPeriod=2023-01-01&format=csvdata,1.0,ECB EXR CNY/EUR ÷ USD/EUR,confirmed,derived,day
2023-08-04,2023-08-04,ecb_fx,ecb,1,fx.usdcny,,7.186278092453865,CNY,per USD,reference_rate,fx,reference,https://data-api.ecb.europa.eu/service/data/EXR/D.CNY+USD.EUR.SP00.A?startPeriod=2023-01-01&format=csvdata,1.0,ECB EXR CNY/EUR ÷ USD/EUR,confirmed,derived,day
2023-08-07,2023-08-07,ecb_fx,ecb,1,fx.usdcny,,7.190094683175528,CNY,per USD,reference_rate,fx,reference,https://data-api.ecb.europa.eu/service/data/EXR/D.CNY+USD.EUR.SP00.A?startPeriod=2023-01-01&format=csvdata,1.0,ECB EXR CNY/EUR ÷ USD/EUR,confirmed,derived,day
2023-08-08,2023-08-08,ecb_fx,ecb,1,fx.usdcny,,7.213998538011695,CNY,per USD,reference_rate,fx,reference,https://data-api.ecb.europa.eu/service/data/EXR/D.CNY+USD.EUR.SP00.A?startPeriod=2023-01-01&format=csvdata,1.0,ECB EXR CNY/EUR ÷ USD/EUR,confirmed,derived,day
2023-08-09,2023-08-09,ecb_fx,ecb,1,fx.usdcny,,7.205506929248723,CNY,per USD,reference_rate,fx,reference,https://data-api.ecb.europa.eu/service/data/EXR/D.CNY+USD.EUR.SP00.A?startPeriod=2023-01-01&format=csvdata,1.0,ECB EXR CNY/EUR ÷ USD/EUR,confirmed,derived,day
2023-08-10,2023-08-10,ecb_fx,ecb,1,fx.usdcny,,7.208821127144023,CNY,per USD,reference_rate,fx,reference,https://data-api.ecb.europa.eu/service/data/EXR/D.CNY+USD.EUR.SP00.A?startPeriod=2023-01-01&format=csvdata,1.0,ECB EXR CNY/EUR ÷ USD/EUR,confirmed,derived,day
2023-08-11,2023-08-11,ecb_fx,ecb,1,fx.usdcny,,7.232279171210469,CNY,per USD,reference_rate,fx,reference,https://data-api.ecb.europa.eu/service/data/EXR/D.CNY+USD.EUR.SP00.A?startPeriod=2023-01-01&format=csvdata,1.0,ECB EXR CNY/EUR ÷ USD/EUR,confirmed,derived,day
2023-08-14,2023-08-14,ecb_fx,ecb,1,fx.usdcny,,7.260384263494968,CNY,per USD,reference_rate,fx,reference,https://data-api.ecb.europa.eu/service/data/EXR/D.CNY+USD.EUR.SP00.A?startPeriod=2023-01-01&format=csvdata,1.0,ECB EXR CNY/EUR ÷ USD/EUR,confirmed,derived,day
2023-08-15,2023-08-15,ecb_fx,ecb,1,fx.usdcny,,7.285831960461285,CNY,per USD,reference_rate,fx,reference,https://data-api.ecb.europa.eu/service/data/EXR/D.CNY+USD.EUR.SP00.A?startPeriod=2023-01-01&format=csvdata,1.0,ECB EXR CNY/EUR ÷ USD/EUR,confirmed,derived,day
2023-08-16,2023-08-16,ecb_fx,ecb,1,fx.usdcny,,7.297270062293881,CNY,per USD,reference_rate,fx,reference,https://data-api.ecb.europa.eu/service/data/EXR/D.CNY+USD.EUR.SP00.A?startPeriod=2023-01-01&format=csvdata,1.0,ECB EXR CNY/EUR ÷ USD/EUR,confirmed,derived,day
2023-08-17,2023-08-17,ecb_fx,ecb,1,fx.usdcny,,7.283211009174312,CNY,per USD,reference_rate,fx,reference,https://data-api.ecb.europa.eu/service/data/EXR/D.CNY+USD.EUR.SP00.A?startPeriod=2023-01-01&format=csvdata,1.0,ECB EXR CNY/EUR ÷ USD/EUR,confirmed,derived,day
2023-08-18,2023-08-18,ecb_fx,ecb,1,fx.usdcny,,7.287843931167755,CNY,per USD,reference_rate,fx,reference,https://data-api.ecb.europa.eu/service/data/EXR/D.CNY+USD.EUR.SP00.A?startPeriod=2023-01-01&format=csvdata,1.0,ECB EXR CNY/EUR ÷ USD/EUR,confirmed,derived,day
2023-08-21,2023-08-21,ecb_fx,ecb,1,fx.usdcny,,7.284195086175284,CNY,per USD,reference_rate,fx,reference,https://data-api.ecb.europa.eu/service/data/EXR/D.CNY+USD.EUR.SP00.A?startPeriod=2023-01-01&format=csvdata,1.0,ECB EXR CNY/EUR ÷ USD/EUR,confirmed,derived,day
2023-08-22,2023-08-22,ecb_fx,ecb,1,fx.usdcny,,7.291907779921006,CNY,per USD,reference_rate,fx,reference,https://data-api.ecb.europa.eu/service/data/EXR/D.CNY+USD.EUR.SP00.A?startPeriod=2023-01-01&format=csvdata,1.0,ECB EXR CNY/EUR ÷ USD/EUR,confirmed,derived,day
2023-08-23,2023-08-23,ecb_fx,ecb,1,fx.usdcny,,7.292549745488199,CNY,per USD,reference_rate,fx,reference,https://data-api.ecb.europa.eu/service/data/EXR/D.CNY+USD.EUR.SP00.A?startPeriod=2023-01-01&format=csvdata,1.0,ECB EXR CNY/EUR ÷ USD/EUR,confirmed,derived,day
2023-08-24,2023-08-24,ecb_fx,ecb,1,fx.usdcny,,7.281734317343172,CNY,per USD,reference_rate,fx,reference,https://data-api.ecb.europa.eu/service/data/EXR/D.CNY+USD.EUR.SP00.A?startPeriod=2023-01-01&format=csvdata,1.0,ECB EXR CNY/EUR ÷ USD/EUR,confirmed,derived,day
2023-08-25,2023-08-25,ecb_fx,ecb,1,fx.usdcny,,7.289322723908216,CNY,per USD,reference_rate,fx,reference,https://data-api.ecb.europa.eu/service/data/EXR/D.CNY+USD.EUR.SP00.A?startPeriod=2023-01-01&format=csvdata,1.0,ECB EXR CNY/EUR ÷ USD/EUR,confirmed,derived,day
2023-08-28,2023-08-28,ecb_fx,ecb,1,fx.usdcny,,7.292931162102147,CNY,per USD,reference_rate,fx,reference,https://data-api.ecb.europa.eu/service/data/EXR/D.CNY+USD.EUR.SP00.A?startPeriod=2023-01-01&format=csvdata,1.0,ECB EXR CNY/EUR ÷ USD/EUR,confirmed,derived,day
2023-08-29,2023-08-29,ecb_fx,ecb,1,fx.usdcny,,7.294270110154586,CNY,per USD,reference_rate,fx,reference,https://data-api.ecb.europa.eu/service/data/EXR/D.CNY+USD.EUR.SP00.A?startPeriod=2023-01-01&format=csvdata,1.0,ECB EXR CNY/EUR ÷ USD/EUR,confirmed,derived,day
2023-08-30,2023-08-30,ecb_fx,ecb,1,fx.usdcny,,7.288903178394268,CNY,per USD,reference_rate,fx,reference,https://data-api.ecb.europa.eu/service/data/EXR/D.CNY+USD.EUR.SP00.A?startPeriod=2023-01-01&format=csvdata,1.0,ECB EXR CNY/EUR ÷ USD/EUR,confirmed,derived,day
2023-08-31,2023-08-31,ecb_fx,ecb,1,fx.usdcny,,7.287081339712919,CNY,per USD,reference_rate,fx,reference,https://data-api.ecb.europa.eu/service/data/EXR/D.CNY+USD.EUR.SP00.A?startPeriod=2023-01-01&format=csvdata,1.0,ECB EXR CNY/EUR ÷ USD/EUR,confirmed,derived,day
2023-09-01,2023-09-01,ecb_fx,ecb,1,fx.usdcny,,7.2555330136481,CNY,per USD,reference_rate,fx,reference,https://data-api.ecb.europa.eu/service/data/EXR/D.CNY+USD.EUR.SP00.A?startPeriod=2023-01-01&format=csvdata,1.0,ECB EXR CNY/EUR ÷ USD/EUR,confirmed,derived,day
2023-09-04,2023-09-04,ecb_fx,ecb,1,fx.usdcny,,7.270437922414591,CNY,per USD,reference_rate,fx,reference,https://data-api.ecb.europa.eu/service/data/EXR/D.CNY+USD.EUR.SP00.A?startPeriod=2023-01-01&format=csvdata,1.0,ECB EXR CNY/EUR ÷ USD/EUR,confirmed,derived,day
2023-09-05,2023-09-05,ecb_fx,ecb,1,fx.usdcny,,7.30407231385705,CNY,per USD,reference_rate,fx,reference,https://data-api.ecb.europa.eu/service/data/EXR/D.CNY+USD.EUR.SP00.A?startPeriod=2023-01-01&format=csvdata,1.0,ECB EXR CNY/EUR ÷ USD/EUR,confirmed,derived,day
2023-09-06,2023-09-06,ecb_fx,ecb,1,fx.usdcny,,7.303489995346672,CNY,per USD,reference_rate,fx,reference,https://data-api.ecb.europa.eu/service/data/EXR/D.CNY+USD.EUR.SP00.A?startPeriod=2023-01-01&format=csvdata,1.0,ECB EXR CNY/EUR ÷ USD/EUR,confirmed,derived,day
2023-09-07,2023-09-07,ecb_fx,ecb,1,fx.usdcny,,7.328478057889822,CNY,per USD,reference_rate,fx,reference,https://data-api.ecb.europa.eu/service/data/EXR/D.CNY+USD.EUR.SP00.A?startPeriod=2023-01-01&format=csvdata,1.0,ECB EXR CNY/EUR ÷ USD/EUR,confirmed,derived,day
2023-09-08,2023-09-08,ecb_fx,ecb,1,fx.usdcny,,7.33977952167414,CNY,per USD,reference_rate,fx,reference,https://data-api.ecb.europa.eu/service/data/EXR/D.CNY+USD.EUR.SP00.A?startPeriod=2023-01-01&format=csvdata,1.0,ECB EXR CNY/EUR ÷ USD/EUR,confirmed,derived,day
2023-09-11,2023-09-11,ecb_fx,ecb,1,fx.usdcny,,7.294852666915331,CNY,per USD,reference_rate,fx,reference,https://data-api.ecb.europa.eu/service/data/EXR/D.CNY+USD.EUR.SP00.A?startPeriod=2023-01-01&format=csvdata,1.0,ECB EXR CNY/EUR ÷ USD/EUR,confirmed,derived,day
2023-09-12,2023-09-12,ecb_fx,ecb,1,fx.usdcny,,7.291608326332494,CNY,per USD,reference_rate,fx,reference,https://data-api.ecb.europa.eu/service/data/EXR/D.CNY+USD.EUR.SP00.A?startPeriod=2023-01-01&format=csvdata,1.0,ECB EXR CNY/EUR ÷ USD/EUR,confirmed,derived,day
2023-09-13,2023-09-13,ecb_fx,ecb,1,fx.usdcny,,7.280723003819995,CNY,per USD,reference_rate,fx,reference,https://data-api.ecb.europa.eu/service/data/EXR/D.CNY+USD.EUR.SP00.A?startPeriod=2023-01-01&format=csvdata,1.0,ECB EXR CNY/EUR ÷ USD/EUR,confirmed,derived,day
2023-09-14,2023-09-14,ecb_fx,ecb,1,fx.usdcny,,7.278005591798696,CNY,per USD,reference_rate,fx,reference,https://data-api.ecb.europa.eu/service/data/EXR/D.CNY+USD.EUR.SP00.A?startPeriod=2023-01-01&format=csvdata,1.0,ECB EXR CNY/EUR ÷ USD/EUR,confirmed,derived,day
2023-09-15,2023-09-15,ecb_fx,ecb,1,fx.usdcny,,7.27725652092325,CNY,per USD,reference_rate,fx,reference,https://data-api.ecb.europa.eu/service/data/EXR/D.CNY+USD.EUR.SP00.A?startPeriod=2023-01-01&format=csvdata,1.0,ECB EXR CNY/EUR ÷ USD/EUR,confirmed,derived,day
2023-09-18,2023-09-18,ecb_fx,ecb,1,fx.usdcny,,7.29588295976742,CNY,per USD,reference_rate,fx,reference,https://data-api.ecb.europa.eu/service/data/EXR/D.CNY+USD.EUR.SP00.A?startPeriod=2023-01-01&format=csvdata,1.0,ECB EXR CNY/EUR ÷ USD/EUR,confirmed,derived,day
2023-09-19,2023-09-19,ecb_fx,ecb,1,fx.usdcny,,7.291234948193783,CNY,per USD,reference_rate,fx,reference,https://data-api.ecb.europa.eu/service/data/EXR/D.CNY+USD.EUR.SP00.A?startPeriod=2023-01-01&format=csvdata,1.0,ECB EXR CNY/EUR ÷ USD/EUR,confirmed,derived,day
2023-09-20,2023-09-20,ecb_fx,ecb,1,fx.usdcny,,7.293870304615959,CNY,per USD,reference_rate,fx,reference,https://data-api.ecb.europa.eu/service/data/EXR/D.CNY+USD.EUR.SP00.A?startPeriod=2023-01-01&format=csvdata,1.0,ECB EXR CNY/EUR ÷ USD/EUR,confirmed,derived,day
2023-09-21,2023-09-21,ecb_fx,ecb,1,fx.usdcny,,7.305594734367655,CNY,per USD,reference_rate,fx,reference,https://data-api.ecb.europa.eu/service/data/EXR/D.CNY+USD.EUR.SP00.A?startPeriod=2023-01-01&format=csvdata,1.0,ECB EXR CNY/EUR ÷ USD/EUR,confirmed,derived,day
2023-09-22,2023-09-22,ecb_fx,ecb,1,fx.usdcny,,7.304029304029305,CNY,per USD,reference_rate,fx,reference,https://data-api.ecb.europa.eu/service/data/EXR/D.CNY+USD.EUR.SP00.A?startPeriod=2023-01-01&format=csvdata,1.0,ECB EXR CNY/EUR ÷ USD/EUR,confirmed,derived,day
2023-09-25,2023-09-25,ecb_fx,ecb,1,fx.usdcny,,7.3100724160632,CNY,per USD,reference_rate,fx,reference,https://data-api.ecb.europa.eu/service/data/EXR/D.CNY+USD.EUR.SP00.A?startPeriod=2023-01-01&format=csvdata,1.0,ECB EXR CNY/EUR ÷ USD/EUR,confirmed,derived,day
2023-09-26,2023-09-26,ecb_fx,ecb,1,fx.usdcny,,7.309476661951909,CNY,per USD,reference_rate,fx,reference,https://data-api.ecb.europa.eu/service/data/EXR/D.CNY+USD.EUR.SP00.A?startPeriod=2023-01-01&format=csvdata,1.0,ECB EXR CNY/EUR ÷ USD/EUR,confirmed,derived,day
2023-09-27,2023-09-27,ecb_fx,ecb,1,fx.usdcny,,7.311218678815489,CNY,per USD,reference_rate,fx,reference,https://data-api.ecb.europa.eu/service/data/EXR/D.CNY+USD.EUR.SP00.A?startPeriod=2023-01-01&format=csvdata,1.0,ECB EXR CNY/EUR ÷ USD/EUR,confirmed,derived,day
2023-09-28,2023-09-28,ecb_fx,ecb,1,fx.usdcny,,7.304867634500426,CNY,per USD,reference_rate,fx,reference,https://data-api.ecb.europa.eu/service/data/EXR/D.CNY+USD.EUR.SP00.A?startPeriod=2023-01-01&format=csvdata,1.0,ECB EXR CNY/EUR ÷ USD/EUR,confirmed,derived,day
2023-09-29,2023-09-29,ecb_fx,ecb,1,fx.usdcny,,7.301491410232208,CNY,per USD,reference_rate,fx,reference,https://data-api.ecb.europa.eu/service/data/EXR/D.CNY+USD.EUR.SP00.A?startPeriod=2023-01-01&format=csvdata,1.0,ECB EXR CNY/EUR ÷ USD/EUR,confirmed,derived,day
2023-10-02,2023-10-02,ecb_fx,ecb,1,fx.usdcny,,7.301519468186136,CNY,per USD,reference_rate,fx,reference,https://data-api.ecb.europa.eu/service/data/EXR/D.CNY+USD.EUR.SP00.A?startPeriod=2023-01-01&format=csvdata,1.0,ECB EXR CNY/EUR ÷ USD/EUR,confirmed,derived,day
2023-10-03,2023-10-03,ecb_fx,ecb,1,fx.usdcny,,7.301461457636833,CNY,per USD,reference_rate,fx,reference,https://data-api.ecb.europa.eu/service/data/EXR/D.CNY+USD.EUR.SP00.A?startPeriod=2023-01-01&format=csvdata,1.0,ECB EXR CNY/EUR ÷ USD/EUR,confirmed,derived,day
2023-10-04,2023-10-04,ecb_fx,ecb,1,fx.usdcny,,7.301514718490995,CNY,per USD,reference_rate,fx,reference,https://data-api.ecb.europa.eu/service/data/EXR/D.CNY+USD.EUR.SP00.A?startPeriod=2023-01-01&format=csvdata,1.0,ECB EXR CNY/EUR ÷ USD/EUR,confirmed,derived,day
2023-10-05,2023-10-05,ecb_fx,ecb,1,fx.usdcny,,7.301539046171385,CNY,per USD,reference_rate,fx,reference,https://data-api.ecb.europa.eu/service/data/EXR/D.CNY+USD.EUR.SP00.A?startPeriod=2023-01-01&format=csvdata,1.0,ECB EXR CNY/EUR ÷ USD/EUR,confirmed,derived,day
2023-10-06,2023-10-06,ecb_fx,ecb,1,fx.usdcny,,7.304932310896525,CNY,per USD,reference_rate,fx,reference,https://data-api.ecb.europa.eu/service/data/EXR/D.CNY+USD.EUR.SP00.A?startPeriod=2023-01-01&format=csvdata,1.0,ECB EXR CNY/EUR ÷ USD/EUR,confirmed,derived,day
2023-10-09,2023-10-09,ecb_fx,ecb,1,fx.usdcny,,7.29123540024689,CNY,per USD,reference_rate,fx,reference,https://data-api.ecb.europa.eu/service/data/EXR/D.CNY+USD.EUR.SP00.A?startPeriod=2023-01-01&format=csvdata,1.0,ECB EXR CNY/EUR ÷ USD/EUR,confirmed,derived,day
2023-10-10,2023-10-10,ecb_fx,ecb,1,fx.usdcny,,7.298998298998298,CNY,per USD,reference_rate,fx,reference,https://data-api.ecb.europa.eu/service/data/EXR/D.CNY+USD.EUR.SP00.A?startPeriod=2023-01-01&format=csvdata,1.0,ECB EXR CNY/EUR ÷ USD/EUR,confirmed,derived,day
2023-10-11,2023-10-11,ecb_fx,ecb,1,fx.usdcny,,7.302244436061863,CNY,per USD,reference_rate,fx,reference,https://data-api.ecb.europa.eu/service/data/EXR/D.CNY+USD.EUR.SP00.A?startPeriod=2023-01-01&format=csvdata,1.0,ECB EXR CNY/EUR ÷ USD/EUR,confirmed,derived,day
2023-10-12,2023-10-12,ecb_fx,ecb,1,fx.usdcny,,7.299557397118373,CNY,per USD,reference_rate,fx,reference,https://data-api.ecb.europa.eu/service/data/EXR/D.CNY+USD.EUR.SP00.A?startPeriod=2023-01-01&format=csvdata,1.0,ECB EXR CNY/EUR ÷ USD/EUR,confirmed,derived,day
2023-10-13,2023-10-13,ecb_fx,ecb,1,fx.usdcny,,7.307297605473204,CNY,per USD,reference_rate,fx,reference,https://data-api.ecb.europa.eu/service/data/EXR/D.CNY+USD.EUR.SP00.A?startPeriod=2023-01-01&format=csvdata,1.0,ECB EXR CNY/EUR ÷ USD/EUR,confirmed,derived,day
2023-10-16,2023-10-16,ecb_fx,ecb,1,fx.usdcny,,7.312393243499715,CNY,per USD,reference_rate,fx,reference,https://data-api.ecb.europa.eu/service/data/EXR/D.CNY+USD.EUR.SP00.A?startPeriod=2023-01-01&format=csvdata,1.0,ECB EXR CNY/EUR ÷ USD/EUR,confirmed,derived,day
2023-10-17,2023-10-17,ecb_fx,ecb,1,fx.usdcny,,7.312706973223578,CNY,per USD,reference_rate,fx,reference,https://data-api.ecb.europa.eu/service/data/EXR/D.CNY+USD.EUR.SP00.A?startPeriod=2023-01-01&format=csvdata,1.0,ECB EXR CNY/EUR ÷ USD/EUR,confirmed,derived,day
2023-10-18,2023-10-18,ecb_fx,ecb,1,fx.usdcny,,7.314529105537151,CNY,per USD,reference_rate,fx,reference,https://data-api.ecb.europa.eu/service/data/EXR/D.CNY+USD.EUR.SP00.A?startPeriod=2023-01-01&format=csvdata,1.0,ECB EXR CNY/EUR ÷ USD/EUR,confirmed,derived,day
2023-10-19,2023-10-19,ecb_fx,ecb,1,fx.usdcny,,7.3151164993369955,CNY,per USD,reference_rate,fx,reference,https://data-api.ecb.europa.eu/service/data/EXR/D.CNY+USD.EUR.SP00.A?startPeriod=2023-01-01&format=csvdata,1.0,ECB EXR CNY/EUR ÷ USD/EUR,confirmed,derived,day
2023-10-20,2023-10-20,ecb_fx,ecb,1,fx.usdcny,,7.316495137380795,CNY,per USD,reference_rate,fx,reference,https://data-api.ecb.europa.eu/service/data/EXR/D.CNY+USD.EUR.SP00.A?startPeriod=2023-01-01&format=csvdata,1.0,ECB EXR CNY/EUR ÷ USD/EUR,confirmed,derived,day
2023-10-23,2023-10-23,ecb_fx,ecb,1,fx.usdcny,,7.316127205812966,CNY,per USD,reference_rate,fx,reference,https://data-api.ecb.europa.eu/service/data/EXR/D.CNY+USD.EUR.SP00.A?startPeriod=2023-01-01&format=csvdata,1.0,ECB EXR CNY/EUR ÷ USD/EUR,confirmed,derived,day
2023-10-24,2023-10-24,ecb_fx,ecb,1,fx.usdcny,,7.310007524454478,CNY,per USD,reference_rate,fx,reference,https://data-api.ecb.europa.eu/service/data/EXR/D.CNY+USD.EUR.SP00.A?startPeriod=2023-01-01&format=csvdata,1.0,ECB EXR CNY/EUR ÷ USD/EUR,confirmed,derived,day
2023-10-25,2023-10-25,ecb_fx,ecb,1,fx.usdcny,,7.316660363086233,CNY,per USD,reference_rate,fx,reference,https://data-api.ecb.europa.eu/service/data/EXR/D.CNY+USD.EUR.SP00.A?startPeriod=2023-01-01&format=csvdata,1.0,ECB EXR CNY/EUR ÷ USD/EUR,confirmed,derived,day
2023-10-26,2023-10-26,ecb_fx,ecb,1,fx.usdcny,,7.318975332068311,CNY,per USD,reference_rate,fx,reference,https://data-api.ecb.europa.eu/service/data/EXR/D.CNY+USD.EUR.SP00.A?startPeriod=2023-01-01&format=csvdata,1.0,ECB EXR CNY/EUR ÷ USD/EUR,confirmed,derived,day
2023-10-27,2023-10-27,ecb_fx,ecb,1,fx.usdcny,,7.318375865667393,CNY,per USD,reference_rate,fx,reference,https://data-api.ecb.europa.eu/service/data/EXR/D.CNY+USD.EUR.SP00.A?startPeriod=2023-01-01&format=csvdata,1.0,ECB EXR CNY/EUR ÷ USD/EUR,confirmed,derived,day
2023-10-30,2023-10-30,ecb_fx,ecb,1,fx.usdcny,,7.316831683168317,CNY,per USD,reference_rate,fx,reference,https://data-api.ecb.europa.eu/service/data/EXR/D.CNY+USD.EUR.SP00.A?startPeriod=2023-01-01&format=csvdata,1.0,ECB EXR CNY/EUR ÷ USD/EUR,confirmed,derived,day
2023-10-31,2023-10-31,ecb_fx,ecb,1,fx.usdcny,,7.315754779169413,CNY,per USD,reference_rate,fx,reference,https://data-api.ecb.europa.eu/service/data/EXR/D.CNY+USD.EUR.SP00.A?startPeriod=2023-01-01&format=csvdata,1.0,ECB EXR CNY/EUR ÷ USD/EUR,confirmed,derived,day
2023-11-01,2023-11-01,ecb_fx,ecb,1,fx.usdcny,,7.318971244187149,CNY,per USD,reference_rate,fx,reference,https://data-api.ecb.europa.eu/service/data/EXR/D.CNY+USD.EUR.SP00.A?startPeriod=2023-01-01&format=csvdata,1.0,ECB EXR CNY/EUR ÷ USD/EUR,confirmed,derived,day
2023-11-02,2023-11-02,ecb_fx,ecb,1,fx.usdcny,,7.317231028984148,CNY,per USD,reference_rate,fx,reference,https://data-api.ecb.europa.eu/service/data/EXR/D.CNY+USD.EUR.SP00.A?startPeriod=2023-01-01&format=csvdata,1.0,ECB EXR CNY/EUR ÷ USD/EUR,confirmed,derived,day
2023-11-03,2023-11-03,ecb_fx,ecb,1,fx.usdcny,,7.306391328723603,CNY,per USD,reference_rate,fx,reference,https://data-api.ecb.europa.eu/service/data/EXR/D.CNY+USD.EUR.SP00.A?startPeriod=2023-01-01&format=csvdata,1.0,ECB EXR CNY/EUR ÷ USD/EUR,confirmed,derived,day
2023-11-06,2023-11-06,ecb_fx,ecb,1,fx.usdcny,,7.270645191322968,CNY,per USD,reference_rate,fx,reference,https://data-api.ecb.europa.eu/service/data/EXR/D.CNY+USD.EUR.SP00.A?startPeriod=2023-01-01&format=csvdata,1.0,ECB EXR CNY/EUR ÷ USD/EUR,confirmed,derived,day
2023-11-07,2023-11-07,ecb_fx,ecb,1,fx.usdcny,,7.284203630918959,CNY,per USD,reference_rate,fx,reference,https://data-api.ecb.europa.eu/service/data/EXR/D.CNY+USD.EUR.SP00.A?startPeriod=2023-01-01&format=csvdata,1.0,ECB EXR CNY/EUR ÷ USD/EUR,confirmed,derived,day
2023-11-08,2023-11-08,ecb_fx,ecb,1,fx.usdcny,,7.281323212444945,CNY,per USD,reference_rate,fx,reference,https://data-api.ecb.europa.eu/service/data/EXR/D.CNY+USD.EUR.SP00.A?startPeriod=2023-01-01&format=csvdata,1.0,ECB EXR CNY/EUR ÷ USD/EUR,confirmed,derived,day
2023-11-09,2023-11-09,ecb_fx,ecb,1,fx.usdcny,,7.2851931531194465,CNY,per USD,reference_rate,fx,reference,https://data-api.ecb.europa.eu/service/data/EXR/D.CNY+USD.EUR.SP00.A?startPeriod=2023-01-01&format=csvdata,1.0,ECB EXR CNY/EUR ÷ USD/EUR,confirmed,derived,day
2023-11-10,2023-11-10,ecb_fx,ecb,1,fx.usdcny,,7.289525414209492,CNY,per USD,reference_rate,fx,reference,https://data-api.ecb.europa.eu/service/data/EXR/D.CNY+USD.EUR.SP00.A?startPeriod=2023-01-01&format=csvdata,1.0,ECB EXR CNY/EUR ÷ USD/EUR,confirmed,derived,day
2023-11-13,2023-11-13,ecb_fx,ecb,1,fx.usdcny,,7.290909090909091,CNY,per USD,reference_rate,fx,reference,https://data-api.ecb.europa.eu/service/data/EXR/D.CNY+USD.EUR.SP00.A?startPeriod=2023-01-01&format=csvdata,1.0,ECB EXR CNY/EUR ÷ USD/EUR,confirmed,derived,day
2023-11-14,2023-11-14,ecb_fx,ecb,1,fx.usdcny,,7.28935098843715,CNY,per USD,reference_rate,fx,reference,https://data-api.ecb.europa.eu/service/data/EXR/D.CNY+USD.EUR.SP00.A?startPeriod=2023-01-01&format=csvdata,1.0,ECB EXR CNY/EUR ÷ USD/EUR,confirmed,derived,day
2023-11-15,2023-11-15,ecb_fx,ecb,1,fx.usdcny,,7.241626794258373,CNY,per USD,reference_rate,fx,reference,https://data-api.ecb.europa.eu/service/data/EXR/D.CNY+USD.EUR.SP00.A?startPeriod=2023-01-01&format=csvdata,1.0,ECB EXR CNY/EUR ÷ USD/EUR,confirmed,derived,day
2023-11-16,2023-11-16,ecb_fx,ecb,1,fx.usdcny,,7.249976956401512,CNY,per USD,reference_rate,fx,reference,https://data-api.ecb.europa.eu/service/data/EXR/D.CNY+USD.EUR.SP00.A?startPeriod=2023-01-01&format=csvdata,1.0,ECB EXR CNY/EUR ÷ USD/EUR,confirmed,derived,day
2023-11-17,2023-11-17,ecb_fx,ecb,1,fx.usdcny,,7.212472406181016,CNY,per USD,reference_rate,fx,reference,https://data-api.ecb.europa.eu/service/data/EXR/D.CNY+USD.EUR.SP00.A?startPeriod=2023-01-01&format=csvdata,1.0,ECB EXR CNY/EUR ÷ USD/EUR,confirmed,derived,day
2023-11-20,2023-11-20,ecb_fx,ecb,1,fx.usdcny,,7.172218155197657,CNY,per USD,reference_rate,fx,reference,https://data-api.ecb.europa.eu/service/data/EXR/D.CNY+USD.EUR.SP00.A?startPeriod=2023-01-01&format=csvdata,1.0,ECB EXR CNY/EUR ÷ USD/EUR,confirmed,derived,day
2023-11-21,2023-11-21,ecb_fx,ecb,1,fx.usdcny,,7.136284801460521,CNY,per USD,reference_rate,fx,reference,https://data-api.ecb.europa.eu/service/data/EXR/D.CNY+USD.EUR.SP00.A?startPeriod=2023-01-01&format=csvdata,1.0,ECB EXR CNY/EUR ÷ USD/EUR,confirmed,derived,day
2023-11-22,2023-11-22,ecb_fx,ecb,1,fx.usdcny,,7.150123728347539,CNY,per USD,reference_rate,fx,reference,https://data-api.ecb.europa.eu/service/data/EXR/D.CNY+USD.EUR.SP00.A?startPeriod=2023-01-01&format=csvdata,1.0,ECB EXR CNY/EUR ÷ USD/EUR,confirmed,derived,day
2023-11-23,2023-11-23,ecb_fx,ecb,1,fx.usdcny,,7.1423853211009165,CNY,per USD,reference_rate,fx,reference,https://data-api.ecb.europa.eu/service/data/EXR/D.CNY+USD.EUR.SP00.A?startPeriod=2023-01-01&format=csvdata,1.0,ECB EXR CNY/EUR ÷ USD/EUR,confirmed,derived,day
2023-11-24,2023-11-24,ecb_fx,ecb,1,fx.usdcny,,7.153719311102969,CNY,per USD,reference_rate,fx,reference,https://data-api.ecb.europa.eu/service/data/EXR/D.CNY+USD.EUR.SP00.A?startPeriod=2023-01-01&format=csvdata,1.0,ECB EXR CNY/EUR ÷ USD/EUR,confirmed,derived,day
2023-11-27,2023-11-27,ecb_fx,ecb,1,fx.usdcny,,7.152862752260067,CNY,per USD,reference_rate,fx,reference,https://data-api.ecb.europa.eu/service/data/EXR/D.CNY+USD.EUR.SP00.A?startPeriod=2023-01-01&format=csvdata,1.0,ECB EXR CNY/EUR ÷ USD/EUR,confirmed,derived,day
2023-11-28,2023-11-28,ecb_fx,ecb,1,fx.usdcny,,7.153438670198192,CNY,per USD,reference_rate,fx,reference,https://data-api.ecb.europa.eu/service/data/EXR/D.CNY+USD.EUR.SP00.A?startPeriod=2023-01-01&format=csvdata,1.0,ECB EXR CNY/EUR ÷ USD/EUR,confirmed,derived,day
2023-11-29,2023-11-29,ecb_fx,ecb,1,fx.usdcny,,7.12753755120619,CNY,per USD,reference_rate,fx,reference,https://data-api.ecb.europa.eu/service/data/EXR/D.CNY+USD.EUR.SP00.A?startPeriod=2023-01-01&format=csvdata,1.0,ECB EXR CNY/EUR ÷ USD/EUR,confirmed,derived,day
2023-11-30,2023-11-30,ecb_fx,ecb,1,fx.usdcny,,7.136401061202085,CNY,per USD,reference_rate,fx,reference,https://data-api.ecb.europa.eu/service/data/EXR/D.CNY+USD.EUR.SP00.A?startPeriod=2023-01-01&format=csvdata,1.0,ECB EXR CNY/EUR ÷ USD/EUR,confirmed,derived,day
2023-12-01,2023-12-01,ecb_fx,ecb,1,fx.usdcny,,7.14344827586207,CNY,per USD,reference_rate,fx,reference,https://data-api.ecb.europa.eu/service/data/EXR/D.CNY+USD.EUR.SP00.A?startPeriod=2023-01-01&format=csvdata,1.0,ECB EXR CNY/EUR ÷ USD/EUR,confirmed,derived,day
2023-12-04,2023-12-04,ecb_fx,ecb,1,fx.usdcny,,7.138387927861612,CNY,per USD,reference_rate,fx,reference,https://data-api.ecb.europa.eu/service/data/EXR/D.CNY+USD.EUR.SP00.A?startPeriod=2023-01-01&format=csvdata,1.0,ECB EXR CNY/EUR ÷ USD/EUR,confirmed,derived,day
2023-12-05,2023-12-05,ecb_fx,ecb,1,fx.usdcny,,7.143292964777664,CNY,per USD,reference_rate,fx,reference,https://data-api.ecb.europa.eu/service/data/EXR/D.CNY+USD.EUR.SP00.A?startPeriod=2023-01-01&format=csvdata,1.0,ECB EXR CNY/EUR ÷ USD/EUR,confirmed,derived,day
2023-12-06,2023-12-06,ecb_fx,ecb,1,fx.usdcny,,7.157914269808869,CNY,per USD,reference_rate,fx,reference,https://data-api.ecb.europa.eu/service/data/EXR/D.CNY+USD.EUR.SP00.A?startPeriod=2023-01-01&format=csvdata,1.0,ECB EXR CNY/EUR ÷ USD/EUR,confirmed,derived,day
2023-12-07,2023-12-07,ecb_fx,ecb,1,fx.usdcny,,7.154210379723332,CNY,per USD,reference_rate,fx,reference,https://data-api.ecb.europa.eu/service/data/EXR/D.CNY+USD.EUR.SP00.A?startPeriod=2023-01-01&format=csvdata,1.0,ECB EXR CNY/EUR ÷ USD/EUR,confirmed,derived,day
2023-12-08,2023-12-08,ecb_fx,ecb,1,fx.usdcny,,7.161454950357242,CNY,per USD,reference_rate,fx,reference,https://data-api.ecb.europa.eu/service/data/EXR/D.CNY+USD.EUR.SP00.A?startPeriod=2023-01-01&format=csvdata,1.0,ECB EXR CNY/EUR ÷ USD/EUR,confirmed,derived,day
2023-12-11,2023-12-11,ecb_fx,ecb,1,fx.usdcny,,7.177279910755787,CNY,per USD,reference_rate,fx,reference,https://data-api.ecb.europa.eu/service/data/EXR/D.CNY+USD.EUR.SP00.A?startPeriod=2023-01-01&format=csvdata,1.0,ECB EXR CNY/EUR ÷ USD/EUR,confirmed,derived,day
2023-12-12,2023-12-12,ecb_fx,ecb,1,fx.usdcny,,7.1683635690485,CNY,per USD,reference_rate,fx,reference,https://data-api.ecb.europa.eu/service/data/EXR/D.CNY+USD.EUR.SP00.A?startPeriod=2023-01-01&format=csvdata,1.0,ECB EXR CNY/EUR ÷ USD/EUR,confirmed,derived,day
2023-12-13,2023-12-13,ecb_fx,ecb,1,fx.usdcny,,7.177713914897562,CNY,per USD,reference_rate,fx,reference,https://data-api.ecb.europa.eu/service/data/EXR/D.CNY+USD.EUR.SP00.A?startPeriod=2023-01-01&format=csvdata,1.0,ECB EXR CNY/EUR ÷ USD/EUR,confirmed,derived,day
2023-12-14,2023-12-14,ecb_fx,ecb,1,fx.usdcny,,7.131239124461946,CNY,per USD,reference_rate,fx,reference,https://data-api.ecb.europa.eu/service/data/EXR/D.CNY+USD.EUR.SP00.A?startPeriod=2023-01-01&format=csvdata,1.0,ECB EXR CNY/EUR ÷ USD/EUR,confirmed,derived,day
2023-12-15,2023-12-15,ecb_fx,ecb,1,fx.usdcny,,7.108715512515988,CNY,per USD,reference_rate,fx,reference,https://data-api.ecb.europa.eu/service/data/EXR/D.CNY+USD.EUR.SP00.A?startPeriod=2023-01-01&format=csvdata,1.0,ECB EXR CNY/EUR ÷ USD/EUR,confirmed,derived,day
2023-12-18,2023-12-18,ecb_fx,ecb,1,fx.usdcny,,7.134365268364168,CNY,per USD,reference_rate,fx,reference,https://data-api.ecb.europa.eu/service/data/EXR/D.CNY+USD.EUR.SP00.A?startPeriod=2023-01-01&format=csvdata,1.0,ECB EXR CNY/EUR ÷ USD/EUR,confirmed,derived,day
2023-12-19,2023-12-19,ecb_fx,ecb,1,fx.usdcny,,7.1365626710454295,CNY,per USD,reference_rate,fx,reference,https://data-api.ecb.europa.eu/service/data/EXR/D.CNY+USD.EUR.SP00.A?startPeriod=2023-01-01&format=csvdata,1.0,ECB EXR CNY/EUR ÷ USD/EUR,confirmed,derived,day
2023-12-20,2023-12-20,ecb_fx,ecb,1,fx.usdcny,,7.138249269005848,CNY,per USD,reference_rate,fx,reference,https://data-api.ecb.europa.eu/service/data/EXR/D.CNY+USD.EUR.SP00.A?startPeriod=2023-01-01&format=csvdata,1.0,ECB EXR CNY/EUR ÷ USD/EUR,confirmed,derived,day
2023-12-21,2023-12-21,ecb_fx,ecb,1,fx.usdcny,,7.140671947555313,CNY,per USD,reference_rate,fx,reference,https://data-api.ecb.europa.eu/service/data/EXR/D.CNY+USD.EUR.SP00.A?startPeriod=2023-01-01&format=csvdata,1.0,ECB EXR CNY/EUR ÷ USD/EUR,confirmed,derived,day
2023-12-22,2023-12-22,ecb_fx,ecb,1,fx.usdcny,,7.134173999818561,CNY,per USD,reference_rate,fx,reference,https://data-api.ecb.europa.eu/service/data/EXR/D.CNY+USD.EUR.SP00.A?startPeriod=2023-01-01&format=csvdata,1.0,ECB EXR CNY/EUR ÷ USD/EUR,confirmed,derived,day
2023-12-27,2023-12-27,ecb_fx,ecb,1,fx.usdcny,,7.147401717126073,CNY,per USD,reference_rate,fx,reference,https://data-api.ecb.europa.eu/service/data/EXR/D.CNY+USD.EUR.SP00.A?startPeriod=2023-01-01&format=csvdata,1.0,ECB EXR CNY/EUR ÷ USD/EUR,confirmed,derived,day
2023-12-28,2023-12-28,ecb_fx,ecb,1,fx.usdcny,,7.102843260752205,CNY,per USD,reference_rate,fx,reference,https://data-api.ecb.europa.eu/service/data/EXR/D.CNY+USD.EUR.SP00.A?startPeriod=2023-01-01&format=csvdata,1.0,ECB EXR CNY/EUR ÷ USD/EUR,confirmed,derived,day
2023-12-29,2023-12-29,ecb_fx,ecb,1,fx.usdcny,,7.104886877828054,CNY,per USD,reference_rate,fx,reference,https://data-api.ecb.europa.eu/service/data/EXR/D.CNY+USD.EUR.SP00.A?startPeriod=2023-01-01&format=csvdata,1.0,ECB EXR CNY/EUR ÷ USD/EUR,confirmed,derived,day
2024-01-02,2024-01-02,ecb_fx,ecb,1,fx.usdcny,,7.143483023001096,CNY,per USD,reference_rate,fx,reference,https://data-api.ecb.europa.eu/service/data/EXR/D.CNY+USD.EUR.SP00.A?startPeriod=2023-01-01&format=csvdata,1.0,ECB EXR CNY/EUR ÷ USD/EUR,confirmed,derived,day
2024-01-03,2024-01-03,ecb_fx,ecb,1,fx.usdcny,,7.148731568824983,CNY,per USD,reference_rate,fx,reference,https://data-api.ecb.europa.eu/service/data/EXR/D.CNY+USD.EUR.SP00.A?startPeriod=2023-01-01&format=csvdata,1.0,ECB EXR CNY/EUR ÷ USD/EUR,confirmed,derived,day
2024-01-04,2024-01-04,ecb_fx,ecb,1,fx.usdcny,,7.151465351958368,CNY,per USD,reference_rate,fx,reference,https://data-api.ecb.europa.eu/service/data/EXR/D.CNY+USD.EUR.SP00.A?startPeriod=2023-01-01&format=csvdata,1.0,ECB EXR CNY/EUR ÷ USD/EUR,confirmed,derived,day
2024-01-05,2024-01-05,ecb_fx,ecb,1,fx.usdcny,,7.154106766779599,CNY,per USD,reference_rate,fx,reference,https://data-api.ecb.europa.eu/service/data/EXR/D.CNY+USD.EUR.SP00.A?startPeriod=2023-01-01&format=csvdata,1.0,ECB EXR CNY/EUR ÷ USD/EUR,confirmed,derived,day
2024-01-08,2024-01-08,ecb_fx,ecb,1,fx.usdcny,,7.162159693038553,CNY,per USD,reference_rate,fx,reference,https://data-api.ecb.europa.eu/service/data/EXR/D.CNY+USD.EUR.SP00.A?startPeriod=2023-01-01&format=csvdata,1.0,ECB EXR CNY/EUR ÷ USD/EUR,confirmed,derived,day
2024-01-09,2024-01-09,ecb_fx,ecb,1,fx.usdcny,,7.164625228519195,CNY,per USD,reference_rate,fx,reference,https://data-api.ecb.europa.eu/service/data/EXR/D.CNY+USD.EUR.SP00.A?startPeriod=2023-01-01&format=csvdata,1.0,ECB EXR CNY/EUR ÷ USD/EUR,confirmed,derived,day
2024-01-10,2024-01-10,ecb_fx,ecb,1,fx.usdcny,,7.169376941348437,CNY,per USD,reference_rate,fx,reference,https://data-api.ecb.europa.eu/service/data/EXR/D.CNY+USD.EUR.SP00.A?startPeriod=2023-01-01&format=csvdata,1.0,ECB EXR CNY/EUR ÷ USD/EUR,confirmed,derived,day
2024-01-11,2024-01-11,ecb_fx,ecb,1,fx.usdcny,,7.158368981523618,CNY,per USD,reference_rate,fx,reference,https://data-api.ecb.europa.eu/service/data/EXR/D.CNY+USD.EUR.SP00.A?startPeriod=2023-01-01&format=csvdata,1.0,ECB EXR CNY/EUR ÷ USD/EUR,confirmed,derived,day
2024-01-12,2024-01-12,ecb_fx,ecb,1,fx.usdcny,,7.169713032352403,CNY,per USD,reference_rate,fx,reference,https://data-api.ecb.europa.eu/service/data/EXR/D.CNY+USD.EUR.SP00.A?startPeriod=2023-01-01&format=csvdata,1.0,ECB EXR CNY/EUR ÷ USD/EUR,confirmed,derived,day
2024-01-15,2024-01-15,ecb_fx,ecb,1,fx.usdcny,,7.174874371859296,CNY,per USD,reference_rate,fx,reference,https://data-api.ecb.europa.eu/service/data/EXR/D.CNY+USD.EUR.SP00.A?startPeriod=2023-01-01&format=csvdata,1.0,ECB EXR CNY/EUR ÷ USD/EUR,confirmed,derived,day
2024-01-16,2024-01-16,ecb_fx,ecb,1,fx.usdcny,,7.18957912148502,CNY,per USD,reference_rate,fx,reference,https://data-api.ecb.europa.eu/service/data/EXR/D.CNY+USD.EUR.SP00.A?startPeriod=2023-01-01&format=csvdata,1.0,ECB EXR CNY/EUR ÷ USD/EUR,confirmed,derived,day
2024-01-17,2024-01-17,ecb_fx,ecb,1,fx.usdcny,,7.195182495173302,CNY,per USD,reference_rate,fx,reference,https://data-api.ecb.europa.eu/service/data/EXR/D.CNY+USD.EUR.SP00.A?startPeriod=2023-01-01&format=csvdata,1.0,ECB EXR CNY/EUR ÷ USD/EUR,confirmed,derived,day
2024-01-18,2024-01-18,ecb_fx,ecb,1,fx.usdcny,,7.193655172413794,CNY,per USD,reference_rate,fx,reference,https://data-api.ecb.europa.eu/service/data/EXR/D.CNY+USD.EUR.SP00.A?startPeriod=2023-01-01&format=csvdata,1.0,ECB EXR CNY/EUR ÷ USD/EUR,confirmed,derived,day
2024-01-19,2024-01-19,ecb_fx,ecb,1,fx.usdcny,,7.191237255442271,CNY,per USD,reference_rate,fx,reference,https://data-api.ecb.europa.eu/service/data/EXR/D.CNY+USD.EUR.SP00.A?startPeriod=2023-01-01&format=csvdata,1.0,ECB EXR CNY/EUR ÷ USD/EUR,confirmed,derived,day
2024-01-22,2024-01-22,ecb_fx,ecb,1,fx.usdcny,,7.194582185491277,CNY,per USD,reference_rate,fx,reference,https://data-api.ecb.europa.eu/service/data/EXR/D.CNY+USD.EUR.SP00.A?startPeriod=2023-01-01&format=csvdata,1.0,ECB EXR CNY/EUR ÷ USD/EUR,confirmed,derived,day
2024-01-23,2024-01-23,ecb_fx,ecb,1,fx.usdcny,,7.170069904341428,CNY,per USD,reference_rate,fx,reference,https://data-api.ecb.europa.eu/service/data/EXR/D.CNY+USD.EUR.SP00.A?startPeriod=2023-01-01&format=csvdata,1.0,ECB EXR CNY/EUR ÷ USD/EUR,confirmed,derived,day
2024-01-24,2024-01-24,ecb_fx,ecb,1,fx.usdcny,,7.152315451627693,CNY,per USD,reference_rate,fx,reference,https://data-api.ecb.europa.eu/service/data/EXR/D.CNY+USD.EUR.SP00.A?startPeriod=2023-01-01&format=csvdata,1.0,ECB EXR CNY/EUR ÷ USD/EUR,confirmed,derived,day
2024-01-25,2024-01-25,ecb_fx,ecb,1,fx.usdcny,,7.16909942164693,CNY,per USD,reference_rate,fx,reference,https://data-api.ecb.europa.eu/service/data/EXR/D.CNY+USD.EUR.SP00.A?startPeriod=2023-01-01&format=csvdata,1.0,ECB EXR CNY/EUR ÷ USD/EUR,confirmed,derived,day
2024-01-26,2024-01-26,ecb_fx,ecb,1,fx.usdcny,,7.174500965872506,CNY,per USD,reference_rate,fx,reference,https://data-api.ecb.europa.eu/service/data/EXR/D.CNY+USD.EUR.SP00.A?startPeriod=2023-01-01&format=csvdata,1.0,ECB EXR CNY/EUR ÷ USD/EUR,confirmed,derived,day
2024-01-29,2024-01-29,ecb_fx,ecb,1,fx.usdcny,,7.179340293818719,CNY,per USD,reference_rate,fx,reference,https://data-api.ecb.europa.eu/service/data/EXR/D.CNY+USD.EUR.SP00.A?startPeriod=2023-01-01&format=csvdata,1.0,ECB EXR CNY/EUR ÷ USD/EUR,confirmed,derived,day
2024-01-30,2024-01-30,ecb_fx,ecb,1,fx.usdcny,,7.179236584916098,CNY,per USD,reference_rate,fx,reference,https://data-api.ecb.europa.eu/service/data/EXR/D.CNY+USD.EUR.SP00.A?startPeriod=2023-01-01&format=csvdata,1.0,ECB EXR CNY/EUR ÷ USD/EUR,confirmed,derived,day
2024-01-31,2024-01-31,ecb_fx,ecb,1,fx.usdcny,,7.178093568330718,CNY,per USD,reference_rate,fx,reference,https://data-api.ecb.europa.eu/service/data/EXR/D.CNY+USD.EUR.SP00.A?startPeriod=2023-01-01&format=csvdata,1.0,ECB EXR CNY/EUR ÷ USD/EUR,confirmed,derived,day
2024-02-01,2024-02-01,ecb_fx,ecb,1,fx.usdcny,,7.182171259478454,CNY,per USD,reference_rate,fx,reference,https://data-api.ecb.europa.eu/service/data/EXR/D.CNY+USD.EUR.SP00.A?startPeriod=2023-01-01&format=csvdata,1.0,ECB EXR CNY/EUR ÷ USD/EUR,confirmed,derived,day
2024-02-02,2024-02-02,ecb_fx,ecb,1,fx.usdcny,,7.177340806762841,CNY,per USD,reference_rate,fx,reference,https://data-api.ecb.europa.eu/service/data/EXR/D.CNY+USD.EUR.SP00.A?startPeriod=2023-01-01&format=csvdata,1.0,ECB EXR CNY/EUR ÷ USD/EUR,confirmed,derived,day
2024-02-05,2024-02-05,ecb_fx,ecb,1,fx.usdcny,,7.198027172901545,CNY,per USD,reference_rate,fx,reference,https://data-api.ecb.europa.eu/service/data/EXR/D.CNY+USD.EUR.SP00.A?startPeriod=2023-01-01&format=csvdata,1.0,ECB EXR CNY/EUR ÷ USD/EUR,confirmed,derived,day
2024-02-06,2024-02-06,ecb_fx,ecb,1,fx.usdcny,,7.188960253188122,CNY,per USD,reference_rate,fx,reference,https://data-api.ecb.europa.eu/service/data/EXR/D.CNY+USD.EUR.SP00.A?startPeriod=2023-01-01&format=csvdata,1.0,ECB EXR CNY/EUR ÷ USD/EUR,confirmed,derived,day
2024-02-07,2024-02-07,ecb_fx,ecb,1,fx.usdcny,,7.1945991091314045,CNY,per USD,reference_rate,fx,reference,https://data-api.ecb.europa.eu/service/data/EXR/D.CNY+USD.EUR.SP00.A?startPeriod=2023-01-01&format=csvdata,1.0,ECB EXR CNY/EUR ÷ USD/EUR,confirmed,derived,day
2024-02-08,2024-02-08,ecb_fx,ecb,1,fx.usdcny,,7.196504926566275,CNY,per USD,reference_rate,fx,reference,https://data-api.ecb.europa.eu/service/data/EXR/D.CNY+USD.EUR.SP00.A?startPeriod=2023-01-01&format=csvdata,1.0,ECB EXR CNY/EUR ÷ USD/EUR,confirmed,derived,day
2024-02-09,2024-02-09,ecb_fx,ecb,1,fx.usdcny,,7.193557370961753,CNY,per USD,reference_rate,fx,reference,https://data-api.ecb.europa.eu/service/data/EXR/D.CNY+USD.EUR.SP00.A?startPeriod=2023-01-01&format=csvdata,1.0,ECB EXR CNY/EUR ÷ USD/EUR,confirmed,derived,day
2024-02-12,2024-02-12,ecb_fx,ecb,1,fx.usdcny,,7.193632228719949,CNY,per USD,reference_rate,fx,reference,https://data-api.ecb.europa.eu/service/data/EXR/D.CNY+USD.EUR.SP00.A?startPeriod=2023-01-01&format=csvdata,1.0,ECB EXR CNY/EUR ÷ USD/EUR,confirmed,derived,day
2024-02-13,2024-02-13,ecb_fx,ecb,1,fx.usdcny,,7.193644028537015,CNY,per USD,reference_rate,fx,reference,https://data-api.ecb.europa.eu/service/data/EXR/D.CNY+USD.EUR.SP00.A?startPeriod=2023-01-01&format=csvdata,1.0,ECB EXR CNY/EUR ÷ USD/EUR,confirmed,derived,day
2024-02-14,2024-02-14,ecb_fx,ecb,1,fx.usdcny,,7.193596564921124,CNY,per USD,reference_rate,fx,reference,https://data-api.ecb.europa.eu/service/data/EXR/D.CNY+USD.EUR.SP00.A?startPeriod=2023-01-01&format=csvdata,1.0,ECB EXR CNY/EUR ÷ USD/EUR,confirmed,derived,day
2024-02-15,2024-02-15,ecb_fx,ecb,1,fx.usdcny,,7.19426603369636,CNY,per USD,reference_rate,fx,reference,https://data-api.ecb.europa.eu/service/data/EXR/D.CNY+USD.EUR.SP00.A?startPeriod=2023-01-01&format=csvdata,1.0,ECB EXR CNY/EUR ÷ USD/EUR,confirmed,derived,day
2024-02-16,2024-02-16,ecb_fx,ecb,1,fx.usdcny,,7.193629271916791,CNY,per USD,reference_rate,fx,reference,https://data-api.ecb.europa.eu/service/data/EXR/D.CNY+USD.EUR.SP00.A?startPeriod=2023-01-01&format=csvdata,1.0,ECB EXR CNY/EUR ÷ USD/EUR,confirmed,derived,day
2024-02-19,2024-02-19,ecb_fx,ecb,1,fx.usdcny,,7.198403860430587,CNY,per USD,reference_rate,fx,reference,https://data-api.ecb.europa.eu/service/data/EXR/D.CNY+USD.EUR.SP00.A?startPeriod=2023-01-01&format=csvdata,1.0,ECB EXR CNY/EUR ÷ USD/EUR,confirmed,derived,day
2024-02-20,2024-02-20,ecb_fx,ecb,1,fx.usdcny,,7.194778744676912,CNY,per USD,reference_rate,fx,reference,https://data-api.ecb.europa.eu/service/data/EXR/D.CNY+USD.EUR.SP00.A?startPeriod=2023-01-01&format=csvdata,1.0,ECB EXR CNY/EUR ÷ USD/EUR,confirmed,derived,day
2024-02-21,2024-02-21,ecb_fx,ecb,1,fx.usdcny,,7.191229530946433,CNY,per USD,reference_rate,fx,reference,https://data-api.ecb.europa.eu/service/data/EXR/D.CNY+USD.EUR.SP00.A?startPeriod=2023-01-01&format=csvdata,1.0,ECB EXR CNY/EUR ÷ USD/EUR,confirmed,derived,day
2024-02-22,2024-02-22,ecb_fx,ecb,1,fx.usdcny,,7.191811139800811,CNY,per USD,reference_rate,fx,reference,https://data-api.ecb.europa.eu/service/data/EXR/D.CNY+USD.EUR.SP00.A?startPeriod=2023-01-01&format=csvdata,1.0,ECB EXR CNY/EUR ÷ USD/EUR,confirmed,derived,day
2024-02-23,2024-02-23,ecb_fx,ecb,1,fx.usdcny,,7.19697249400037,CNY,per USD,reference_rate,fx,reference,https://data-api.ecb.europa.eu/service/data/EXR/D.CNY+USD.EUR.SP00.A?startPeriod=2023-01-01&format=csvdata,1.0,ECB EXR CNY/EUR ÷ USD/EUR,confirmed,derived,day
2024-02-26,2024-02-26,ecb_fx,ecb,1,fx.usdcny,,7.196830077405087,CNY,per USD,reference_rate,fx,reference,https://data-api.ecb.europa.eu/service/data/EXR/D.CNY+USD.EUR.SP00.A?startPeriod=2023-01-01&format=csvdata,1.0,ECB EXR CNY/EUR ÷ USD/EUR,confirmed,derived,day
2024-02-27,2024-02-27,ecb_fx,ecb,1,fx.usdcny,,7.197862932940311,CNY,per USD,reference_rate,fx,reference,https://data-api.ecb.europa.eu/service/data/EXR/D.CNY+USD.EUR.SP00.A?startPeriod=2023-01-01&format=csvdata,1.0,ECB EXR CNY/EUR ÷ USD/EUR,confirmed,derived,day
2024-02-28,2024-02-28,ecb_fx,ecb,1,fx.usdcny,,7.199019245003702,CNY,per USD,reference_rate,fx,reference,https://data-api.ecb.europa.eu/service/data/EXR/D.CNY+USD.EUR.SP00.A?startPeriod=2023-01-01&format=csvdata,1.0,ECB EXR CNY/EUR ÷ USD/EUR,confirmed,derived,day
2024-02-29,2024-02-29,ecb_fx,ecb,1,fx.usdcny,,7.194531682985406,CNY,per USD,reference_rate,fx,reference,https://data-api.ecb.europa.eu/service/data/EXR/D.CNY+USD.EUR.SP00.A?startPeriod=2023-01-01&format=csvdata,1.0,ECB EXR CNY/EUR ÷ USD/EUR,confirmed,derived,day
2024-03-01,2024-03-01,ecb_fx,ecb,1,fx.usdcny,,7.198464810875798,CNY,per USD,reference_rate,fx,reference,https://data-api.ecb.europa.eu/service/data/EXR/D.CNY+USD.EUR.SP00.A?startPeriod=2023-01-01&format=csvdata,1.0,ECB EXR CNY/EUR ÷ USD/EUR,confirmed,derived,day
2024-03-04,2024-03-04,ecb_fx,ecb,1,fx.usdcny,,7.199336160796607,CNY,per USD,reference_rate,fx,reference,https://data-api.ecb.europa.eu/service/data/EXR/D.CNY+USD.EUR.SP00.A?startPeriod=2023-01-01&format=csvdata,1.0,ECB EXR CNY/EUR ÷ USD/EUR,confirmed,derived,day
2024-03-05,2024-03-05,ecb_fx,ecb,1,fx.usdcny,,7.19918886533321,CNY,per USD,reference_rate,fx,reference,https://data-api.ecb.europa.eu/service/data/EXR/D.CNY+USD.EUR.SP00.A?startPeriod=2023-01-01&format=csvdata,1.0,ECB EXR CNY/EUR ÷ USD/EUR,confirmed,derived,day
2024-03-06,2024-03-06,ecb_fx,ecb,1,fx.usdcny,,7.198914842744161,CNY,per USD,reference_rate,fx,reference,https://data-api.ecb.europa.eu/service/data/EXR/D.CNY+USD.EUR.SP00.A?startPeriod=2023-01-01&format=csvdata,1.0,ECB EXR CNY/EUR ÷ USD/EUR,confirmed,derived,day
2024-03-07,2024-03-07,ecb_fx,ecb,1,fx.usdcny,,7.197062872877467,CNY,per USD,reference_rate,fx,reference,https://data-api.ecb.europa.eu/service/data/EXR/D.CNY+USD.EUR.SP00.A?startPeriod=2023-01-01&format=csvdata,1.0,ECB EXR CNY/EUR ÷ USD/EUR,confirmed,derived,day
2024-03-08,2024-03-08,ecb_fx,ecb,1,fx.usdcny,,7.189352360043908,CNY,per USD,reference_rate,fx,reference,https://data-api.ecb.europa.eu/service/data/EXR/D.CNY+USD.EUR.SP00.A?startPeriod=2023-01-01&format=csvdata,1.0,ECB EXR CNY/EUR ÷ USD/EUR,confirmed,derived,day
2024-03-11,2024-03-11,ecb_fx,ecb,1,fx.usdcny,,7.182042833607908,CNY,per USD,reference_rate,fx,reference,https://data-api.ecb.europa.eu/service/data/EXR/D.CNY+USD.EUR.SP00.A?startPeriod=2023-01-01&format=csvdata,1.0,ECB EXR CNY/EUR ÷ USD/EUR,confirmed,derived,day
2024-03-12,2024-03-12,ecb_fx,ecb,1,fx.usdcny,,7.177537559545621,CNY,per USD,reference_rate,fx,reference,https://data-api.ecb.europa.eu/service/data/EXR/D.CNY+USD.EUR.SP00.A?startPeriod=2023-01-01&format=csvdata,1.0,ECB EXR CNY/EUR ÷ USD/EUR,confirmed,derived,day
2024-03-13,2024-03-13,ecb_fx,ecb,1,fx.usdcny,,7.192430752353962,CNY,per USD,reference_rate,fx,reference,https://data-api.ecb.europa.eu/service/data/EXR/D.CNY+USD.EUR.SP00.A?startPeriod=2023-01-01&format=csvdata,1.0,ECB EXR CNY/EUR ÷ USD/EUR,confirmed,derived,day
2024-03-14,2024-03-14,ecb_fx,ecb,1,fx.usdcny,,7.191212814645309,CNY,per USD,reference_rate,fx,reference,https://data-api.ecb.europa.eu/service/data/EXR/D.CNY+USD.EUR.SP00.A?startPeriod=2023-01-01&format=csvdata,1.0,ECB EXR CNY/EUR ÷ USD/EUR,confirmed,derived,day
2024-03-15,2024-03-15,ecb_fx,ecb,1,fx.usdcny,,7.196107234667647,CNY,per USD,reference_rate,fx,reference,https://data-api.ecb.europa.eu/service/data/EXR/D.CNY+USD.EUR.SP00.A?startPeriod=2023-01-01&format=csvdata,1.0,ECB EXR CNY/EUR ÷ USD/EUR,confirmed,derived,day
2024-03-18,2024-03-18,ecb_fx,ecb,1,fx.usdcny,,7.198127065736321,CNY,per USD,reference_rate,fx,reference,https://data-api.ecb.europa.eu/service/data/EXR/D.CNY+USD.EUR.SP00.A?startPeriod=2023-01-01&format=csvdata,1.0,ECB EXR CNY/EUR ÷ USD/EUR,confirmed,derived,day
2024-03-19,2024-03-19,ecb_fx,ecb,1,fx.usdcny,,7.199189238990234,CNY,per USD,reference_rate,fx,reference,https://data-api.ecb.europa.eu/service/data/EXR/D.CNY+USD.EUR.SP00.A?startPeriod=2023-01-01&format=csvdata,1.0,ECB EXR CNY/EUR ÷ USD/EUR,confirmed,derived,day
2024-03-20,2024-03-20,ecb_fx,ecb,1,fx.usdcny,,7.198266322390261,CNY,per USD,reference_rate,fx,reference,https://data-api.ecb.europa.eu/service/data/EXR/D.CNY+USD.EUR.SP00.A?startPeriod=2023-01-01&format=csvdata,1.0,ECB EXR CNY/EUR ÷ USD/EUR,confirmed,derived,day
2024-03-21,2024-03-21,ecb_fx,ecb,1,fx.usdcny,,7.199046483909417,CNY,per USD,reference_rate,fx,reference,https://data-api.ecb.europa.eu/service/data/EXR/D.CNY+USD.EUR.SP00.A?startPeriod=2023-01-01&format=csvdata,1.0,ECB EXR CNY/EUR ÷ USD/EUR,confirmed,derived,day
2024-03-22,2024-03-22,ecb_fx,ecb,1,fx.usdcny,,7.22951122609258,CNY,per USD,reference_rate,fx,reference,https://data-api.ecb.europa.eu/service/data/EXR/D.CNY+USD.EUR.SP00.A?startPeriod=2023-01-01&format=csvdata,1.0,ECB EXR CNY/EUR ÷ USD/EUR,confirmed,derived,day
2024-03-25,2024-03-25,ecb_fx,ecb,1,fx.usdcny,,7.211259806183665,CNY,per USD,reference_rate,fx,reference,https://data-api.ecb.europa.eu/service/data/EXR/D.CNY+USD.EUR.SP00.A?startPeriod=2023-01-01&format=csvdata,1.0,ECB EXR CNY/EUR ÷ USD/EUR,confirmed,derived,day
2024-03-26,2024-03-26,ecb_fx,ecb,1,fx.usdcny,,7.218608935974206,CNY,per USD,reference_rate,fx,reference,https://data-api.ecb.europa.eu/service/data/EXR/D.CNY+USD.EUR.SP00.A?startPeriod=2023-01-01&format=csvdata,1.0,ECB EXR CNY/EUR ÷ USD/EUR,confirmed,derived,day
2024-03-27,2024-03-27,ecb_fx,ecb,1,fx.usdcny,,7.228365384615385,CNY,per USD,reference_rate,fx,reference,https://data-api.ecb.europa.eu/service/data/EXR/D.CNY+USD.EUR.SP00.A?startPeriod=2023-01-01&format=csvdata,1.0,ECB EXR CNY/EUR ÷ USD/EUR,confirmed,derived,day
2024-03-28,2024-03-28,ecb_fx,ecb,1,fx.usdcny,,7.228193506613635,CNY,per USD,reference_rate,fx,reference,https://data-api.ecb.europa.eu/service/data/EXR/D.CNY+USD.EUR.SP00.A?startPeriod=2023-01-01&format=csvdata,1.0,ECB EXR CNY/EUR ÷ USD/EUR,confirmed,derived,day
2024-04-02,2024-04-02,ecb_fx,ecb,1,fx.usdcny,,7.235928923620802,CNY,per USD,reference_rate,fx,reference,https://data-api.ecb.europa.eu/service/data/EXR/D.CNY+USD.EUR.SP00.A?startPeriod=2023-01-01&format=csvdata,1.0,ECB EXR CNY/EUR ÷ USD/EUR,confirmed,derived,day
2024-04-03,2024-04-03,ecb_fx,ecb,1,fx.usdcny,,7.235741444866919,CNY,per USD,reference_rate,fx,reference,https://data-api.ecb.europa.eu/service/data/EXR/D.CNY+USD.EUR.SP00.A?startPeriod=2023-01-01&format=csvdata,1.0,ECB EXR CNY/EUR ÷ USD/EUR,confirmed,derived,day
2024-04-04,2024-04-04,ecb_fx,ecb,1,fx.usdcny,,7.233781791374862,CNY,per USD,reference_rate,fx,reference,https://data-api.ecb.europa.eu/service/data/EXR/D.CNY+USD.EUR.SP00.A?startPeriod=2023-01-01&format=csvdata,1.0,ECB EXR CNY/EUR ÷ USD/EUR,confirmed,derived,day
2024-04-05,2024-04-05,ecb_fx,ecb,1,fx.usdcny,,7.233742274697906,CNY,per USD,reference_rate,fx,reference,https://data-api.ecb.europa.eu/service/data/EXR/D.CNY+USD.EUR.SP00.A?startPeriod=2023-01-01&format=csvdata,1.0,ECB EXR CNY/EUR ÷ USD/EUR,confirmed,derived,day
2024-04-08,2024-04-08,ecb_fx,ecb,1,fx.usdcny,,7.232929871569804,CNY,per USD,reference_rate,fx,reference,https://data-api.ecb.europa.eu/service/data/EXR/D.CNY+USD.EUR.SP00.A?startPeriod=2023-01-01&format=csvdata,1.0,ECB EXR CNY/EUR ÷ USD/EUR,confirmed,derived,day
2024-04-09,2024-04-09,ecb_fx,ecb,1,fx.usdcny,,7.233183031195361,CNY,per USD,reference_rate,fx,reference,https://data-api.ecb.europa.eu/service/data/EXR/D.CNY+USD.EUR.SP00.A?startPeriod=2023-01-01&format=csvdata,1.0,ECB EXR CNY/EUR ÷ USD/EUR,confirmed,derived,day
2024-04-10,2024-04-10,ecb_fx,ecb,1,fx.usdcny,,7.232780847145488,CNY,per USD,reference_rate,fx,reference,https://data-api.ecb.europa.eu/service/data/EXR/D.CNY+USD.EUR.SP00.A?startPeriod=2023-01-01&format=csvdata,1.0,ECB EXR CNY/EUR ÷ USD/EUR,confirmed,derived,day
2024-04-11,2024-04-11,ecb_fx,ecb,1,fx.usdcny,,7.237021157610215,CNY,per USD,reference_rate,fx,reference,https://data-api.ecb.europa.eu/service/data/EXR/D.CNY+USD.EUR.SP00.A?startPeriod=2023-01-01&format=csvdata,1.0,ECB EXR CNY/EUR ÷ USD/EUR,confirmed,derived,day
2024-04-12,2024-04-12,ecb_fx,ecb,1,fx.usdcny,,7.237514081862561,CNY,per USD,reference_rate,fx,reference,https://data-api.ecb.europa.eu/service/data/EXR/D.CNY+USD.EUR.SP00.A?startPeriod=2023-01-01&format=csvdata,1.0,ECB EXR CNY/EUR ÷ USD/EUR,confirmed,derived,day
2024-04-15,2024-04-15,ecb_fx,ecb,1,fx.usdcny,,7.238551051051051,CNY,per USD,reference_rate,fx,reference,https://data-api.ecb.europa.eu/service/data/EXR/D.CNY+USD.EUR.SP00.A?startPeriod=2023-01-01&format=csvdata,1.0,ECB EXR CNY/EUR ÷ USD/EUR,confirmed,derived,day
2024-04-16,2024-04-16,ecb_fx,ecb,1,fx.usdcny,,7.238413086396539,CNY,per USD,reference_rate,fx,reference,https://data-api.ecb.europa.eu/service/data/EXR/D.CNY+USD.EUR.SP00.A?startPeriod=2023-01-01&format=csvdata,1.0,ECB EXR CNY/EUR ÷ USD/EUR,confirmed,derived,day
2024-04-17,2024-04-17,ecb_fx,ecb,1,fx.usdcny,,7.238766685467192,CNY,per USD,reference_rate,fx,reference,https://data-api.ecb.europa.eu/service/data/EXR/D.CNY+USD.EUR.SP00.A?startPeriod=2023-01-01&format=csvdata,1.0,ECB EXR CNY/EUR ÷ USD/EUR,confirmed,derived,day
2024-04-18,2024-04-18,ecb_fx,ecb,1,fx.usdcny,,7.237943627680494,CNY,per USD,reference_rate,fx,reference,https://data-api.ecb.europa.eu/service/data/EXR/D.CNY+USD.EUR.SP00.A?startPeriod=2023-01-01&format=csvdata,1.0,ECB EXR CNY/EUR ÷ USD/EUR,confirmed,derived,day
2024-04-19,2024-04-19,ecb_fx,ecb,1,fx.usdcny,,7.241058856660096,CNY,per USD,reference_rate,fx,reference,https://data-api.ecb.europa.eu/service/data/EXR/D.CNY+USD.EUR.SP00.A?startPeriod=2023-01-01&format=csvdata,1.0,ECB EXR CNY/EUR ÷ USD/EUR,confirmed,derived,day
2024-04-22,2024-04-22,ecb_fx,ecb,1,fx.usdcny,,7.243416102332581,CNY,per USD,reference_rate,fx,reference,https://data-api.ecb.europa.eu/service/data/EXR/D.CNY+USD.EUR.SP00.A?startPeriod=2023-01-01&format=csvdata,1.0,ECB EXR CNY/EUR ÷ USD/EUR,confirmed,derived,day
2024-04-23,2024-04-23,ecb_fx,ecb,1,fx.usdcny,,7.246861532696272,CNY,per USD,reference_rate,fx,reference,https://data-api.ecb.europa.eu/service/data/EXR/D.CNY+USD.EUR.SP00.A?startPeriod=2023-01-01&format=csvdata,1.0,ECB EXR CNY/EUR ÷ USD/EUR,confirmed,derived,day
2024-04-24,2024-04-24,ecb_fx,ecb,1,fx.usdcny,,7.246022833614075,CNY,per USD,reference_rate,fx,reference,https://data-api.ecb.europa.eu/service/data/EXR/D.CNY+USD.EUR.SP00.A?startPeriod=2023-01-01&format=csvdata,1.0,ECB EXR CNY/EUR ÷ USD/EUR,confirmed,derived,day
2024-04-25,2024-04-25,ecb_fx,ecb,1,fx.usdcny,,7.246455223880597,CNY,per USD,reference_rate,fx,reference,https://data-api.ecb.europa.eu/service/data/EXR/D.CNY+USD.EUR.SP00.A?startPeriod=2023-01-01&format=csvdata,1.0,ECB EXR CNY/EUR ÷ USD/EUR,confirmed,derived,day
2024-04-26,2024-04-26,ecb_fx,ecb,1,fx.usdcny,,7.24640657084189,CNY,per USD,reference_rate,fx,reference,https://data-api.ecb.europa.eu/service/data/EXR/D.CNY+USD.EUR.SP00.A?startPeriod=2023-01-01&format=csvdata,1.0,ECB EXR CNY/EUR ÷ USD/EUR,confirmed,derived,day
2024-04-29,2024-04-29,ecb_fx,ecb,1,fx.usdcny,,7.241324626865671,CNY,per USD,reference_rate,fx,reference,https://data-api.ecb.europa.eu/service/data/EXR/D.CNY+USD.EUR.SP00.A?startPeriod=2023-01-01&format=csvdata,1.0,ECB EXR CNY/EUR ÷ USD/EUR,confirmed,derived,day
2024-04-30,2024-04-30,ecb_fx,ecb,1,fx.usdcny,,7.240996454562418,CNY,per USD,reference_rate,fx,reference,https://data-api.ecb.europa.eu/service/data/EXR/D.CNY+USD.EUR.SP00.A?startPeriod=2023-01-01&format=csvdata,1.0,ECB EXR CNY/EUR ÷ USD/EUR,confirmed,derived,day
2024-05-02,2024-05-02,ecb_fx,ecb,1,fx.usdcny,,7.241073097775285,CNY,per USD,reference_rate,fx,reference,https://data-api.ecb.europa.eu/service/data/EXR/D.CNY+USD.EUR.SP00.A?startPeriod=2023-01-01&format=csvdata,1.0,ECB EXR CNY/EUR ÷ USD/EUR,confirmed,derived,day
2024-05-03,2024-05-03,ecb_fx,ecb,1,fx.usdcny,,7.241064780342515,CNY,per USD,reference_rate,fx,reference,https://data-api.ecb.europa.eu/service/data/EXR/D.CNY+USD.EUR.SP00.A?startPeriod=2023-01-01&format=csvdata,1.0,ECB EXR CNY/EUR ÷ USD/EUR,confirmed,derived,day
2024-05-06,2024-05-06,ecb_fx,ecb,1,fx.usdcny,,7.206941351150706,CNY,per USD,reference_rate,fx,reference,https://data-api.ecb.europa.eu/service/data/EXR/D.CNY+USD.EUR.SP00.A?startPeriod=2023-01-01&format=csvdata,1.0,ECB EXR CNY/EUR ÷ USD/EUR,confirmed,derived,day
2024-05-07,2024-05-07,ecb_fx,ecb,1,fx.usdcny,,7.21781534460338,CNY,per USD,reference_rate,fx,reference,https://data-api.ecb.europa.eu/service/data/EXR/D.CNY+USD.EUR.SP00.A?startPeriod=2023-01-01&format=csvdata,1.0,ECB EXR CNY/EUR ÷ USD/EUR,confirmed,derived,day
2024-05-08,2024-05-08,ecb_fx,ecb,1,fx.usdcny,,7.228055477985666,CNY,per USD,reference_rate,fx,reference,https://data-api.ecb.europa.eu/service/data/EXR/D.CNY+USD.EUR.SP00.A?startPeriod=2023-01-01&format=csvdata,1.0,ECB EXR CNY/EUR ÷ USD/EUR,confirmed,derived,day
2024-05-09,2024-05-09,ecb_fx,ecb,1,fx.usdcny,,7.226425642937011,CNY,per USD,reference_rate,fx,reference,https://data-api.ecb.europa.eu/service/data/EXR/D.CNY+USD.EUR.SP00.A?startPeriod=2023-01-01&format=csvdata,1.0,ECB EXR CNY/EUR ÷ USD/EUR,confirmed,derived,day
2024-05-10,2024-05-10,ecb_fx,ecb,1,fx.usdcny,,7.224881714444753,CNY,per USD,reference_rate,fx,reference,https://data-api.ecb.europa.eu/service/data/EXR/D.CNY+USD.EUR.SP00.A?startPeriod=2023-01-01&format=csvdata,1.0,ECB EXR CNY/EUR ÷ USD/EUR,confirmed,derived,day
2024-05-13,2024-05-13,ecb_fx,ecb,1,fx.usdcny,,7.234367762853173,CNY,per USD,reference_rate,fx,reference,https://data-api.ecb.europa.eu/service/data/EXR/D.CNY+USD.EUR.SP00.A?startPeriod=2023-01-01&format=csvdata,1.0,ECB EXR CNY/EUR ÷ USD/EUR,confirmed,derived,day
2024-05-14,2024-05-14,ecb_fx,ecb,1,fx.usdcny,,7.234438680992961,CNY,per USD,reference_rate,fx,reference,https://data-api.ecb.europa.eu/service/data/EXR/D.CNY+USD.EUR.SP00.A?startPeriod=2023-01-01&format=csvdata,1.0,ECB EXR CNY/EUR ÷ USD/EUR,confirmed,derived,day
2024-05-15,2024-05-15,ecb_fx,ecb,1,fx.usdcny,,7.220457902511079,CNY,per USD,reference_rate,fx,reference,https://data-api.ecb.europa.eu/service/data/EXR/D.CNY+USD.EUR.SP00.A?startPeriod=2023-01-01&format=csvdata,1.0,ECB EXR CNY/EUR ÷ USD/EUR,confirmed,derived,day
2024-05-16,2024-05-16,ecb_fx,ecb,1,fx.usdcny,,7.21792748021351,CNY,per USD,reference_rate,fx,reference,https://data-api.ecb.europa.eu/service/data/EXR/D.CNY+USD.EUR.SP00.A?startPeriod=2023-01-01&format=csvdata,1.0,ECB EXR CNY/EUR ÷ USD/EUR,confirmed,derived,day
2024-05-17,2024-05-17,ecb_fx,ecb,1,fx.usdcny,,7.227037993360383,CNY,per USD,reference_rate,fx,reference,https://data-api.ecb.europa.eu/service/data/EXR/D.CNY+USD.EUR.SP00.A?startPeriod=2023-01-01&format=csvdata,1.0,ECB EXR CNY/EUR ÷ USD/EUR,confirmed,derived,day
2024-05-20,2024-05-20,ecb_fx,ecb,1,fx.usdcny,,7.233219777184421,CNY,per USD,reference_rate,fx,reference,https://data-api.ecb.europa.eu/service/data/EXR/D.CNY+USD.EUR.SP00.A?startPeriod=2023-01-01&format=csvdata,1.0,ECB EXR CNY/EUR ÷ USD/EUR,confirmed,derived,day
2024-05-21,2024-05-21,ecb_fx,ecb,1,fx.usdcny,,7.235824742268041,CNY,per USD,reference_rate,fx,reference,https://data-api.ecb.europa.eu/service/data/EXR/D.CNY+USD.EUR.SP00.A?startPeriod=2023-01-01&format=csvdata,1.0,ECB EXR CNY/EUR ÷ USD/EUR,confirmed,derived,day
2024-05-22,2024-05-22,ecb_fx,ecb,1,fx.usdcny,,7.240443213296399,CNY,per USD,reference_rate,fx,reference,https://data-api.ecb.europa.eu/service/data/EXR/D.CNY+USD.EUR.SP00.A?startPeriod=2023-01-01&format=csvdata,1.0,ECB EXR CNY/EUR ÷ USD/EUR,confirmed,derived,day
2024-05-23,2024-05-23,ecb_fx,ecb,1,fx.usdcny,,7.239543025612678,CNY,per USD,reference_rate,fx,reference,https://data-api.ecb.europa.eu/service/data/EXR/D.CNY+USD.EUR.SP00.A?startPeriod=2023-01-01&format=csvdata,1.0,ECB EXR CNY/EUR ÷ USD/EUR,confirmed,derived,day
2024-05-24,2024-05-24,ecb_fx,ecb,1,fx.usdcny,,7.243726937269372,CNY,per USD,reference_rate,fx,reference,https://data-api.ecb.europa.eu/service/data/EXR/D.CNY+USD.EUR.SP00.A?startPeriod=2023-01-01&format=csvdata,1.0,ECB EXR CNY/EUR ÷ USD/EUR,confirmed,derived,day
2024-05-27,2024-05-27,ecb_fx,ecb,1,fx.usdcny,,7.243843954625103,CNY,per USD,reference_rate,fx,reference,https://data-api.ecb.europa.eu/service/data/EXR/D.CNY+USD.EUR.SP00.A?startPeriod=2023-01-01&format=csvdata,1.0,ECB EXR CNY/EUR ÷ USD/EUR,confirmed,derived,day
2024-05-28,2024-05-28,ecb_fx,ecb,1,fx.usdcny,,7.245175519206028,CNY,per USD,reference_rate,fx,reference,https://data-api.ecb.europa.eu/service/data/EXR/D.CNY+USD.EUR.SP00.A?startPeriod=2023-01-01&format=csvdata,1.0,ECB EXR CNY/EUR ÷ USD/EUR,confirmed,derived,day
2024-05-29,2024-05-29,ecb_fx,ecb,1,fx.usdcny,,7.249332228055631,CNY,per USD,reference_rate,fx,reference,https://data-api.ecb.europa.eu/service/data/EXR/D.CNY+USD.EUR.SP00.A?startPeriod=2023-01-01&format=csvdata,1.0,ECB EXR CNY/EUR ÷ USD/EUR,confirmed,derived,day
2024-05-30,2024-05-30,ecb_fx,ecb,1,fx.usdcny,,7.236338418862692,CNY,per USD,reference_rate,fx,reference,https://data-api.ecb.europa.eu/service/data/EXR/D.CNY+USD.EUR.SP00.A?startPeriod=2023-01-01&format=csvdata,1.0,ECB EXR CNY/EUR ÷ USD/EUR,confirmed,derived,day
2024-05-31,2024-05-31,ecb_fx,ecb,1,fx.usdcny,,7.240785108735718,CNY,per USD,reference_rate,fx,reference,https://data-api.ecb.europa.eu/service/data/EXR/D.CNY+USD.EUR.SP00.A?startPeriod=2023-01-01&format=csvdata,1.0,ECB EXR CNY/EUR ÷ USD/EUR,confirmed,derived,day
2024-06-03,2024-06-03,ecb_fx,ecb,1,fx.usdcny,,7.246080059029699,CNY,per USD,reference_rate,fx,reference,https://data-api.ecb.europa.eu/service/data/EXR/D.CNY+USD.EUR.SP00.A?startPeriod=2023-01-01&format=csvdata,1.0,ECB EXR CNY/EUR ÷ USD/EUR,confirmed,derived,day
2024-06-04,2024-06-04,ecb_fx,ecb,1,fx.usdcny,,7.236999539806719,CNY,per USD,reference_rate,fx,reference,https://data-api.ecb.europa.eu/service/data/EXR/D.CNY+USD.EUR.SP00.A?startPeriod=2023-01-01&format=csvdata,1.0,ECB EXR CNY/EUR ÷ USD/EUR,confirmed,derived,day
2024-06-05,2024-06-05,ecb_fx,ecb,1,fx.usdcny,,7.247516556291392,CNY,per USD,reference_rate,fx,reference,https://data-api.ecb.europa.eu/service/data/EXR/D.CNY+USD.EUR.SP00.A?startPeriod=2023-01-01&format=csvdata,1.0,ECB EXR CNY/EUR ÷ USD/EUR,confirmed,derived,day
2024-06-06,2024-06-06,ecb_fx,ecb,1,fx.usdcny,,7.244822825586747,CNY,per USD,reference_rate,fx,reference,https://data-api.ecb.europa.eu/service/data/EXR/D.CNY+USD.EUR.SP00.A?startPeriod=2023-01-01&format=csvdata,1.0,ECB EXR CNY/EUR ÷ USD/EUR,confirmed,derived,day
2024-06-07,2024-06-07,ecb_fx,ecb,1,fx.usdcny,,7.241328684162231,CNY,per USD,reference_rate,fx,reference,https://data-api.ecb.europa.eu/service/data/EXR/D.CNY+USD.EUR.SP00.A?startPeriod=2023-01-01&format=csvdata,1.0,ECB EXR CNY/EUR ÷ USD/EUR,confirmed,derived,day
2024-06-10,2024-06-10,ecb_fx,ecb,1,fx.usdcny,,7.24776868724433,CNY,per USD,reference_rate,fx,reference,https://data-api.ecb.europa.eu/service/data/EXR/D.CNY+USD.EUR.SP00.A?startPeriod=2023-01-01&format=csvdata,1.0,ECB EXR CNY/EUR ÷ USD/EUR,confirmed,derived,day
2024-06-11,2024-06-11,ecb_fx,ecb,1,fx.usdcny,,7.254333643988817,CNY,per USD,reference_rate,fx,reference,https://data-api.ecb.europa.eu/service/data/EXR/D.CNY+USD.EUR.SP00.A?startPeriod=2023-01-01&format=csvdata,1.0,ECB EXR CNY/EUR ÷ USD/EUR,confirmed,derived,day
2024-06-12,2024-06-12,ecb_fx,ecb,1,fx.usdcny,,7.253692522062239,CNY,per USD,reference_rate,fx,reference,https://data-api.ecb.europa.eu/service/data/EXR/D.CNY+USD.EUR.SP00.A?startPeriod=2023-01-01&format=csvdata,1.0,ECB EXR CNY/EUR ÷ USD/EUR,confirmed,derived,day
2024-06-13,2024-06-13,ecb_fx,ecb,1,fx.usdcny,,7.252503709198813,CNY,per USD,reference_rate,fx,reference,https://data-api.ecb.europa.eu/service/data/EXR/D.CNY+USD.EUR.SP00.A?startPeriod=2023-01-01&format=csvdata,1.0,ECB EXR CNY/EUR ÷ USD/EUR,confirmed,derived,day
2024-06-14,2024-06-14,ecb_fx,ecb,1,fx.usdcny,,7.255193711398091,CNY,per USD,reference_rate,fx,reference,https://data-api.ecb.europa.eu/service/data/EXR/D.CNY+USD.EUR.SP00.A?startPeriod=2023-01-01&format=csvdata,1.0,ECB EXR CNY/EUR ÷ USD/EUR,confirmed,derived,day
2024-06-17,2024-06-17,ecb_fx,ecb,1,fx.usdcny,,7.256161314413742,CNY,per USD,reference_rate,fx,reference,https://data-api.ecb.europa.eu/service/data/EXR/D.CNY+USD.EUR.SP00.A?startPeriod=2023-01-01&format=csvdata,1.0,ECB EXR CNY/EUR ÷ USD/EUR,confirmed,derived,day
2024-06-18,2024-06-18,ecb_fx,ecb,1,fx.usdcny,,7.25599626691554,CNY,per USD,reference_rate,fx,reference,https://data-api.ecb.europa.eu/service/data/EXR/D.CNY+USD.EUR.SP00.A?startPeriod=2023-01-01&format=csvdata,1.0,ECB EXR CNY/EUR ÷ USD/EUR,confirmed,derived,day
2024-06-19,2024-06-19,ecb_fx,ecb,1,fx.usdcny,,7.256954135268398,CNY,per USD,reference_rate,fx,reference,https://data-api.ecb.europa.eu/service/data/EXR/D.CNY+USD.EUR.SP00.A?startPeriod=2023-01-01&format=csvdata,1.0,ECB EXR CNY/EUR ÷ USD/EUR,confirmed,derived,day
2024-06-20,2024-06-20,ecb_fx,ecb,1,fx.usdcny,,7.2604720589607235,CNY,per USD,reference_rate,fx,reference,https://data-api.ecb.europa.eu/service/data/EXR/D.CNY+USD.EUR.SP00.A?startPeriod=2023-01-01&format=csvdata,1.0,ECB EXR CNY/EUR ÷ USD/EUR,confirmed,derived,day
2024-06-21,2024-06-21,ecb_fx,ecb,1,fx.usdcny,,7.260666167664671,CNY,per USD,reference_rate,fx,reference,https://data-api.ecb.europa.eu/service/data/EXR/D.CNY+USD.EUR.SP00.A?startPeriod=2023-01-01&format=csvdata,1.0,ECB EXR CNY/EUR ÷ USD/EUR,confirmed,derived,day
2024-06-24,2024-06-24,ecb_fx,ecb,1,fx.usdcny,,7.259179869524698,CNY,per USD,reference_rate,fx,reference,https://data-api.ecb.europa.eu/service/data/EXR/D.CNY+USD.EUR.SP00.A?startPeriod=2023-01-01&format=csvdata,1.0,ECB EXR CNY/EUR ÷ USD/EUR,confirmed,derived,day
2024-06-25,2024-06-25,ecb_fx,ecb,1,fx.usdcny,,7.262553668097817,CNY,per USD,reference_rate,fx,reference,https://data-api.ecb.europa.eu/service/data/EXR/D.CNY+USD.EUR.SP00.A?startPeriod=2023-01-01&format=csvdata,1.0,ECB EXR CNY/EUR ÷ USD/EUR,confirmed,derived,day
2024-06-26,2024-06-26,ecb_fx,ecb,1,fx.usdcny,,7.266629245018243,CNY,per USD,reference_rate,fx,reference,https://data-api.ecb.europa.eu/service/data/EXR/D.CNY+USD.EUR.SP00.A?startPeriod=2023-01-01&format=csvdata,1.0,ECB EXR CNY/EUR ÷ USD/EUR,confirmed,derived,day
2024-06-27,2024-06-27,ecb_fx,ecb,1,fx.usdcny,,7.268605086013462,CNY,per USD,reference_rate,fx,reference,https://data-api.ecb.europa.eu/service/data/EXR/D.CNY+USD.EUR.SP00.A?startPeriod=2023-01-01&format=csvdata,1.0,ECB EXR CNY/EUR ÷ USD/EUR,confirmed,derived,day
2024-06-28,2024-06-28,ecb_fx,ecb,1,fx.usdcny,,7.262774404483886,CNY,per USD,reference_rate,fx,reference,https://data-api.ecb.europa.eu/service/data/EXR/D.CNY+USD.EUR.SP00.A?startPeriod=2023-01-01&format=csvdata,1.0,ECB EXR CNY/EUR ÷ USD/EUR,confirmed,derived,day
2024-07-01,2024-07-01,ecb_fx,ecb,1,fx.usdcny,,7.268217775709632,CNY,per USD,reference_rate,fx,reference,https://data-api.ecb.europa.eu/service/data/EXR/D.CNY+USD.EUR.SP00.A?startPeriod=2023-01-01&format=csvdata,1.0,ECB EXR CNY/EUR ÷ USD/EUR,confirmed,derived,day
2024-07-02,2024-07-02,ecb_fx,ecb,1,fx.usdcny,,7.271320719545158,CNY,per USD,reference_rate,fx,reference,https://data-api.ecb.europa.eu/service/data/EXR/D.CNY+USD.EUR.SP00.A?startPeriod=2023-01-01&format=csvdata,1.0,ECB EXR CNY/EUR ÷ USD/EUR,confirmed,derived,day
2024-07-03,2024-07-03,ecb_fx,ecb,1,fx.usdcny,,7.273377951292061,CNY,per USD,reference_rate,fx,reference,https://data-api.ecb.europa.eu/service/data/EXR/D.CNY+USD.EUR.SP00.A?startPeriod=2023-01-01&format=csvdata,1.0,ECB EXR CNY/EUR ÷ USD/EUR,confirmed,derived,day
2024-07-04,2024-07-04,ecb_fx,ecb,1,fx.usdcny,,7.269907407407406,CNY,per USD,reference_rate,fx,reference,https://data-api.ecb.europa.eu/service/data/EXR/D.CNY+USD.EUR.SP00.A?startPeriod=2023-01-01&format=csvdata,1.0,ECB EXR CNY/EUR ÷ USD/EUR,confirmed,derived,day
2024-07-05,2024-07-05,ecb_fx,ecb,1,fx.usdcny,,7.266722099039172,CNY,per USD,reference_rate,fx,reference,https://data-api.ecb.europa.eu/service/data/EXR/D.CNY+USD.EUR.SP00.A?startPeriod=2023-01-01&format=csvdata,1.0,ECB EXR CNY/EUR ÷ USD/EUR,confirmed,derived,day
2024-07-08,2024-07-08,ecb_fx,ecb,1,fx.usdcny,,7.269589293954777,CNY,per USD,reference_rate,fx,reference,https://data-api.ecb.europa.eu/service/data/EXR/D.CNY+USD.EUR.SP00.A?startPeriod=2023-01-01&format=csvdata,1.0,ECB EXR CNY/EUR ÷ USD/EUR,confirmed,derived,day
2024-07-09,2024-07-09,ecb_fx,ecb,1,fx.usdcny,,7.271962271130017,CNY,per USD,reference_rate,fx,reference,https://data-api.ecb.europa.eu/service/data/EXR/D.CNY+USD.EUR.SP00.A?startPeriod=2023-01-01&format=csvdata,1.0,ECB EXR CNY/EUR ÷ USD/EUR,confirmed,derived,day
2024-07-10,2024-07-10,ecb_fx,ecb,1,fx.usdcny,,7.276027713625866,CNY,per USD,reference_rate,fx,reference,https://data-api.ecb.europa.eu/service/data/EXR/D.CNY+USD.EUR.SP00.A?startPeriod=2023-01-01&format=csvdata,1.0,ECB EXR CNY/EUR ÷ USD/EUR,confirmed,derived,day
2024-07-11,2024-07-11,ecb_fx,ecb,1,fx.usdcny,,7.265039152464302,CNY,per USD,reference_rate,fx,reference,https://data-api.ecb.europa.eu/service/data/EXR/D.CNY+USD.EUR.SP00.A?startPeriod=2023-01-01&format=csvdata,1.0,ECB EXR CNY/EUR ÷ USD/EUR,confirmed,derived,day
2024-07-12,2024-07-12,ecb_fx,ecb,1,fx.usdcny,,7.2528925619834705,CNY,per USD,reference_rate,fx,reference,https://data-api.ecb.europa.eu/service/data/EXR/D.CNY+USD.EUR.SP00.A?startPeriod=2023-01-01&format=csvdata,1.0,ECB EXR CNY/EUR ÷ USD/EUR,confirmed,derived,day
2024-07-15,2024-07-15,ecb_fx,ecb,1,fx.usdcny,,7.26194187219217,CNY,per USD,reference_rate,fx,reference,https://data-api.ecb.europa.eu/service/data/EXR/D.CNY+USD.EUR.SP00.A?startPeriod=2023-01-01&format=csvdata,1.0,ECB EXR CNY/EUR ÷ USD/EUR,confirmed,derived,day
2024-07-16,2024-07-16,ecb_fx,ecb,1,fx.usdcny,,7.266831773986424,CNY,per USD,reference_rate,fx,reference,https://data-api.ecb.europa.eu/service/data/EXR/D.CNY+USD.EUR.SP00.A?startPeriod=2023-01-01&format=csvdata,1.0,ECB EXR CNY/EUR ÷ USD/EUR,confirmed,derived,day
2024-07-17,2024-07-17,ecb_fx,ecb,1,fx.usdcny,,7.25919151271264,CNY,per USD,reference_rate,fx,reference,https://data-api.ecb.europa.eu/service/data/EXR/D.CNY+USD.EUR.SP00.A?startPeriod=2023-01-01&format=csvdata,1.0,ECB EXR CNY/EUR ÷ USD/EUR,confirmed,derived,day
2024-07-18,2024-07-18,ecb_fx,ecb,1,fx.usdcny,,7.257731015553523,CNY,per USD,reference_rate,fx,reference,https://data-api.ecb.europa.eu/service/data/EXR/D.CNY+USD.EUR.SP00.A?startPeriod=2023-01-01&format=csvdata,1.0,ECB EXR CNY/EUR ÷ USD/EUR,confirmed,derived,day
2024-07-19,2024-07-19,ecb_fx,ecb,1,fx.usdcny,,7.269513314967861,CNY,per USD,reference_rate,fx,reference,https://data-api.ecb.europa.eu/service/data/EXR/D.CNY+USD.EUR.SP00.A?startPeriod=2023-01-01&format=csvdata,1.0,ECB EXR CNY/EUR ÷ USD/EUR,confirmed,derived,day
2024-07-22,2024-07-22,ecb_fx,ecb,1,fx.usdcny,,7.273236590742101,CNY,per USD,reference_rate,fx,reference,https://data-api.ecb.europa.eu/service/data/EXR/D.CNY+USD.EUR.SP00.A?startPeriod=2023-01-01&format=csvdata,1.0,ECB EXR CNY/EUR ÷ USD/EUR,confirmed,derived,day
2024-07-23,2024-07-23,ecb_fx,ecb,1,fx.usdcny,,7.274677716390423,CNY,per USD,reference_rate,fx,reference,https://data-api.ecb.europa.eu/service/data/EXR/D.CNY+USD.EUR.SP00.A?startPeriod=2023-01-01&format=csvdata,1.0,ECB EXR CNY/EUR ÷ USD/EUR,confirmed,derived,day
2024-07-24,2024-07-24,ecb_fx,ecb,1,fx.usdcny,,7.276364306784661,CNY,per USD,reference_rate,fx,reference,https://data-api.ecb.europa.eu/service/data/EXR/D.CNY+USD.EUR.SP00.A?startPeriod=2023-01-01&format=csvdata,1.0,ECB EXR CNY/EUR ÷ USD/EUR,confirmed,derived,day
2024-07-25,2024-07-25,ecb_fx,ecb,1,fx.usdcny,,7.2187816791079165,CNY,per USD,reference_rate,fx,reference,https://data-api.ecb.europa.eu/service/data/EXR/D.CNY+USD.EUR.SP00.A?startPeriod=2023-01-01&format=csvdata,1.0,ECB EXR CNY/EUR ÷ USD/EUR,confirmed,derived,day
2024-07-26,2024-07-26,ecb_fx,ecb,1,fx.usdcny,,7.251381215469613,CNY,per USD,reference_rate,fx,reference,https://data-api.ecb.europa.eu/service/data/EXR/D.CNY+USD.EUR.SP00.A?startPeriod=2023-01-01&format=csvdata,1.0,ECB EXR CNY/EUR ÷ USD/EUR,confirmed,derived,day
2024-07-29,2024-07-29,ecb_fx,ecb,1,fx.usdcny,,7.258759360266247,CNY,per USD,reference_rate,fx,reference,https://data-api.ecb.europa.eu/service/data/EXR/D.CNY+USD.EUR.SP00.A?startPeriod=2023-01-01&format=csvdata,1.0,ECB EXR CNY/EUR ÷ USD/EUR,confirmed,derived,day
2024-07-30,2024-07-30,ecb_fx,ecb,1,fx.usdcny,,7.251385809312639,CNY,per USD,reference_rate,fx,reference,https://data-api.ecb.europa.eu/service/data/EXR/D.CNY+USD.EUR.SP00.A?startPeriod=2023-01-01&format=csvdata,1.0,ECB EXR CNY/EUR ÷ USD/EUR,confirmed,derived,day
2024-07-31,2024-07-31,ecb_fx,ecb,1,fx.usdcny,,7.2214628740302915,CNY,per USD,reference_rate,fx,reference,https://data-api.ecb.europa.eu/service/data/EXR/D.CNY+USD.EUR.SP00.A?startPeriod=2023-01-01&format=csvdata,1.0,ECB EXR CNY/EUR ÷ USD/EUR,confirmed,derived,day
2024-08-01,2024-08-01,ecb_fx,ecb,1,fx.usdcny,,7.248401149318751,CNY,per USD,reference_rate,fx,reference,https://data-api.ecb.europa.eu/service/data/EXR/D.CNY+USD.EUR.SP00.A?startPeriod=2023-01-01&format=csvdata,1.0,ECB EXR CNY/EUR ÷ USD/EUR,confirmed,derived,day
2024-08-02,2024-08-02,ecb_fx,ecb,1,fx.usdcny,,7.20581449007845,CNY,per USD,reference_rate,fx,reference,https://data-api.ecb.europa.eu/service/data/EXR/D.CNY+USD.EUR.SP00.A?startPeriod=2023-01-01&format=csvdata,1.0,ECB EXR CNY/EUR ÷ USD/EUR,confirmed,derived,day
2024-08-05,2024-08-05,ecb_fx,ecb,1,fx.usdcny,,7.1170891847528726,CNY,per USD,reference_rate,fx,reference,https://data-api.ecb.europa.eu/service/data/EXR/D.CNY+USD.EUR.SP00.A?startPeriod=2023-01-01&format=csvdata,1.0,ECB EXR CNY/EUR ÷ USD/EUR,confirmed,derived,day
2024-08-06,2024-08-06,ecb_fx,ecb,1,fx.usdcny,,7.152633989922126,CNY,per USD,reference_rate,fx,reference,https://data-api.ecb.europa.eu/service/data/EXR/D.CNY+USD.EUR.SP00.A?startPeriod=2023-01-01&format=csvdata,1.0,ECB EXR CNY/EUR ÷ USD/EUR,confirmed,derived,day
2024-08-07,2024-08-07,ecb_fx,ecb,1,fx.usdcny,,7.180461453946164,CNY,per USD,reference_rate,fx,reference,https://data-api.ecb.europa.eu/service/data/EXR/D.CNY+USD.EUR.SP00.A?startPeriod=2023-01-01&format=csvdata,1.0,ECB EXR CNY/EUR ÷ USD/EUR,confirmed,derived,day
2024-08-08,2024-08-08,ecb_fx,ecb,1,fx.usdcny,,7.172278133577311,CNY,per USD,reference_rate,fx,reference,https://data-api.ecb.europa.eu/service/data/EXR/D.CNY+USD.EUR.SP00.A?startPeriod=2023-01-01&format=csvdata,1.0,ECB EXR CNY/EUR ÷ USD/EUR,confirmed,derived,day
2024-08-09,2024-08-09,ecb_fx,ecb,1,fx.usdcny,,7.170468077310617,CNY,per USD,reference_rate,fx,reference,https://data-api.ecb.europa.eu/service/data/EXR/D.CNY+USD.EUR.SP00.A?startPeriod=2023-01-01&format=csvdata,1.0,ECB EXR CNY/EUR ÷ USD/EUR,confirmed,derived,day
2024-08-12,2024-08-12,ecb_fx,ecb,1,fx.usdcny,,7.179771167048054,CNY,per USD,reference_rate,fx,reference,https://data-api.ecb.europa.eu/service/data/EXR/D.CNY+USD.EUR.SP00.A?startPeriod=2023-01-01&format=csvdata,1.0,ECB EXR CNY/EUR ÷ USD/EUR,confirmed,derived,day
2024-08-13,2024-08-13,ecb_fx,ecb,1,fx.usdcny,,7.1632055621626565,CNY,per USD,reference_rate,fx,reference,https://data-api.ecb.europa.eu/service/data/EXR/D.CNY+USD.EUR.SP00.A?startPeriod=2023-01-01&format=csvdata,1.0,ECB EXR CNY/EUR ÷ USD/EUR,confirmed,derived,day
2024-08-14,2024-08-14,ecb_fx,ecb,1,fx.usdcny,,7.135583991287775,CNY,per USD,reference_rate,fx,reference,https://data-api.ecb.europa.eu/service/data/EXR/D.CNY+USD.EUR.SP00.A?startPeriod=2023-01-01&format=csvdata,1.0,ECB EXR CNY/EUR ÷ USD/EUR,confirmed,derived,day
2024-08-15,2024-08-15,ecb_fx,ecb,1,fx.usdcny,,7.157932976114794,CNY,per USD,reference_rate,fx,reference,https://data-api.ecb.europa.eu/service/data/EXR/D.CNY+USD.EUR.SP00.A?startPeriod=2023-01-01&format=csvdata,1.0,ECB EXR CNY/EUR ÷ USD/EUR,confirmed,derived,day
2024-08-16,2024-08-16,ecb_fx,ecb,1,fx.usdcny,,7.16372566854648,CNY,per USD,reference_rate,fx,reference,https://data-api.ecb.europa.eu/service/data/EXR/D.CNY+USD.EUR.SP00.A?startPeriod=2023-01-01&format=csvdata,1.0,ECB EXR CNY/EUR ÷ USD/EUR,confirmed,derived,day
2024-08-19,2024-08-19,ecb_fx,ecb,1,fx.usdcny,,7.141382121184675,CNY,per USD,reference_rate,fx,reference,https://data-api.ecb.europa.eu/service/data/EXR/D.CNY+USD.EUR.SP00.A?startPeriod=2023-01-01&format=csvdata,1.0,ECB EXR CNY/EUR ÷ USD/EUR,confirmed,derived,day
2024-08-20,2024-08-20,ecb_fx,ecb,1,fx.usdcny,,7.144713099963911,CNY,per USD,reference_rate,fx,reference,https://data-api.ecb.europa.eu/service/data/EXR/D.CNY+USD.EUR.SP00.A?startPeriod=2023-01-01&format=csvdata,1.0,ECB EXR CNY/EUR ÷ USD/EUR,confirmed,derived,day
2024-08-21,2024-08-21,ecb_fx,ecb,1,fx.usdcny,,7.134400863620008,CNY,per USD,reference_rate,fx,reference,https://data-api.ecb.europa.eu/service/data/EXR/D.CNY+USD.EUR.SP00.A?startPeriod=2023-01-01&format=csvdata,1.0,ECB EXR CNY/EUR ÷ USD/EUR,confirmed,derived,day
2024-08-22,2024-08-22,ecb_fx,ecb,1,fx.usdcny,,7.138841490794792,CNY,per USD,reference_rate,fx,reference,https://data-api.ecb.europa.eu/service/data/EXR/D.CNY+USD.EUR.SP00.A?startPeriod=2023-01-01&format=csvdata,1.0,ECB EXR CNY/EUR ÷ USD/EUR,confirmed,derived,day
2024-08-23,2024-08-23,ecb_fx,ecb,1,fx.usdcny,,7.1364085963492485,CNY,per USD,reference_rate,fx,reference,https://data-api.ecb.europa.eu/service/data/EXR/D.CNY+USD.EUR.SP00.A?startPeriod=2023-01-01&format=csvdata,1.0,ECB EXR CNY/EUR ÷ USD/EUR,confirmed,derived,day
2024-08-26,2024-08-26,ecb_fx,ecb,1,fx.usdcny,,7.122816447191615,CNY,per USD,reference_rate,fx,reference,https://data-api.ecb.europa.eu/service/data/EXR/D.CNY+USD.EUR.SP00.A?startPeriod=2023-01-01&format=csvdata,1.0,ECB EXR CNY/EUR ÷ USD/EUR,confirmed,derived,day
2024-08-27,2024-08-27,ecb_fx,ecb,1,fx.usdcny,,7.126590216807023,CNY,per USD,reference_rate,fx,reference,https://data-api.ecb.europa.eu/service/data/EXR/D.CNY+USD.EUR.SP00.A?startPeriod=2023-01-01&format=csvdata,1.0,ECB EXR CNY/EUR ÷ USD/EUR,confirmed,derived,day
2024-08-28,2024-08-28,ecb_fx,ecb,1,fx.usdcny,,7.128991634433751,CNY,per USD,reference_rate,fx,reference,https://data-api.ecb.europa.eu/service/data/EXR/D.CNY+USD.EUR.SP00.A?startPeriod=2023-01-01&format=csvdata,1.0,ECB EXR CNY/EUR ÷ USD/EUR,confirmed,derived,day
2024-08-29,2024-08-29,ecb_fx,ecb,1,fx.usdcny,,7.093524531024531,CNY,per USD,reference_rate,fx,reference,https://data-api.ecb.europa.eu/service/data/EXR/D.CNY+USD.EUR.SP00.A?startPeriod=2023-01-01&format=csvdata,1.0,ECB EXR CNY/EUR ÷ USD/EUR,confirmed,derived,day
2024-08-30,2024-08-30,ecb_fx,ecb,1,fx.usdcny,,7.088031027329305,CNY,per USD,reference_rate,fx,reference,https://data-api.ecb.europa.eu/service/data/EXR/D.CNY+USD.EUR.SP00.A?startPeriod=2023-01-01&format=csvdata,1.0,ECB EXR CNY/EUR ÷ USD/EUR,confirmed,derived,day
2024-09-02,2024-09-02,ecb_fx,ecb,1,fx.usdcny,,7.113009673628063,CNY,per USD,reference_rate,fx,reference,https://data-api.ecb.europa.eu/service/data/EXR/D.CNY+USD.EUR.SP00.A?startPeriod=2023-01-01&format=csvdata,1.0,ECB EXR CNY/EUR ÷ USD/EUR,confirmed,derived,day
2024-09-03,2024-09-03,ecb_fx,ecb,1,fx.usdcny,,7.124059809696421,CNY,per USD,reference_rate,fx,reference,https://data-api.ecb.europa.eu/service/data/EXR/D.CNY+USD.EUR.SP00.A?startPeriod=2023-01-01&format=csvdata,1.0,ECB EXR CNY/EUR ÷ USD/EUR,confirmed,derived,day
2024-09-04,2024-09-04,ecb_fx,ecb,1,fx.usdcny,,7.117466063348417,CNY,per USD,reference_rate,fx,reference,https://data-api.ecb.europa.eu/service/data/EXR/D.CNY+USD.EUR.SP00.A?startPeriod=2023-01-01&format=csvdata,1.0,ECB EXR CNY/EUR ÷ USD/EUR,confirmed,derived,day
2024-09-05,2024-09-05,ecb_fx,ecb,1,fx.usdcny,,7.0955213120663245,CNY,per USD,reference_rate,fx,reference,https://data-api.ecb.europa.eu/service/data/EXR/D.CNY+USD.EUR.SP00.A?startPeriod=2023-01-01&format=csvdata,1.0,ECB EXR CNY/EUR ÷ USD/EUR,confirmed,derived,day
2024-09-06,2024-09-06,ecb_fx,ecb,1,fx.usdcny,,7.083671079888318,CNY,per USD,reference_rate,fx,reference,https://data-api.ecb.europa.eu/service/data/EXR/D.CNY+USD.EUR.SP00.A?startPeriod=2023-01-01&format=csvdata,1.0,ECB EXR CNY/EUR ÷ USD/EUR,confirmed,derived,day
2024-09-09,2024-09-09,ecb_fx,ecb,1,fx.usdcny,,7.116634972380694,CNY,per USD,reference_rate,fx,reference,https://data-api.ecb.europa.eu/service/data/EXR/D.CNY+USD.EUR.SP00.A?startPeriod=2023-01-01&format=csvdata,1.0,ECB EXR CNY/EUR ÷ USD/EUR,confirmed,derived,day
2024-09-10,2024-09-10,ecb_fx,ecb,1,fx.usdcny,,7.119028193273502,CNY,per USD,reference_rate,fx,reference,https://data-api.ecb.europa.eu/service/data/EXR/D.CNY+USD.EUR.SP00.A?startPeriod=2023-01-01&format=csvdata,1.0,ECB EXR CNY/EUR ÷ USD/EUR,confirmed,derived,day
2024-09-11,2024-09-11,ecb_fx,ecb,1,fx.usdcny,,7.111654441727791,CNY,per USD,reference_rate,fx,reference,https://data-api.ecb.europa.eu/service/data/EXR/D.CNY+USD.EUR.SP00.A?startPeriod=2023-01-01&format=csvdata,1.0,ECB EXR CNY/EUR ÷ USD/EUR,confirmed,derived,day
2024-09-12,2024-09-12,ecb_fx,ecb,1,fx.usdcny,,7.120642701525055,CNY,per USD,reference_rate,fx,reference,https://data-api.ecb.europa.eu/service/data/EXR/D.CNY+USD.EUR.SP00.A?startPeriod=2023-01-01&format=csvdata,1.0,ECB EXR CNY/EUR ÷ USD/EUR,confirmed,derived,day
2024-09-13,2024-09-13,ecb_fx,ecb,1,fx.usdcny,,7.0962909484703545,CNY,per USD,reference_rate,fx,reference,https://data-api.ecb.europa.eu/service/data/EXR/D.CNY+USD.EUR.SP00.A?startPeriod=2023-01-01&format=csvdata,1.0,ECB EXR CNY/EUR ÷ USD/EUR,confirmed,derived,day
2024-09-16,2024-09-16,ecb_fx,ecb,1,fx.usdcny,,7.09626101024627,CNY,per USD,reference_rate,fx,reference,https://data-api.ecb.europa.eu/service/data/EXR/D.CNY+USD.EUR.SP00.A?startPeriod=2023-01-01&format=csvdata,1.0,ECB EXR CNY/EUR ÷ USD/EUR,confirmed,derived,day
2024-09-17,2024-09-17,ecb_fx,ecb,1,fx.usdcny,,7.096328216177396,CNY,per USD,reference_rate,fx,reference,https://data-api.ecb.europa.eu/service/data/EXR/D.CNY+USD.EUR.SP00.A?startPeriod=2023-01-01&format=csvdata,1.0,ECB EXR CNY/EUR ÷ USD/EUR,confirmed,derived,day
2024-09-18,2024-09-18,ecb_fx,ecb,1,fx.usdcny,,7.08351312477526,CNY,per USD,reference_rate,fx,reference,https://data-api.ecb.europa.eu/service/data/EXR/D.CNY+USD.EUR.SP00.A?startPeriod=2023-01-01&format=csvdata,1.0,ECB EXR CNY/EUR ÷ USD/EUR,confirmed,derived,day
2024-09-19,2024-09-19,ecb_fx,ecb,1,fx.usdcny,,7.065883829329509,CNY,per USD,reference_rate,fx,reference,https://data-api.ecb.europa.eu/service/data/EXR/D.CNY+USD.EUR.SP00.A?startPeriod=2023-01-01&format=csvdata,1.0,ECB EXR CNY/EUR ÷ USD/EUR,confirmed,derived,day
2024-09-20,2024-09-20,ecb_fx,ecb,1,fx.usdcny,,7.054988357513881,CNY,per USD,reference_rate,fx,reference,https://data-api.ecb.europa.eu/service/data/EXR/D.CNY+USD.EUR.SP00.A?startPeriod=2023-01-01&format=csvdata,1.0,ECB EXR CNY/EUR ÷ USD/EUR,confirmed,derived,day
2024-09-23,2024-09-23,ecb_fx,ecb,1,fx.usdcny,,7.05441136792877,CNY,per USD,reference_rate,fx,reference,https://data-api.ecb.europa.eu/service/data/EXR/D.CNY+USD.EUR.SP00.A?startPeriod=2023-01-01&format=csvdata,1.0,ECB EXR CNY/EUR ÷ USD/EUR,confirmed,derived,day
2024-09-24,2024-09-24,ecb_fx,ecb,1,fx.usdcny,,7.032246474445342,CNY,per USD,reference_rate,fx,reference,https://data-api.ecb.europa.eu/service/data/EXR/D.CNY+USD.EUR.SP00.A?startPeriod=2023-01-01&format=csvdata,1.0,ECB EXR CNY/EUR ÷ USD/EUR,confirmed,derived,day
2024-09-25,2024-09-25,ecb_fx,ecb,1,fx.usdcny,,7.029837412899768,CNY,per USD,reference_rate,fx,reference,https://data-api.ecb.europa.eu/service/data/EXR/D.CNY+USD.EUR.SP00.A?startPeriod=2023-01-01&format=csvdata,1.0,ECB EXR CNY/EUR ÷ USD/EUR,confirmed,derived,day
2024-09-26,2024-09-26,ecb_fx,ecb,1,fx.usdcny,,7.011474675033617,CNY,per USD,reference_rate,fx,reference,https://data-api.ecb.europa.eu/service/data/EXR/D.CNY+USD.EUR.SP00.A?startPeriod=2023-01-01&format=csvdata,1.0,ECB EXR CNY/EUR ÷ USD/EUR,confirmed,derived,day
2024-09-27,2024-09-27,ecb_fx,ecb,1,fx.usdcny,,7.011113102706579,CNY,per USD,reference_rate,fx,reference,https://data-api.ecb.europa.eu/service/data/EXR/D.CNY+USD.EUR.SP00.A?startPeriod=2023-01-01&format=csvdata,1.0,ECB EXR CNY/EUR ÷ USD/EUR,confirmed,derived,day
2024-09-30,2024-09-30,ecb_fx,ecb,1,fx.usdcny,,7.012415148267238,CNY,per USD,reference_rate,fx,reference,https://data-api.ecb.europa.eu/service/data/EXR/D.CNY+USD.EUR.SP00.A?startPeriod=2023-01-01&format=csvdata,1.0,ECB EXR CNY/EUR ÷ USD/EUR,confirmed,derived,day
2024-10-01,2024-10-01,ecb_fx,ecb,1,fx.usdcny,,7.018491791448674,CNY,per USD,reference_rate,fx,reference,https://data-api.ecb.europa.eu/service/data/EXR/D.CNY+USD.EUR.SP00.A?startPeriod=2023-01-01&format=csvdata,1.0,ECB EXR CNY/EUR ÷ USD/EUR,confirmed,derived,day
2024-10-02,2024-10-02,ecb_fx,ecb,1,fx.usdcny,,7.018516845813386,CNY,per USD,reference_rate,fx,reference,https://data-api.ecb.europa.eu/service/data/EXR/D.CNY+USD.EUR.SP00.A?startPeriod=2023-01-01&format=csvdata,1.0,ECB EXR CNY/EUR ÷ USD/EUR,confirmed,derived,day
2024-10-03,2024-10-03,ecb_fx,ecb,1,fx.usdcny,,7.0184799347767,CNY,per USD,reference_rate,fx,reference,https://data-api.ecb.europa.eu/service/data/EXR/D.CNY+USD.EUR.SP00.A?startPeriod=2023-01-01&format=csvdata,1.0,ECB EXR CNY/EUR ÷ USD/EUR,confirmed,derived,day
2024-10-04,2024-10-04,ecb_fx,ecb,1,fx.usdcny,,7.018496690543114,CNY,per USD,reference_rate,fx,reference,https://data-api.ecb.europa.eu/service/data/EXR/D.CNY+USD.EUR.SP00.A?startPeriod=2023-01-01&format=csvdata,1.0,ECB EXR CNY/EUR ÷ USD/EUR,confirmed,derived,day
2024-10-07,2024-10-07,ecb_fx,ecb,1,fx.usdcny,,7.018484793298124,CNY,per USD,reference_rate,fx,reference,https://data-api.ecb.europa.eu/service/data/EXR/D.CNY+USD.EUR.SP00.A?startPeriod=2023-01-01&format=csvdata,1.0,ECB EXR CNY/EUR ÷ USD/EUR,confirmed,derived,day
2024-10-08,2024-10-08,ecb_fx,ecb,1,fx.usdcny,,7.052358404662175,CNY,per USD,reference_rate,fx,reference,https://data-api.ecb.europa.eu/service/data/EXR/D.CNY+USD.EUR.SP00.A?startPeriod=2023-01-01&format=csvdata,1.0,ECB EXR CNY/EUR ÷ USD/EUR,confirmed,derived,day
2024-10-09,2024-10-09,ecb_fx,ecb,1,fx.usdcny,,7.06717167107785,CNY,per USD,reference_rate,fx,reference,https://data-api.ecb.europa.eu/service/data/EXR/D.CNY+USD.EUR.SP00.A?startPeriod=2023-01-01&format=csvdata,1.0,ECB EXR CNY/EUR ÷ USD/EUR,confirmed,derived,day
2024-10-10,2024-10-10,ecb_fx,ecb,1,fx.usdcny,,7.077936333699231,CNY,per USD,reference_rate,fx,reference,https://data-api.ecb.europa.eu/service/data/EXR/D.CNY+USD.EUR.SP00.A?startPeriod=2023-01-01&format=csvdata,1.0,ECB EXR CNY/EUR ÷ USD/EUR,confirmed,derived,day
2024-10-11,2024-10-11,ecb_fx,ecb,1,fx.usdcny,,7.065459864691899,CNY,per USD,reference_rate,fx,reference,https://data-api.ecb.europa.eu/service/data/EXR/D.CNY+USD.EUR.SP00.A?startPeriod=2023-01-01&format=csvdata,1.0,ECB EXR CNY/EUR ÷ USD/EUR,confirmed,derived,day
2024-10-14,2024-10-14,ecb_fx,ecb,1,fx.usdcny,,7.084928996793404,CNY,per USD,reference_rate,fx,reference,https://data-api.ecb.europa.eu/service/data/EXR/D.CNY+USD.EUR.SP00.A?startPeriod=2023-01-01&format=csvdata,1.0,ECB EXR CNY/EUR ÷ USD/EUR,confirmed,derived,day
2024-10-15,2024-10-15,ecb_fx,ecb,1,fx.usdcny,,7.114922498394937,CNY,per USD,reference_rate,fx,reference,https://data-api.ecb.europa.eu/service/data/EXR/D.CNY+USD.EUR.SP00.A?startPeriod=2023-01-01&format=csvdata,1.0,ECB EXR CNY/EUR ÷ USD/EUR,confirmed,derived,day
2024-10-16,2024-10-16,ecb_fx,ecb,1,fx.usdcny,,7.113058639992659,CNY,per USD,reference_rate,fx,reference,https://data-api.ecb.europa.eu/service/data/EXR/D.CNY+USD.EUR.SP00.A?startPeriod=2023-01-01&format=csvdata,1.0,ECB EXR CNY/EUR ÷ USD/EUR,confirmed,derived,day
2024-10-17,2024-10-17,ecb_fx,ecb,1,fx.usdcny,,7.12175593594699,CNY,per USD,reference_rate,fx,reference,https://data-api.ecb.europa.eu/service/data/EXR/D.CNY+USD.EUR.SP00.A?startPeriod=2023-01-01&format=csvdata,1.0,ECB EXR CNY/EUR ÷ USD/EUR,confirmed,derived,day
2024-10-18,2024-10-18,ecb_fx,ecb,1,fx.usdcny,,7.104729418272333,CNY,per USD,reference_rate,fx,reference,https://data-api.ecb.europa.eu/service/data/EXR/D.CNY+USD.EUR.SP00.A?startPeriod=2023-01-01&format=csvdata,1.0,ECB EXR CNY/EUR ÷ USD/EUR,confirmed,derived,day
2024-10-21,2024-10-21,ecb_fx,ecb,1,fx.usdcny,,7.113056297797844,CNY,per USD,reference_rate,fx,reference,https://data-api.ecb.europa.eu/service/data/EXR/D.CNY+USD.EUR.SP00.A?startPeriod=2023-01-01&format=csvdata,1.0,ECB EXR CNY/EUR ÷ USD/EUR,confirmed,derived,day
2024-10-22,2024-10-22,ecb_fx,ecb,1,fx.usdcny,,7.120598835597448,CNY,per USD,reference_rate,fx,reference,https://data-api.ecb.europa.eu/service/data/EXR/D.CNY+USD.EUR.SP00.A?startPeriod=2023-01-01&format=csvdata,1.0,ECB EXR CNY/EUR ÷ USD/EUR,confirmed,derived,day
2024-10-23,2024-10-23,ecb_fx,ecb,1,fx.usdcny,,7.1290981703352845,CNY,per USD,reference_rate,fx,reference,https://data-api.ecb.europa.eu/service/data/EXR/D.CNY+USD.EUR.SP00.A?startPeriod=2023-01-01&format=csvdata,1.0,ECB EXR CNY/EUR ÷ USD/EUR,confirmed,derived,day
2024-10-24,2024-10-24,ecb_fx,ecb,1,fx.usdcny,,7.114896768817702,CNY,per USD,reference_rate,fx,reference,https://data-api.ecb.europa.eu/service/data/EXR/D.CNY+USD.EUR.SP00.A?startPeriod=2023-01-01&format=csvdata,1.0,ECB EXR CNY/EUR ÷ USD/EUR,confirmed,derived,day
2024-10-25,2024-10-25,ecb_fx,ecb,1,fx.usdcny,,7.124526558891454,CNY,per USD,reference_rate,fx,reference,https://data-api.ecb.europa.eu/service/data/EXR/D.CNY+USD.EUR.SP00.A?startPeriod=2023-01-01&format=csvdata,1.0,ECB EXR CNY/EUR ÷ USD/EUR,confirmed,derived,day
2024-10-28,2024-10-28,ecb_fx,ecb,1,fx.usdcny,,7.126918099463856,CNY,per USD,reference_rate,fx,reference,https://data-api.ecb.europa.eu/service/data/EXR/D.CNY+USD.EUR.SP00.A?startPeriod=2023-01-01&format=csvdata,1.0,ECB EXR CNY/EUR ÷ USD/EUR,confirmed,derived,day
2024-10-29,2024-10-29,ecb_fx,ecb,1,fx.usdcny,,7.137089289029144,CNY,per USD,reference_rate,fx,reference,https://data-api.ecb.europa.eu/service/data/EXR/D.CNY+USD.EUR.SP00.A?startPeriod=2023-01-01&format=csvdata,1.0,ECB EXR CNY/EUR ÷ USD/EUR,confirmed,derived,day
2024-10-30,2024-10-30,ecb_fx,ecb,1,fx.usdcny,,7.124734165510866,CNY,per USD,reference_rate,fx,reference,https://data-api.ecb.europa.eu/service/data/EXR/D.CNY+USD.EUR.SP00.A?startPeriod=2023-01-01&format=csvdata,1.0,ECB EXR CNY/EUR ÷ USD/EUR,confirmed,derived,day
2024-10-31,2024-10-31,ecb_fx,ecb,1,fx.usdcny,,7.115971328799852,CNY,per USD,reference_rate,fx,reference,https://data-api.ecb.europa.eu/service/data/EXR/D.CNY+USD.EUR.SP00.A?startPeriod=2023-01-01&format=csvdata,1.0,ECB EXR CNY/EUR ÷ USD/EUR,confirmed,derived,day
2024-11-01,2024-11-01,ecb_fx,ecb,1,fx.usdcny,,7.110978410656868,CNY,per USD,reference_rate,fx,reference,https://data-api.ecb.europa.eu/service/data/EXR/D.CNY+USD.EUR.SP00.A?startPeriod=2023-01-01&format=csvdata,1.0,ECB EXR CNY/EUR ÷ USD/EUR,confirmed,derived,day
2024-11-04,2024-11-04,ecb_fx,ecb,1,fx.usdcny,,7.094919295671313,CNY,per USD,reference_rate,fx,reference,https://data-api.ecb.europa.eu/service/data/EXR/D.CNY+USD.EUR.SP00.A?startPeriod=2023-01-01&format=csvdata,1.0,ECB EXR CNY/EUR ÷ USD/EUR,confirmed,derived,day
2024-11-05,2024-11-05,ecb_fx,ecb,1,fx.usdcny,,7.103331192071213,CNY,per USD,reference_rate,fx,reference,https://data-api.ecb.europa.eu/service/data/EXR/D.CNY+USD.EUR.SP00.A?startPeriod=2023-01-01&format=csvdata,1.0,ECB EXR CNY/EUR ÷ USD/EUR,confirmed,derived,day
2024-11-06,2024-11-06,ecb_fx,ecb,1,fx.usdcny,,7.178962131837308,CNY,per USD,reference_rate,fx,reference,https://data-api.ecb.europa.eu/service/data/EXR/D.CNY+USD.EUR.SP00.A?startPeriod=2023-01-01&format=csvdata,1.0,ECB EXR CNY/EUR ÷ USD/EUR,confirmed,derived,day
2024-11-07,2024-11-07,ecb_fx,ecb,1,fx.usdcny,,7.15428836346778,CNY,per USD,reference_rate,fx,reference,https://data-api.ecb.europa.eu/service/data/EXR/D.CNY+USD.EUR.SP00.A?startPeriod=2023-01-01&format=csvdata,1.0,ECB EXR CNY/EUR ÷ USD/EUR,confirmed,derived,day
2024-11-08,2024-11-08,ecb_fx,ecb,1,fx.usdcny,,7.169792053471965,CNY,per USD,reference_rate,fx,reference,https://data-api.ecb.europa.eu/service/data/EXR/D.CNY+USD.EUR.SP00.A?startPeriod=2023-01-01&format=csvdata,1.0,ECB EXR CNY/EUR ÷ USD/EUR,confirmed,derived,day
2024-11-11,2024-11-11,ecb_fx,ecb,1,fx.usdcny,,7.202985635151629,CNY,per USD,reference_rate,fx,reference,https://data-api.ecb.europa.eu/service/data/EXR/D.CNY+USD.EUR.SP00.A?startPeriod=2023-01-01&format=csvdata,1.0,ECB EXR CNY/EUR ÷ USD/EUR,confirmed,derived,day
2024-11-12,2024-11-12,ecb_fx,ecb,1,fx.usdcny,,7.231892248281058,CNY,per USD,reference_rate,fx,reference,https://data-api.ecb.europa.eu/service/data/EXR/D.CNY+USD.EUR.SP00.A?startPeriod=2023-01-01&format=csvdata,1.0,ECB EXR CNY/EUR ÷ USD/EUR,confirmed,derived,day
2024-11-13,2024-11-13,ecb_fx,ecb,1,fx.usdcny,,7.209144792548688,CNY,per USD,reference_rate,fx,reference,https://data-api.ecb.europa.eu/service/data/EXR/D.CNY+USD.EUR.SP00.A?startPeriod=2023-01-01&format=csvdata,1.0,ECB EXR CNY/EUR ÷ USD/EUR,confirmed,derived,day
2024-11-14,2024-11-14,ecb_fx,ecb,1,fx.usdcny,,7.240767112883319,CNY,per USD,reference_rate,fx,reference,https://data-api.ecb.europa.eu/service/data/EXR/D.CNY+USD.EUR.SP00.A?startPeriod=2023-01-01&format=csvdata,1.0,ECB EXR CNY/EUR ÷ USD/EUR,confirmed,derived,day
2024-11-15,2024-11-15,ecb_fx,ecb,1,fx.usdcny,,7.227818198998394,CNY,per USD,reference_rate,fx,reference,https://data-api.ecb.europa.eu/service/data/EXR/D.CNY+USD.EUR.SP00.A?startPeriod=2023-01-01&format=csvdata,1.0,ECB EXR CNY/EUR ÷ USD/EUR,confirmed,derived,day
2024-11-18,2024-11-18,ecb_fx,ecb,1,fx.usdcny,,7.244313874147081,CNY,per USD,reference_rate,fx,reference,https://data-api.ecb.europa.eu/service/data/EXR/D.CNY+USD.EUR.SP00.A?startPeriod=2023-01-01&format=csvdata,1.0,ECB EXR CNY/EUR ÷ USD/EUR,confirmed,derived,day
2024-11-19,2024-11-19,ecb_fx,ecb,1,fx.usdcny,,7.239364719228587,CNY,per USD,reference_rate,fx,reference,https://data-api.ecb.europa.eu/service/data/EXR/D.CNY+USD.EUR.SP00.A?startPeriod=2023-01-01&format=csvdata,1.0,ECB EXR CNY/EUR ÷ USD/EUR,confirmed,derived,day
2024-11-20,2024-11-20,ecb_fx,ecb,1,fx.usdcny,,7.245597424730165,CNY,per USD,reference_rate,fx,reference,https://data-api.ecb.europa.eu/service/data/EXR/D.CNY+USD.EUR.SP00.A?startPeriod=2023-01-01&format=csvdata,1.0,ECB EXR CNY/EUR ÷ USD/EUR,confirmed,derived,day
2024-11-21,2024-11-21,ecb_fx,ecb,1,fx.usdcny,,7.239597187915637,CNY,per USD,reference_rate,fx,reference,https://data-api.ecb.europa.eu/service/data/EXR/D.CNY+USD.EUR.SP00.A?startPeriod=2023-01-01&format=csvdata,1.0,ECB EXR CNY/EUR ÷ USD/EUR,confirmed,derived,day
2024-11-22,2024-11-22,ecb_fx,ecb,1,fx.usdcny,,7.24721475220899,CNY,per USD,reference_rate,fx,reference,https://data-api.ecb.europa.eu/service/data/EXR/D.CNY+USD.EUR.SP00.A?startPeriod=2023-01-01&format=csvdata,1.0,ECB EXR CNY/EUR ÷ USD/EUR,confirmed,derived,day
2024-11-25,2024-11-25,ecb_fx,ecb,1,fx.usdcny,,7.243258694616483,CNY,per USD,reference_rate,fx,reference,https://data-api.ecb.europa.eu/service/data/EXR/D.CNY+USD.EUR.SP00.A?startPeriod=2023-01-01&format=csvdata,1.0,ECB EXR CNY/EUR ÷ USD/EUR,confirmed,derived,day
2024-11-26,2024-11-26,ecb_fx,ecb,1,fx.usdcny,,7.248146740163467,CNY,per USD,reference_rate,fx,reference,https://data-api.ecb.europa.eu/service/data/EXR/D.CNY+USD.EUR.SP00.A?startPeriod=2023-01-01&format=csvdata,1.0,ECB EXR CNY/EUR ÷ USD/EUR,confirmed,derived,day
2024-11-27,2024-11-27,ecb_fx,ecb,1,fx.usdcny,,7.249738866204539,CNY,per USD,reference_rate,fx,reference,https://data-api.ecb.europa.eu/service/data/EXR/D.CNY+USD.EUR.SP00.A?startPeriod=2023-01-01&format=csvdata,1.0,ECB EXR CNY/EUR ÷ USD/EUR,confirmed,derived,day
2024-11-28,2024-11-28,ecb_fx,ecb,1,fx.usdcny,,7.247486245494214,CNY,per USD,reference_rate,fx,reference,https://data-api.ecb.europa.eu/service/data/EXR/D.CNY+USD.EUR.SP00.A?startPeriod=2023-01-01&format=csvdata,1.0,ECB EXR CNY/EUR ÷ USD/EUR,confirmed,derived,day
2024-11-29,2024-11-29,ecb_fx,ecb,1,fx.usdcny,,7.241431547055481,CNY,per USD,reference_rate,fx,reference,https://data-api.ecb.europa.eu/service/data/EXR/D.CNY+USD.EUR.SP00.A?startPeriod=2023-01-01&format=csvdata,1.0,ECB EXR CNY/EUR ÷ USD/EUR,confirmed,derived,day
2024-12-02,2024-12-02,ecb_fx,ecb,1,fx.usdcny,,7.273341581802608,CNY,per USD,reference_rate,fx,reference,https://data-api.ecb.europa.eu/service/data/EXR/D.CNY+USD.EUR.SP00.A?startPeriod=2023-01-01&format=csvdata,1.0,ECB EXR CNY/EUR ÷ USD/EUR,confirmed,derived,day
2024-12-03,2024-12-03,ecb_fx,ecb,1,fx.usdcny,,7.285863774733638,CNY,per USD,reference_rate,fx,reference,https://data-api.ecb.europa.eu/service/data/EXR/D.CNY+USD.EUR.SP00.A?startPeriod=2023-01-01&format=csvdata,1.0,ECB EXR CNY/EUR ÷ USD/EUR,confirmed,derived,day
2024-12-04,2024-12-04,ecb_fx,ecb,1,fx.usdcny,,7.270777735417461,CNY,per USD,reference_rate,fx,reference,https://data-api.ecb.europa.eu/service/data/EXR/D.CNY+USD.EUR.SP00.A?startPeriod=2023-01-01&format=csvdata,1.0,ECB EXR CNY/EUR ÷ USD/EUR,confirmed,derived,day
2024-12-05,2024-12-05,ecb_fx,ecb,1,fx.usdcny,,7.265370018975332,CNY,per USD,reference_rate,fx,reference,https://data-api.ecb.europa.eu/service/data/EXR/D.CNY+USD.EUR.SP00.A?startPeriod=2023-01-01&format=csvdata,1.0,ECB EXR CNY/EUR ÷ USD/EUR,confirmed,derived,day
2024-12-06,2024-12-06,ecb_fx,ecb,1,fx.usdcny,,7.263207636329269,CNY,per USD,reference_rate,fx,reference,https://data-api.ecb.europa.eu/service/data/EXR/D.CNY+USD.EUR.SP00.A?startPeriod=2023-01-01&format=csvdata,1.0,ECB EXR CNY/EUR ÷ USD/EUR,confirmed,derived,day
2024-12-09,2024-12-09,ecb_fx,ecb,1,fx.usdcny,,7.264383043149129,CNY,per USD,reference_rate,fx,reference,https://data-api.ecb.europa.eu/service/data/EXR/D.CNY+USD.EUR.SP00.A?startPeriod=2023-01-01&format=csvdata,1.0,ECB EXR CNY/EUR ÷ USD/EUR,confirmed,derived,day
2024-12-10,2024-12-10,ecb_fx,ecb,1,fx.usdcny,,7.253158544694595,CNY,per USD,reference_rate,fx,reference,https://data-api.ecb.europa.eu/service/data/EXR/D.CNY+USD.EUR.SP00.A?startPeriod=2023-01-01&format=csvdata,1.0,ECB EXR CNY/EUR ÷ USD/EUR,confirmed,derived,day
2024-12-11,2024-12-11,ecb_fx,ecb,1,fx.usdcny,,7.26353859331874,CNY,per USD,reference_rate,fx,reference,https://data-api.ecb.europa.eu/service/data/EXR/D.CNY+USD.EUR.SP00.A?startPeriod=2023-01-01&format=csvdata,1.0,ECB EXR CNY/EUR ÷ USD/EUR,confirmed,derived,day
2024-12-12,2024-12-12,ecb_fx,ecb,1,fx.usdcny,,7.270231627108951,CNY,per USD,reference_rate,fx,reference,https://data-api.ecb.europa.eu/service/data/EXR/D.CNY+USD.EUR.SP00.A?startPeriod=2023-01-01&format=csvdata,1.0,ECB EXR CNY/EUR ÷ USD/EUR,confirmed,derived,day
2024-12-13,2024-12-13,ecb_fx,ecb,1,fx.usdcny,,7.274196615326107,CNY,per USD,reference_rate,fx,reference,https://data-api.ecb.europa.eu/service/data/EXR/D.CNY+USD.EUR.SP00.A?startPeriod=2023-01-01&format=csvdata,1.0,ECB EXR CNY/EUR ÷ USD/EUR,confirmed,derived,day
2024-12-16,2024-12-16,ecb_fx,ecb,1,fx.usdcny,,7.2835778243474945,CNY,per USD,reference_rate,fx,reference,https://data-api.ecb.europa.eu/service/data/EXR/D.CNY+USD.EUR.SP00.A?startPeriod=2023-01-01&format=csvdata,1.0,ECB EXR CNY/EUR ÷ USD/EUR,confirmed,derived,day
2024-12-17,2024-12-17,ecb_fx,ecb,1,fx.usdcny,,7.284366961989139,CNY,per USD,reference_rate,fx,reference,https://data-api.ecb.europa.eu/service/data/EXR/D.CNY+USD.EUR.SP00.A?startPeriod=2023-01-01&format=csvdata,1.0,ECB EXR CNY/EUR ÷ USD/EUR,confirmed,derived,day
2024-12-18,2024-12-18,ecb_fx,ecb,1,fx.usdcny,,7.284965701219511,CNY,per USD,reference_rate,fx,reference,https://data-api.ecb.europa.eu/service/data/EXR/D.CNY+USD.EUR.SP00.A?startPeriod=2023-01-01&format=csvdata,1.0,ECB EXR CNY/EUR ÷ USD/EUR,confirmed,derived,day
2024-12-19,2024-12-19,ecb_fx,ecb,1,fx.usdcny,,7.297546897546897,CNY,per USD,reference_rate,fx,reference,https://data-api.ecb.europa.eu/service/data/EXR/D.CNY+USD.EUR.SP00.A?startPeriod=2023-01-01&format=csvdata,1.0,ECB EXR CNY/EUR ÷ USD/EUR,confirmed,derived,day
2024-12-20,2024-12-20,ecb_fx,ecb,1,fx.usdcny,,7.298460057747835,CNY,per USD,reference_rate,fx,reference,https://data-api.ecb.europa.eu/service/data/EXR/D.CNY+USD.EUR.SP00.A?startPeriod=2023-01-01&format=csvdata,1.0,ECB EXR CNY/EUR ÷ USD/EUR,confirmed,derived,day
2024-12-23,2024-12-23,ecb_fx,ecb,1,fx.usdcny,,7.299239872991437,CNY,per USD,reference_rate,fx,reference,https://data-api.ecb.europa.eu/service/data/EXR/D.CNY+USD.EUR.SP00.A?startPeriod=2023-01-01&format=csvdata,1.0,ECB EXR CNY/EUR ÷ USD/EUR,confirmed,derived,day
2024-12-24,2024-12-24,ecb_fx,ecb,1,fx.usdcny,,7.296103896103895,CNY,per USD,reference_rate,fx,reference,https://data-api.ecb.europa.eu/service/data/EXR/D.CNY+USD.EUR.SP00.A?startPeriod=2023-01-01&format=csvdata,1.0,ECB EXR CNY/EUR ÷ USD/EUR,confirmed,derived,day
2024-12-27,2024-12-27,ecb_fx,ecb,1,fx.usdcny,,7.299377096310493,CNY,per USD,reference_rate,fx,reference,https://data-api.ecb.europa.eu/service/data/EXR/D.CNY+USD.EUR.SP00.A?startPeriod=2023-01-01&format=csvdata,1.0,ECB EXR CNY/EUR ÷ USD/EUR,confirmed,derived,day
2024-12-30,2024-12-30,ecb_fx,ecb,1,fx.usdcny,,7.299310608962084,CNY,per USD,reference_rate,fx,reference,https://data-api.ecb.europa.eu/service/data/EXR/D.CNY+USD.EUR.SP00.A?startPeriod=2023-01-01&format=csvdata,1.0,ECB EXR CNY/EUR ÷ USD/EUR,confirmed,derived,day
2024-12-31,2024-12-31,ecb_fx,ecb,1,fx.usdcny,,7.299355087111369,CNY,per USD,reference_rate,fx,reference,https://data-api.ecb.europa.eu/service/data/EXR/D.CNY+USD.EUR.SP00.A?startPeriod=2023-01-01&format=csvdata,1.0,ECB EXR CNY/EUR ÷ USD/EUR,confirmed,derived,day
2025-01-02,2025-01-02,ecb_fx,ecb,1,fx.usdcny,,7.299486483867843,CNY,per USD,reference_rate,fx,reference,https://data-api.ecb.europa.eu/service/data/EXR/D.CNY+USD.EUR.SP00.A?startPeriod=2023-01-01&format=csvdata,1.0,ECB EXR CNY/EUR ÷ USD/EUR,confirmed,derived,day
2025-01-03,2025-01-03,ecb_fx,ecb,1,fx.usdcny,,7.3182833284784925,CNY,per USD,reference_rate,fx,reference,https://data-api.ecb.europa.eu/service/data/EXR/D.CNY+USD.EUR.SP00.A?startPeriod=2023-01-01&format=csvdata,1.0,ECB EXR CNY/EUR ÷ USD/EUR,confirmed,derived,day
2025-01-06,2025-01-06,ecb_fx,ecb,1,fx.usdcny,,7.316708229426434,CNY,per USD,reference_rate,fx,reference,https://data-api.ecb.europa.eu/service/data/EXR/D.CNY+USD.EUR.SP00.A?startPeriod=2023-01-01&format=csvdata,1.0,ECB EXR CNY/EUR ÷ USD/EUR,confirmed,derived,day
2025-01-07,2025-01-07,ecb_fx,ecb,1,fx.usdcny,,7.326277302030213,CNY,per USD,reference_rate,fx,reference,https://data-api.ecb.europa.eu/service/data/EXR/D.CNY+USD.EUR.SP00.A?startPeriod=2023-01-01&format=csvdata,1.0,ECB EXR CNY/EUR ÷ USD/EUR,confirmed,derived,day
2025-01-08,2025-01-08,ecb_fx,ecb,1,fx.usdcny,,7.33161578845032,CNY,per USD,reference_rate,fx,reference,https://data-api.ecb.europa.eu/service/data/EXR/D.CNY+USD.EUR.SP00.A?startPeriod=2023-01-01&format=csvdata,1.0,ECB EXR CNY/EUR ÷ USD/EUR,confirmed,derived,day
2025-01-09,2025-01-09,ecb_fx,ecb,1,fx.usdcny,,7.33216885007278,CNY,per USD,reference_rate,fx,reference,https://data-api.ecb.europa.eu/service/data/EXR/D.CNY+USD.EUR.SP00.A?startPeriod=2023-01-01&format=csvdata,1.0,ECB EXR CNY/EUR ÷ USD/EUR,confirmed,derived,day
2025-01-10,2025-01-10,ecb_fx,ecb,1,fx.usdcny,,7.331327639751553,CNY,per USD,reference_rate,fx,reference,https://data-api.ecb.europa.eu/service/data/EXR/D.CNY+USD.EUR.SP00.A?startPeriod=2023-01-01&format=csvdata,1.0,ECB EXR CNY/EUR ÷ USD/EUR,confirmed,derived,day
2025-01-13,2025-01-13,ecb_fx,ecb,1,fx.usdcny,,7.331927828986076,CNY,per USD,reference_rate,fx,reference,https://data-api.ecb.europa.eu/service/data/EXR/D.CNY+USD.EUR.SP00.A?startPeriod=2023-01-01&format=csvdata,1.0,ECB EXR CNY/EUR ÷ USD/EUR,confirmed,derived,day
2025-01-14,2025-01-14,ecb_fx,ecb,1,fx.usdcny,,7.331185944363104,CNY,per USD,reference_rate,fx,reference,https://data-api.ecb.europa.eu/service/data/EXR/D.CNY+USD.EUR.SP00.A?startPeriod=2023-01-01&format=csvdata,1.0,ECB EXR CNY/EUR ÷ USD/EUR,confirmed,derived,day
2025-01-15,2025-01-15,ecb_fx,ecb,1,fx.usdcny,,7.331553398058252,CNY,per USD,reference_rate,fx,reference,https://data-api.ecb.europa.eu/service/data/EXR/D.CNY+USD.EUR.SP00.A?startPeriod=2023-01-01&format=csvdata,1.0,ECB EXR CNY/EUR ÷ USD/EUR,confirmed,derived,day
2025-01-16,2025-01-16,ecb_fx,ecb,1,fx.usdcny,,7.331678348909659,CNY,per USD,reference_rate,fx,reference,https://data-api.ecb.europa.eu/service/data/EXR/D.CNY+USD.EUR.SP00.A?startPeriod=2023-01-01&format=csvdata,1.0,ECB EXR CNY/EUR ÷ USD/EUR,confirmed,derived,day
2025-01-17,2025-01-17,ecb_fx,ecb,1,fx.usdcny,,7.328995921538162,CNY,per USD,reference_rate,fx,reference,https://data-api.ecb.europa.eu/service/data/EXR/D.CNY+USD.EUR.SP00.A?startPeriod=2023-01-01&format=csvdata,1.0,ECB EXR CNY/EUR ÷ USD/EUR,confirmed,derived,day
2025-01-20,2025-01-20,ecb_fx,ecb,1,fx.usdcny,,7.31203955021326,CNY,per USD,reference_rate,fx,reference,https://data-api.ecb.europa.eu/service/data/EXR/D.CNY+USD.EUR.SP00.A?startPeriod=2023-01-01&format=csvdata,1.0,ECB EXR CNY/EUR ÷ USD/EUR,confirmed,derived,day
2025-01-21,2025-01-21,ecb_fx,ecb,1,fx.usdcny,,7.284252196582021,CNY,per USD,reference_rate,fx,reference,https://data-api.ecb.europa.eu/service/data/EXR/D.CNY+USD.EUR.SP00.A?startPeriod=2023-01-01&format=csvdata,1.0,ECB EXR CNY/EUR ÷ USD/EUR,confirmed,derived,day
2025-01-22,2025-01-22,ecb_fx,ecb,1,fx.usdcny,,7.26726036579527,CNY,per USD,reference_rate,fx,reference,https://data-api.ecb.europa.eu/service/data/EXR/D.CNY+USD.EUR.SP00.A?startPeriod=2023-01-01&format=csvdata,1.0,ECB EXR CNY/EUR ÷ USD/EUR,confirmed,derived,day
2025-01-23,2025-01-23,ecb_fx,ecb,1,fx.usdcny,,7.28844675124952,CNY,per USD,reference_rate,fx,reference,https://data-api.ecb.europa.eu/service/data/EXR/D.CNY+USD.EUR.SP00.A?startPeriod=2023-01-01&format=csvdata,1.0,ECB EXR CNY/EUR ÷ USD/EUR,confirmed,derived,day
2025-01-24,2025-01-24,ecb_fx,ecb,1,fx.usdcny,,7.247039724980902,CNY,per USD,reference_rate,fx,reference,https://data-api.ecb.europa.eu/service/data/EXR/D.CNY+USD.EUR.SP00.A?startPeriod=2023-01-01&format=csvdata,1.0,ECB EXR CNY/EUR ÷ USD/EUR,confirmed,derived,day
2025-01-27,2025-01-27,ecb_fx,ecb,1,fx.usdcny,,7.246533713200381,CNY,per USD,reference_rate,fx,reference,https://data-api.ecb.europa.eu/service/data/EXR/D.CNY+USD.EUR.SP00.A?startPeriod=2023-01-01&format=csvdata,1.0,ECB EXR CNY/EUR ÷ USD/EUR,confirmed,derived,day
2025-01-28,2025-01-28,ecb_fx,ecb,1,fx.usdcny,,7.246617407158622,CNY,per USD,reference_rate,fx,reference,https://data-api.ecb.europa.eu/service/data/EXR/D.CNY+USD.EUR.SP00.A?startPeriod=2023-01-01&format=csvdata,1.0,ECB EXR CNY/EUR ÷ USD/EUR,confirmed,derived,day
2025-01-29,2025-01-29,ecb_fx,ecb,1,fx.usdcny,,7.251346671796845,CNY,per USD,reference_rate,fx,reference,https://data-api.ecb.europa.eu/service/data/EXR/D.CNY+USD.EUR.SP00.A?startPeriod=2023-01-01&format=csvdata,1.0,ECB EXR CNY/EUR ÷ USD/EUR,confirmed,derived,day
2025-01-30,2025-01-30,ecb_fx,ecb,1,fx.usdcny,,7.251369797173892,CNY,per USD,reference_rate,fx,reference,https://data-api.ecb.europa.eu/service/data/EXR/D.CNY+USD.EUR.SP00.A?startPeriod=2023-01-01&format=csvdata,1.0,ECB EXR CNY/EUR ÷ USD/EUR,confirmed,derived,day
2025-01-31,2025-01-31,ecb_fx,ecb,1,fx.usdcny,,7.251323005869335,CNY,per USD,reference_rate,fx,reference,https://data-api.ecb.europa.eu/service/data/EXR/D.CNY+USD.EUR.SP00.A?startPeriod=2023-01-01&format=csvdata,1.0,ECB EXR CNY/EUR ÷ USD/EUR,confirmed,derived,day
2025-02-03,2025-02-03,ecb_fx,ecb,1,fx.usdcny,,7.251313996496009,CNY,per USD,reference_rate,fx,reference,https://data-api.ecb.europa.eu/service/data/EXR/D.CNY+USD.EUR.SP00.A?startPeriod=2023-01-01&format=csvdata,1.0,ECB EXR CNY/EUR ÷ USD/EUR,confirmed,derived,day
2025-02-04,2025-02-04,ecb_fx,ecb,1,fx.usdcny,,7.251378809869375,CNY,per USD,reference_rate,fx,reference,https://data-api.ecb.europa.eu/service/data/EXR/D.CNY+USD.EUR.SP00.A?startPeriod=2023-01-01&format=csvdata,1.0,ECB EXR CNY/EUR ÷ USD/EUR,confirmed,derived,day
2025-02-05,2025-02-05,ecb_fx,ecb,1,fx.usdcny,,7.272788332373825,CNY,per USD,reference_rate,fx,reference,https://data-api.ecb.europa.eu/service/data/EXR/D.CNY+USD.EUR.SP00.A?startPeriod=2023-01-01&format=csvdata,1.0,ECB EXR CNY/EUR ÷ USD/EUR,confirmed,derived,day
2025-02-06,2025-02-06,ecb_fx,ecb,1,fx.usdcny,,7.288706563706564,CNY,per USD,reference_rate,fx,reference,https://data-api.ecb.europa.eu/service/data/EXR/D.CNY+USD.EUR.SP00.A?startPeriod=2023-01-01&format=csvdata,1.0,ECB EXR CNY/EUR ÷ USD/EUR,confirmed,derived,day
2025-02-07,2025-02-07,ecb_fx,ecb,1,fx.usdcny,,7.288619061385756,CNY,per USD,reference_rate,fx,reference,https://data-api.ecb.europa.eu/service/data/EXR/D.CNY+USD.EUR.SP00.A?startPeriod=2023-01-01&format=csvdata,1.0,ECB EXR CNY/EUR ÷ USD/EUR,confirmed,derived,day
2025-02-10,2025-02-10,ecb_fx,ecb,1,fx.usdcny,,7.305717054263566,CNY,per USD,reference_rate,fx,reference,https://data-api.ecb.europa.eu/service/data/EXR/D.CNY+USD.EUR.SP00.A?startPeriod=2023-01-01&format=csvdata,1.0,ECB EXR CNY/EUR ÷ USD/EUR,confirmed,derived,day
2025-02-11,2025-02-11,ecb_fx,ecb,1,fx.usdcny,,7.307245253777605,CNY,per USD,reference_rate,fx,reference,https://data-api.ecb.europa.eu/service/data/EXR/D.CNY+USD.EUR.SP00.A?startPeriod=2023-01-01&format=csvdata,1.0,ECB EXR CNY/EUR ÷ USD/EUR,confirmed,derived,day
2025-02-12,2025-02-12,ecb_fx,ecb,1,fx.usdcny,,7.308968177434909,CNY,per USD,reference_rate,fx,reference,https://data-api.ecb.europa.eu/service/data/EXR/D.CNY+USD.EUR.SP00.A?startPeriod=2023-01-01&format=csvdata,1.0,ECB EXR CNY/EUR ÷ USD/EUR,confirmed,derived,day
2025-02-13,2025-02-13,ecb_fx,ecb,1,fx.usdcny,,7.29711260827719,CNY,per USD,reference_rate,fx,reference,https://data-api.ecb.europa.eu/service/data/EXR/D.CNY+USD.EUR.SP00.A?startPeriod=2023-01-01&format=csvdata,1.0,ECB EXR CNY/EUR ÷ USD/EUR,confirmed,derived,day
2025-02-14,2025-02-14,ecb_fx,ecb,1,fx.usdcny,,7.266749379652604,CNY,per USD,reference_rate,fx,reference,https://data-api.ecb.europa.eu/service/data/EXR/D.CNY+USD.EUR.SP00.A?startPeriod=2023-01-01&format=csvdata,1.0,ECB EXR CNY/EUR ÷ USD/EUR,confirmed,derived,day
2025-02-17,2025-02-17,ecb_fx,ecb,1,fx.usdcny,,7.26305738565836,CNY,per USD,reference_rate,fx,reference,https://data-api.ecb.europa.eu/service/data/EXR/D.CNY+USD.EUR.SP00.A?startPeriod=2023-01-01&format=csvdata,1.0,ECB EXR CNY/EUR ÷ USD/EUR,confirmed,derived,day
2025-02-18,2025-02-18,ecb_fx,ecb,1,fx.usdcny,,7.280176127117833,CNY,per USD,reference_rate,fx,reference,https://data-api.ecb.europa.eu/service/data/EXR/D.CNY+USD.EUR.SP00.A?startPeriod=2023-01-01&format=csvdata,1.0,ECB EXR CNY/EUR ÷ USD/EUR,confirmed,derived,day
2025-02-19,2025-02-19,ecb_fx,ecb,1,fx.usdcny,,7.285508913168487,CNY,per USD,reference_rate,fx,reference,https://data-api.ecb.europa.eu/service/data/EXR/D.CNY+USD.EUR.SP00.A?startPeriod=2023-01-01&format=csvdata,1.0,ECB EXR CNY/EUR ÷ USD/EUR,confirmed,derived,day
2025-02-20,2025-02-20,ecb_fx,ecb,1,fx.usdcny,,7.259120942257972,CNY,per USD,reference_rate,fx,reference,https://data-api.ecb.europa.eu/service/data/EXR/D.CNY+USD.EUR.SP00.A?startPeriod=2023-01-01&format=csvdata,1.0,ECB EXR CNY/EUR ÷ USD/EUR,confirmed,derived,day
2025-02-21,2025-02-21,ecb_fx,ecb,1,fx.usdcny,,7.255900621118013,CNY,per USD,reference_rate,fx,reference,https://data-api.ecb.europa.eu/service/data/EXR/D.CNY+USD.EUR.SP00.A?startPeriod=2023-01-01&format=csvdata,1.0,ECB EXR CNY/EUR ÷ USD/EUR,confirmed,derived,day
2025-02-24,2025-02-24,ecb_fx,ecb,1,fx.usdcny,,7.250047773743551,CNY,per USD,reference_rate,fx,reference,https://data-api.ecb.europa.eu/service/data/EXR/D.CNY+USD.EUR.SP00.A?startPeriod=2023-01-01&format=csvdata,1.0,ECB EXR CNY/EUR ÷ USD/EUR,confirmed,derived,day
2025-02-25,2025-02-25,ecb_fx,ecb,1,fx.usdcny,,7.261026960083833,CNY,per USD,reference_rate,fx,reference,https://data-api.ecb.europa.eu/service/data/EXR/D.CNY+USD.EUR.SP00.A?startPeriod=2023-01-01&format=csvdata,1.0,ECB EXR CNY/EUR ÷ USD/EUR,confirmed,derived,day
2025-02-26,2025-02-26,ecb_fx,ecb,1,fx.usdcny,,7.2589873176313535,CNY,per USD,reference_rate,fx,reference,https://data-api.ecb.europa.eu/service/data/EXR/D.CNY+USD.EUR.SP00.A?startPeriod=2023-01-01&format=csvdata,1.0,ECB EXR CNY/EUR ÷ USD/EUR,confirmed,derived,day
2025-02-27,2025-02-27,ecb_fx,ecb,1,fx.usdcny,,7.26610670993605,CNY,per USD,reference_rate,fx,reference,https://data-api.ecb.europa.eu/service/data/EXR/D.CNY+USD.EUR.SP00.A?startPeriod=2023-01-01&format=csvdata,1.0,ECB EXR CNY/EUR ÷ USD/EUR,confirmed,derived,day
2025-02-28,2025-02-28,ecb_fx,ecb,1,fx.usdcny,,7.2790317932955535,CNY,per USD,reference_rate,fx,reference,https://data-api.ecb.europa.eu/service/data/EXR/D.CNY+USD.EUR.SP00.A?startPeriod=2023-01-01&format=csvdata,1.0,ECB EXR CNY/EUR ÷ USD/EUR,confirmed,derived,day
2025-03-03,2025-03-03,ecb_fx,ecb,1,fx.usdcny,,7.289249880554228,CNY,per USD,reference_rate,fx,reference,https://data-api.ecb.europa.eu/service/data/EXR/D.CNY+USD.EUR.SP00.A?startPeriod=2023-01-01&format=csvdata,1.0,ECB EXR CNY/EUR ÷ USD/EUR,confirmed,derived,day
2025-03-04,2025-03-04,ecb_fx,ecb,1,fx.usdcny,,7.257175333901676,CNY,per USD,reference_rate,fx,reference,https://data-api.ecb.europa.eu/service/data/EXR/D.CNY+USD.EUR.SP00.A?startPeriod=2023-01-01&format=csvdata,1.0,ECB EXR CNY/EUR ÷ USD/EUR,confirmed,derived,day
2025-03-05,2025-03-05,ecb_fx,ecb,1,fx.usdcny,,7.263418739480083,CNY,per USD,reference_rate,fx,reference,https://data-api.ecb.europa.eu/service/data/EXR/D.CNY+USD.EUR.SP00.A?startPeriod=2023-01-01&format=csvdata,1.0,ECB EXR CNY/EUR ÷ USD/EUR,confirmed,derived,day
2025-03-06,2025-03-06,ecb_fx,ecb,1,fx.usdcny,,7.247776954427566,CNY,per USD,reference_rate,fx,reference,https://data-api.ecb.europa.eu/service/data/EXR/D.CNY+USD.EUR.SP00.A?startPeriod=2023-01-01&format=csvdata,1.0,ECB EXR CNY/EUR ÷ USD/EUR,confirmed,derived,day
2025-03-07,2025-03-07,ecb_fx,ecb,1,fx.usdcny,,7.235976789168277,CNY,per USD,reference_rate,fx,reference,https://data-api.ecb.europa.eu/service/data/EXR/D.CNY+USD.EUR.SP00.A?startPeriod=2023-01-01&format=csvdata,1.0,ECB EXR CNY/EUR ÷ USD/EUR,confirmed,derived,day
2025-03-10,2025-03-10,ecb_fx,ecb,1,fx.usdcny,,7.258460119870908,CNY,per USD,reference_rate,fx,reference,https://data-api.ecb.europa.eu/service/data/EXR/D.CNY+USD.EUR.SP00.A?startPeriod=2023-01-01&format=csvdata,1.0,ECB EXR CNY/EUR ÷ USD/EUR,confirmed,derived,day
2025-03-11,2025-03-11,ecb_fx,ecb,1,fx.usdcny,,7.233229472140763,CNY,per USD,reference_rate,fx,reference,https://data-api.ecb.europa.eu/service/data/EXR/D.CNY+USD.EUR.SP00.A?startPeriod=2023-01-01&format=csvdata,1.0,ECB EXR CNY/EUR ÷ USD/EUR,confirmed,derived,day
2025-03-12,2025-03-12,ecb_fx,ecb,1,fx.usdcny,,7.243064486496418,CNY,per USD,reference_rate,fx,reference,https://data-api.ecb.europa.eu/service/data/EXR/D.CNY+USD.EUR.SP00.A?startPeriod=2023-01-01&format=csvdata,1.0,ECB EXR CNY/EUR ÷ USD/EUR,confirmed,derived,day
2025-03-13,2025-03-13,ecb_fx,ecb,1,fx.usdcny,,7.247737765466298,CNY,per USD,reference_rate,fx,reference,https://data-api.ecb.europa.eu/service/data/EXR/D.CNY+USD.EUR.SP00.A?startPeriod=2023-01-01&format=csvdata,1.0,ECB EXR CNY/EUR ÷ USD/EUR,confirmed,derived,day
2025-03-14,2025-03-14,ecb_fx,ecb,1,fx.usdcny,,7.238681237946552,CNY,per USD,reference_rate,fx,reference,https://data-api.ecb.europa.eu/service/data/EXR/D.CNY+USD.EUR.SP00.A?startPeriod=2023-01-01&format=csvdata,1.0,ECB EXR CNY/EUR ÷ USD/EUR,confirmed,derived,day
2025-03-17,2025-03-17,ecb_fx,ecb,1,fx.usdcny,,7.233697147574062,CNY,per USD,reference_rate,fx,reference,https://data-api.ecb.europa.eu/service/data/EXR/D.CNY+USD.EUR.SP00.A?startPeriod=2023-01-01&format=csvdata,1.0,ECB EXR CNY/EUR ÷ USD/EUR,confirmed,derived,day
2025-03-18,2025-03-18,ecb_fx,ecb,1,fx.usdcny,,7.2272394211394015,CNY,per USD,reference_rate,fx,reference,https://data-api.ecb.europa.eu/service/data/EXR/D.CNY+USD.EUR.SP00.A?startPeriod=2023-01-01&format=csvdata,1.0,ECB EXR CNY/EUR ÷ USD/EUR,confirmed,derived,day
2025-03-19,2025-03-19,ecb_fx,ecb,1,fx.usdcny,,7.230063320179866,CNY,per USD,reference_rate,fx,reference,https://data-api.ecb.europa.eu/service/data/EXR/D.CNY+USD.EUR.SP00.A?startPeriod=2023-01-01&format=csvdata,1.0,ECB EXR CNY/EUR ÷ USD/EUR,confirmed,derived,day
2025-03-20,2025-03-20,ecb_fx,ecb,1,fx.usdcny,,7.244622911474199,CNY,per USD,reference_rate,fx,reference,https://data-api.ecb.europa.eu/service/data/EXR/D.CNY+USD.EUR.SP00.A?startPeriod=2023-01-01&format=csvdata,1.0,ECB EXR CNY/EUR ÷ USD/EUR,confirmed,derived,day
2025-03-21,2025-03-21,ecb_fx,ecb,1,fx.usdcny,,7.248268218343031,CNY,per USD,reference_rate,fx,reference,https://data-api.ecb.europa.eu/service/data/EXR/D.CNY+USD.EUR.SP00.A?startPeriod=2023-01-01&format=csvdata,1.0,ECB EXR CNY/EUR ÷ USD/EUR,confirmed,derived,day
2025-03-24,2025-03-24,ecb_fx,ecb,1,fx.usdcny,,7.253603104212861,CNY,per USD,reference_rate,fx,reference,https://data-api.ecb.europa.eu/service/data/EXR/D.CNY+USD.EUR.SP00.A?startPeriod=2023-01-01&format=csvdata,1.0,ECB EXR CNY/EUR ÷ USD/EUR,confirmed,derived,day
2025-03-25,2025-03-25,ecb_fx,ecb,1,fx.usdcny,,7.2582909930715935,CNY,per USD,reference_rate,fx,reference,https://data-api.ecb.europa.eu/service/data/EXR/D.CNY+USD.EUR.SP00.A?startPeriod=2023-01-01&format=csvdata,1.0,ECB EXR CNY/EUR ÷ USD/EUR,confirmed,derived,day
2025-03-26,2025-03-26,ecb_fx,ecb,1,fx.usdcny,,7.265572858731924,CNY,per USD,reference_rate,fx,reference,https://data-api.ecb.europa.eu/service/data/EXR/D.CNY+USD.EUR.SP00.A?startPeriod=2023-01-01&format=csvdata,1.0,ECB EXR CNY/EUR ÷ USD/EUR,confirmed,derived,day
2025-03-27,2025-03-27,ecb_fx,ecb,1,fx.usdcny,,7.265739452943904,CNY,per USD,reference_rate,fx,reference,https://data-api.ecb.europa.eu/service/data/EXR/D.CNY+USD.EUR.SP00.A?startPeriod=2023-01-01&format=csvdata,1.0,ECB EXR CNY/EUR ÷ USD/EUR,confirmed,derived,day
2025-03-28,2025-03-28,ecb_fx,ecb,1,fx.usdcny,,7.2654441048439375,CNY,per USD,reference_rate,fx,reference,https://data-api.ecb.europa.eu/service/data/EXR/D.CNY+USD.EUR.SP00.A?startPeriod=2023-01-01&format=csvdata,1.0,ECB EXR CNY/EUR ÷ USD/EUR,confirmed,derived,day
2025-03-31,2025-03-31,ecb_fx,ecb,1,fx.usdcny,,7.253074433656958,CNY,per USD,reference_rate,fx,reference,https://data-api.ecb.europa.eu/service/data/EXR/D.CNY+USD.EUR.SP00.A?startPeriod=2023-01-01&format=csvdata,1.0,ECB EXR CNY/EUR ÷ USD/EUR,confirmed,derived,day
2025-04-01,2025-04-01,ecb_fx,ecb,1,fx.usdcny,,7.270207638116426,CNY,per USD,reference_rate,fx,reference,https://data-api.ecb.europa.eu/service/data/EXR/D.CNY+USD.EUR.SP00.A?startPeriod=2023-01-01&format=csvdata,1.0,ECB EXR CNY/EUR ÷ USD/EUR,confirmed,derived,day
2025-04-02,2025-04-02,ecb_fx,ecb,1,fx.usdcny,,7.269184485790983,CNY,per USD,reference_rate,fx,reference,https://data-api.ecb.europa.eu/service/data/EXR/D.CNY+USD.EUR.SP00.A?startPeriod=2023-01-01&format=csvdata,1.0,ECB EXR CNY/EUR ÷ USD/EUR,confirmed,derived,day
2025-04-03,2025-04-03,ecb_fx,ecb,1,fx.usdcny,,7.291970802919709,CNY,per USD,reference_rate,fx,reference,https://data-api.ecb.europa.eu/service/data/EXR/D.CNY+USD.EUR.SP00.A?startPeriod=2023-01-01&format=csvdata,1.0,ECB EXR CNY/EUR ÷ USD/EUR,confirmed,derived,day
2025-04-04,2025-04-04,ecb_fx,ecb,1,fx.usdcny,,7.28208374785204,CNY,per USD,reference_rate,fx,reference,https://data-api.ecb.europa.eu/service/data/EXR/D.CNY+USD.EUR.SP00.A?startPeriod=2023-01-01&format=csvdata,1.0,ECB EXR CNY/EUR ÷ USD/EUR,confirmed,derived,day
2025-04-07,2025-04-07,ecb_fx,ecb,1,fx.usdcny,,7.308744415063371,CNY,per USD,reference_rate,fx,reference,https://data-api.ecb.europa.eu/service/data/EXR/D.CNY+USD.EUR.SP00.A?startPeriod=2023-01-01&format=csvdata,1.0,ECB EXR CNY/EUR ÷ USD/EUR,confirmed,derived,day
2025-04-08,2025-04-08,ecb_fx,ecb,1,fx.usdcny,,7.338721461187214,CNY,per USD,reference_rate,fx,reference,https://data-api.ecb.europa.eu/service/data/EXR/D.CNY+USD.EUR.SP00.A?startPeriod=2023-01-01&format=csvdata,1.0,ECB EXR CNY/EUR ÷ USD/EUR,confirmed,derived,day
2025-04-09,2025-04-09,ecb_fx,ecb,1,fx.usdcny,,7.349841557265731,CNY,per USD,reference_rate,fx,reference,https://data-api.ecb.europa.eu/service/data/EXR/D.CNY+USD.EUR.SP00.A?startPeriod=2023-01-01&format=csvdata,1.0,ECB EXR CNY/EUR ÷ USD/EUR,confirmed,derived,day
2025-04-10,2025-04-10,ecb_fx,ecb,1,fx.usdcny,,7.32151236238946,CNY,per USD,reference_rate,fx,reference,https://data-api.ecb.europa.eu/service/data/EXR/D.CNY+USD.EUR.SP00.A?startPeriod=2023-01-01&format=csvdata,1.0,ECB EXR CNY/EUR ÷ USD/EUR,confirmed,derived,day
2025-04-11,2025-04-11,ecb_fx,ecb,1,fx.usdcny,,7.299400669839591,CNY,per USD,reference_rate,fx,reference,https://data-api.ecb.europa.eu/service/data/EXR/D.CNY+USD.EUR.SP00.A?startPeriod=2023-01-01&format=csvdata,1.0,ECB EXR CNY/EUR ÷ USD/EUR,confirmed,derived,day
2025-04-14,2025-04-14,ecb_fx,ecb,1,fx.usdcny,,7.312648325569131,CNY,per USD,reference_rate,fx,reference,https://data-api.ecb.europa.eu/service/data/EXR/D.CNY+USD.EUR.SP00.A?startPeriod=2023-01-01&format=csvdata,1.0,ECB EXR CNY/EUR ÷ USD/EUR,confirmed,derived,day
2025-04-15,2025-04-15,ecb_fx,ecb,1,fx.usdcny,,7.314994701518898,CNY,per USD,reference_rate,fx,reference,https://data-api.ecb.europa.eu/service/data/EXR/D.CNY+USD.EUR.SP00.A?startPeriod=2023-01-01&format=csvdata,1.0,ECB EXR CNY/EUR ÷ USD/EUR,confirmed,derived,day
2025-04-16,2025-04-16,ecb_fx,ecb,1,fx.usdcny,,7.306120651695288,CNY,per USD,reference_rate,fx,reference,https://data-api.ecb.europa.eu/service/data/EXR/D.CNY+USD.EUR.SP00.A?startPeriod=2023-01-01&format=csvdata,1.0,ECB EXR CNY/EUR ÷ USD/EUR,confirmed,derived,day
2025-04-17,2025-04-17,ecb_fx,ecb,1,fx.usdcny,,7.297535211267606,CNY,per USD,reference_rate,fx,reference,https://data-api.ecb.europa.eu/service/data/EXR/D.CNY+USD.EUR.SP00.A?startPeriod=2023-01-01&format=csvdata,1.0,ECB EXR CNY/EUR ÷ USD/EUR,confirmed,derived,day
2025-04-22,2025-04-22,ecb_fx,ecb,1,fx.usdcny,,7.313436737539212,CNY,per USD,reference_rate,fx,reference,https://data-api.ecb.europa.eu/service/data/EXR/D.CNY+USD.EUR.SP00.A?startPeriod=2023-01-01&format=csvdata,1.0,ECB EXR CNY/EUR ÷ USD/EUR,confirmed,derived,day
2025-04-23,2025-04-23,ecb_fx,ecb,1,fx.usdcny,,7.28856767411301,CNY,per USD,reference_rate,fx,reference,https://data-api.ecb.europa.eu/service/data/EXR/D.CNY+USD.EUR.SP00.A?startPeriod=2023-01-01&format=csvdata,1.0,ECB EXR CNY/EUR ÷ USD/EUR,confirmed,derived,day
2025-04-24,2025-04-24,ecb_fx,ecb,1,fx.usdcny,,7.2894690576652605,CNY,per USD,reference_rate,fx,reference,https://data-api.ecb.europa.eu/service/data/EXR/D.CNY+USD.EUR.SP00.A?startPeriod=2023-01-01&format=csvdata,1.0,ECB EXR CNY/EUR ÷ USD/EUR,confirmed,derived,day
2025-04-25,2025-04-25,ecb_fx,ecb,1,fx.usdcny,,7.288280355727745,CNY,per USD,reference_rate,fx,reference,https://data-api.ecb.europa.eu/service/data/EXR/D.CNY+USD.EUR.SP00.A?startPeriod=2023-01-01&format=csvdata,1.0,ECB EXR CNY/EUR ÷ USD/EUR,confirmed,derived,day
2025-04-28,2025-04-28,ecb_fx,ecb,1,fx.usdcny,,7.298027821799613,CNY,per USD,reference_rate,fx,reference,https://data-api.ecb.europa.eu/service/data/EXR/D.CNY+USD.EUR.SP00.A?startPeriod=2023-01-01&format=csvdata,1.0,ECB EXR CNY/EUR ÷ USD/EUR,confirmed,derived,day
2025-04-29,2025-04-29,ecb_fx,ecb,1,fx.usdcny,,7.272927108062956,CNY,per USD,reference_rate,fx,reference,https://data-api.ecb.europa.eu/service/data/EXR/D.CNY+USD.EUR.SP00.A?startPeriod=2023-01-01&format=csvdata,1.0,ECB EXR CNY/EUR ÷ USD/EUR,confirmed,derived,day
2025-04-30,2025-04-30,ecb_fx,ecb,1,fx.usdcny,,7.265892904246901,CNY,per USD,reference_rate,fx,reference,https://data-api.ecb.europa.eu/service/data/EXR/D.CNY+USD.EUR.SP00.A?startPeriod=2023-01-01&format=csvdata,1.0,ECB EXR CNY/EUR ÷ USD/EUR,confirmed,derived,day
2025-05-02,2025-05-02,ecb_fx,ecb,1,fx.usdcny,,7.271356783919597,CNY,per USD,reference_rate,fx,reference,https://data-api.ecb.europa.eu/service/data/EXR/D.CNY+USD.EUR.SP00.A?startPeriod=2023-01-01&format=csvdata,1.0,ECB EXR CNY/EUR ÷ USD/EUR,confirmed,derived,day
2025-05-05,2025-05-05,ecb_fx,ecb,1,fx.usdcny,,7.271356783919597,CNY,per USD,reference_rate,fx,reference,https://data-api.ecb.europa.eu/service/data/EXR/D.CNY+USD.EUR.SP00.A?startPeriod=2023-01-01&format=csvdata,1.0,ECB EXR CNY/EUR ÷ USD/EUR,confirmed,derived,day
2025-05-06,2025-05-06,ecb_fx,ecb,1,fx.usdcny,,7.217218543046358,CNY,per USD,reference_rate,fx,reference,https://data-api.ecb.europa.eu/service/data/EXR/D.CNY+USD.EUR.SP00.A?startPeriod=2023-01-01&format=csvdata,1.0,ECB EXR CNY/EUR ÷ USD/EUR,confirmed,derived,day
2025-05-07,2025-05-07,ecb_fx,ecb,1,fx.usdcny,,7.225264084507043,CNY,per USD,reference_rate,fx,reference,https://data-api.ecb.europa.eu/service/data/EXR/D.CNY+USD.EUR.SP00.A?startPeriod=2023-01-01&format=csvdata,1.0,ECB EXR CNY/EUR ÷ USD/EUR,confirmed,derived,day
2025-05-08,2025-05-08,ecb_fx,ecb,1,fx.usdcny,,7.237673718686377,CNY,per USD,reference_rate,fx,reference,https://data-api.ecb.europa.eu/service/data/EXR/D.CNY+USD.EUR.SP00.A?startPeriod=2023-01-01&format=csvdata,1.0,ECB EXR CNY/EUR ÷ USD/EUR,confirmed,derived,day
2025-05-09,2025-05-09,ecb_fx,ecb,1,fx.usdcny,,7.240490579452542,CNY,per USD,reference_rate,fx,reference,https://data-api.ecb.europa.eu/service/data/EXR/D.CNY+USD.EUR.SP00.A?startPeriod=2023-01-01&format=csvdata,1.0,ECB EXR CNY/EUR ÷ USD/EUR,confirmed,derived,day
2025-05-12,2025-05-12,ecb_fx,ecb,1,fx.usdcny,,7.203223482802089,CNY,per USD,reference_rate,fx,reference,https://data-api.ecb.europa.eu/service/data/EXR/D.CNY+USD.EUR.SP00.A?startPeriod=2023-01-01&format=csvdata,1.0,ECB EXR CNY/EUR ÷ USD/EUR,confirmed,derived,day
2025-05-13,2025-05-13,ecb_fx,ecb,1,fx.usdcny,,7.2013138948884095,CNY,per USD,reference_rate,fx,reference,https://data-api.ecb.europa.eu/service/data/EXR/D.CNY+USD.EUR.SP00.A?startPeriod=2023-01-01&format=csvdata,1.0,ECB EXR CNY/EUR ÷ USD/EUR,confirmed,derived,day
2025-05-14,2025-05-14,ecb_fx,ecb,1,fx.usdcny,,7.204744069912609,CNY,per USD,reference_rate,fx,reference,https://data-api.ecb.europa.eu/service/data/EXR/D.CNY+USD.EUR.SP00.A?startPeriod=2023-01-01&format=csvdata,1.0,ECB EXR CNY/EUR ÷ USD/EUR,confirmed,derived,day
2025-05-15,2025-05-15,ecb_fx,ecb,1,fx.usdcny,,7.211533303531516,CNY,per USD,reference_rate,fx,reference,https://data-api.ecb.europa.eu/service/data/EXR/D.CNY+USD.EUR.SP00.A?startPeriod=2023-01-01&format=csvdata,1.0,ECB EXR CNY/EUR ÷ USD/EUR,confirmed,derived,day
2025-05-16,2025-05-16,ecb_fx,ecb,1,fx.usdcny,,7.205556548150795,CNY,per USD,reference_rate,fx,reference,https://data-api.ecb.europa.eu/service/data/EXR/D.CNY+USD.EUR.SP00.A?startPeriod=2023-01-01&format=csvdata,1.0,ECB EXR CNY/EUR ÷ USD/EUR,confirmed,derived,day
2025-05-19,2025-05-19,ecb_fx,ecb,1,fx.usdcny,,7.212306872669153,CNY,per USD,reference_rate,fx,reference,https://data-api.ecb.europa.eu/service/data/EXR/D.CNY+USD.EUR.SP00.A?startPeriod=2023-01-01&format=csvdata,1.0,ECB EXR CNY/EUR ÷ USD/EUR,confirmed,derived,day
2025-05-20,2025-05-20,ecb_fx,ecb,1,fx.usdcny,,7.219464460457253,CNY,per USD,reference_rate,fx,reference,https://data-api.ecb.europa.eu/service/data/EXR/D.CNY+USD.EUR.SP00.A?startPeriod=2023-01-01&format=csvdata,1.0,ECB EXR CNY/EUR ÷ USD/EUR,confirmed,derived,day
2025-05-21,2025-05-21,ecb_fx,ecb,1,fx.usdcny,,7.203427259076052,CNY,per USD,reference_rate,fx,reference,https://data-api.ecb.europa.eu/service/data/EXR/D.CNY+USD.EUR.SP00.A?startPeriod=2023-01-01&format=csvdata,1.0,ECB EXR CNY/EUR ÷ USD/EUR,confirmed,derived,day
2025-05-22,2025-05-22,ecb_fx,ecb,1,fx.usdcny,,7.204615792731453,CNY,per USD,reference_rate,fx,reference,https://data-api.ecb.europa.eu/service/data/EXR/D.CNY+USD.EUR.SP00.A?startPeriod=2023-01-01&format=csvdata,1.0,ECB EXR CNY/EUR ÷ USD/EUR,confirmed,derived,day
2025-05-23,2025-05-23,ecb_fx,ecb,1,fx.usdcny,,7.184939385895053,CNY,per USD,reference_rate,fx,reference,https://data-api.ecb.europa.eu/service/data/EXR/D.CNY+USD.EUR.SP00.A?startPeriod=2023-01-01&format=csvdata,1.0,ECB EXR CNY/EUR ÷ USD/EUR,confirmed,derived,day
2025-05-26,2025-05-26,ecb_fx,ecb,1,fx.usdcny,,7.186978297161938,CNY,per USD,reference_rate,fx,reference,https://data-api.ecb.europa.eu/service/data/EXR/D.CNY+USD.EUR.SP00.A?startPeriod=2023-01-01&format=csvdata,1.0,ECB EXR CNY/EUR ÷ USD/EUR,confirmed,derived,day
2025-05-27,2025-05-27,ecb_fx,ecb,1,fx.usdcny,,7.195227192673476,CNY,per USD,reference_rate,fx,reference,https://data-api.ecb.europa.eu/service/data/EXR/D.CNY+USD.EUR.SP00.A?startPeriod=2023-01-01&format=csvdata,1.0,ECB EXR CNY/EUR ÷ USD/EUR,confirmed,derived,day
2025-05-28,2025-05-28,ecb_fx,ecb,1,fx.usdcny,,7.192895643721835,CNY,per USD,reference_rate,fx,reference,https://data-api.ecb.europa.eu/service/data/EXR/D.CNY+USD.EUR.SP00.A?startPeriod=2023-01-01&format=csvdata,1.0,ECB EXR CNY/EUR ÷ USD/EUR,confirmed,derived,day
2025-05-29,2025-05-29,ecb_fx,ecb,1,fx.usdcny,,7.188458469993794,CNY,per USD,reference_rate,fx,reference,https://data-api.ecb.europa.eu/service/data/EXR/D.CNY+USD.EUR.SP00.A?startPeriod=2023-01-01&format=csvdata,1.0,ECB EXR CNY/EUR ÷ USD/EUR,confirmed,derived,day
2025-05-30,2025-05-30,ecb_fx,ecb,1,fx.usdcny,,7.19428521033601,CNY,per USD,reference_rate,fx,reference,https://data-api.ecb.europa.eu/service/data/EXR/D.CNY+USD.EUR.SP00.A?startPeriod=2023-01-01&format=csvdata,1.0,ECB EXR CNY/EUR ÷ USD/EUR,confirmed,derived,day
2025-06-02,2025-06-02,ecb_fx,ecb,1,fx.usdcny,,7.199754794640511,CNY,per USD,reference_rate,fx,reference,https://data-api.ecb.europa.eu/service/data/EXR/D.CNY+USD.EUR.SP00.A?startPeriod=2023-01-01&format=csvdata,1.0,ECB EXR CNY/EUR ÷ USD/EUR,confirmed,derived,day
2025-06-03,2025-06-03,ecb_fx,ecb,1,fx.usdcny,,7.187862287019147,CNY,per USD,reference_rate,fx,reference,https://data-api.ecb.europa.eu/service/data/EXR/D.CNY+USD.EUR.SP00.A?startPeriod=2023-01-01&format=csvdata,1.0,ECB EXR CNY/EUR ÷ USD/EUR,confirmed,derived,day
2025-06-04,2025-06-04,ecb_fx,ecb,1,fx.usdcny,,7.188598032326071,CNY,per USD,reference_rate,fx,reference,https://data-api.ecb.europa.eu/service/data/EXR/D.CNY+USD.EUR.SP00.A?startPeriod=2023-01-01&format=csvdata,1.0,ECB EXR CNY/EUR ÷ USD/EUR,confirmed,derived,day
2025-06-05,2025-06-05,ecb_fx,ecb,1,fx.usdcny,,7.179199859931716,CNY,per USD,reference_rate,fx,reference,https://data-api.ecb.europa.eu/service/data/EXR/D.CNY+USD.EUR.SP00.A?startPeriod=2023-01-01&format=csvdata,1.0,ECB EXR CNY/EUR ÷ USD/EUR,confirmed,derived,day
2025-06-06,2025-06-06,ecb_fx,ecb,1,fx.usdcny,,7.182104986416615,CNY,per USD,reference_rate,fx,reference,https://data-api.ecb.europa.eu/service/data/EXR/D.CNY+USD.EUR.SP00.A?startPeriod=2023-01-01&format=csvdata,1.0,ECB EXR CNY/EUR ÷ USD/EUR,confirmed,derived,day
2025-06-09,2025-06-09,ecb_fx,ecb,1,fx.usdcny,,7.181682734443471,CNY,per USD,reference_rate,fx,reference,https://data-api.ecb.europa.eu/service/data/EXR/D.CNY+USD.EUR.SP00.A?startPeriod=2023-01-01&format=csvdata,1.0,ECB EXR CNY/EUR ÷ USD/EUR,confirmed,derived,day
2025-06-10,2025-06-10,ecb_fx,ecb,1,fx.usdcny,,7.184793070259865,CNY,per USD,reference_rate,fx,reference,https://data-api.ecb.europa.eu/service/data/EXR/D.CNY+USD.EUR.SP00.A?startPeriod=2023-01-01&format=csvdata,1.0,ECB EXR CNY/EUR ÷ USD/EUR,confirmed,derived,day
2025-06-11,2025-06-11,ecb_fx,ecb,1,fx.usdcny,,7.18726493483775,CNY,per USD,reference_rate,fx,reference,https://data-api.ecb.europa.eu/service/data/EXR/D.CNY+USD.EUR.SP00.A?startPeriod=2023-01-01&format=csvdata,1.0,ECB EXR CNY/EUR ÷ USD/EUR,confirmed,derived,day
2025-06-12,2025-06-12,ecb_fx,ecb,1,fx.usdcny,,7.17621183370709,CNY,per USD,reference_rate,fx,reference,https://data-api.ecb.europa.eu/service/data/EXR/D.CNY+USD.EUR.SP00.A?startPeriod=2023-01-01&format=csvdata,1.0,ECB EXR CNY/EUR ÷ USD/EUR,confirmed,derived,day
2025-06-13,2025-06-13,ecb_fx,ecb,1,fx.usdcny,,7.182244614315497,CNY,per USD,reference_rate,fx,reference,https://data-api.ecb.europa.eu/service/data/EXR/D.CNY+USD.EUR.SP00.A?startPeriod=2023-01-01&format=csvdata,1.0,ECB EXR CNY/EUR ÷ USD/EUR,confirmed,derived,day
2025-06-16,2025-06-16,ecb_fx,ecb,1,fx.usdcny,,7.180058752376016,CNY,per USD,reference_rate,fx,reference,https://data-api.ecb.europa.eu/service/data/EXR/D.CNY+USD.EUR.SP00.A?startPeriod=2023-01-01&format=csvdata,1.0,ECB EXR CNY/EUR ÷ USD/EUR,confirmed,derived,day
2025-06-17,2025-06-17,ecb_fx,ecb,1,fx.usdcny,,7.182831950207469,CNY,per USD,reference_rate,fx,reference,https://data-api.ecb.europa.eu/service/data/EXR/D.CNY+USD.EUR.SP00.A?startPeriod=2023-01-01&format=csvdata,1.0,ECB EXR CNY/EUR ÷ USD/EUR,confirmed,derived,day
2025-06-18,2025-06-18,ecb_fx,ecb,1,fx.usdcny,,7.188303788668751,CNY,per USD,reference_rate,fx,reference,https://data-api.ecb.europa.eu/service/data/EXR/D.CNY+USD.EUR.SP00.A?startPeriod=2023-01-01&format=csvdata,1.0,ECB EXR CNY/EUR ÷ USD/EUR,confirmed,derived,day
2025-06-19,2025-06-19,ecb_fx,ecb,1,fx.usdcny,,7.187314863216588,CNY,per USD,reference_rate,fx,reference,https://data-api.ecb.europa.eu/service/data/EXR/D.CNY+USD.EUR.SP00.A?startPeriod=2023-01-01&format=csvdata,1.0,ECB EXR CNY/EUR ÷ USD/EUR,confirmed,derived,day
2025-06-20,2025-06-20,ecb_fx,ecb,1,fx.usdcny,,7.17698653929657,CNY,per USD,reference_rate,fx,reference,https://data-api.ecb.europa.eu/service/data/EXR/D.CNY+USD.EUR.SP00.A?startPeriod=2023-01-01&format=csvdata,1.0,ECB EXR CNY/EUR ÷ USD/EUR,confirmed,derived,day
2025-06-23,2025-06-23,ecb_fx,ecb,1,fx.usdcny,,7.18636680613668,CNY,per USD,reference_rate,fx,reference,https://data-api.ecb.europa.eu/service/data/EXR/D.CNY+USD.EUR.SP00.A?startPeriod=2023-01-01&format=csvdata,1.0,ECB EXR CNY/EUR ÷ USD/EUR,confirmed,derived,day
2025-06-24,2025-06-24,ecb_fx,ecb,1,fx.usdcny,,7.173429826828637,CNY,per USD,reference_rate,fx,reference,https://data-api.ecb.europa.eu/service/data/EXR/D.CNY+USD.EUR.SP00.A?startPeriod=2023-01-01&format=csvdata,1.0,ECB EXR CNY/EUR ÷ USD/EUR,confirmed,derived,day
2025-06-25,2025-06-25,ecb_fx,ecb,1,fx.usdcny,,7.174512847042593,CNY,per USD,reference_rate,fx,reference,https://data-api.ecb.europa.eu/service/data/EXR/D.CNY+USD.EUR.SP00.A?startPeriod=2023-01-01&format=csvdata,1.0,ECB EXR CNY/EUR ÷ USD/EUR,confirmed,derived,day
2025-06-26,2025-06-26,ecb_fx,ecb,1,fx.usdcny,,7.170756733646858,CNY,per USD,reference_rate,fx,reference,https://data-api.ecb.europa.eu/service/data/EXR/D.CNY+USD.EUR.SP00.A?startPeriod=2023-01-01&format=csvdata,1.0,ECB EXR CNY/EUR ÷ USD/EUR,confirmed,derived,day
2025-06-27,2025-06-27,ecb_fx,ecb,1,fx.usdcny,,7.171821599453178,CNY,per USD,reference_rate,fx,reference,https://data-api.ecb.europa.eu/service/data/EXR/D.CNY+USD.EUR.SP00.A?startPeriod=2023-01-01&format=csvdata,1.0,ECB EXR CNY/EUR ÷ USD/EUR,confirmed,derived,day
2025-06-30,2025-06-30,ecb_fx,ecb,1,fx.usdcny,,7.164675767918089,CNY,per USD,reference_rate,fx,reference,https://data-api.ecb.europa.eu/service/data/EXR/D.CNY+USD.EUR.SP00.A?startPeriod=2023-01-01&format=csvdata,1.0,ECB EXR CNY/EUR ÷ USD/EUR,confirmed,derived,day
2025-07-01,2025-07-01,ecb_fx,ecb,1,fx.usdcny,,7.162066045723962,CNY,per USD,reference_rate,fx,reference,https://data-api.ecb.europa.eu/service/data/EXR/D.CNY+USD.EUR.SP00.A?startPeriod=2023-01-01&format=csvdata,1.0,ECB EXR CNY/EUR ÷ USD/EUR,confirmed,derived,day
2025-07-02,2025-07-02,ecb_fx,ecb,1,fx.usdcny,,7.169289663972778,CNY,per USD,reference_rate,fx,reference,https://data-api.ecb.europa.eu/service/data/EXR/D.CNY+USD.EUR.SP00.A?startPeriod=2023-01-01&format=csvdata,1.0,ECB EXR CNY/EUR ÷ USD/EUR,confirmed,derived,day
2025-07-03,2025-07-03,ecb_fx,ecb,1,fx.usdcny,,7.161517569173316,CNY,per USD,reference_rate,fx,reference,https://data-api.ecb.europa.eu/service/data/EXR/D.CNY+USD.EUR.SP00.A?startPeriod=2023-01-01&format=csvdata,1.0,ECB EXR CNY/EUR ÷ USD/EUR,confirmed,derived,day
2025-07-04,2025-07-04,ecb_fx,ecb,1,fx.usdcny,,7.162828248491543,CNY,per USD,reference_rate,fx,reference,https://data-api.ecb.europa.eu/service/data/EXR/D.CNY+USD.EUR.SP00.A?startPeriod=2023-01-01&format=csvdata,1.0,ECB EXR CNY/EUR ÷ USD/EUR,confirmed,derived,day
2025-07-07,2025-07-07,ecb_fx,ecb,1,fx.usdcny,,7.173260572987722,CNY,per USD,reference_rate,fx,reference,https://data-api.ecb.europa.eu/service/data/EXR/D.CNY+USD.EUR.SP00.A?startPeriod=2023-01-01&format=csvdata,1.0,ECB EXR CNY/EUR ÷ USD/EUR,confirmed,derived,day
2025-07-08,2025-07-08,ecb_fx,ecb,1,fx.usdcny,,7.174091141833077,CNY,per USD,reference_rate,fx,reference,https://data-api.ecb.europa.eu/service/data/EXR/D.CNY+USD.EUR.SP00.A?startPeriod=2023-01-01&format=csvdata,1.0,ECB EXR CNY/EUR ÷ USD/EUR,confirmed,derived,day
2025-07-09,2025-07-09,ecb_fx,ecb,1,fx.usdcny,,7.180116259189606,CNY,per USD,reference_rate,fx,reference,https://data-api.ecb.europa.eu/service/data/EXR/D.CNY+USD.EUR.SP00.A?startPeriod=2023-01-01&format=csvdata,1.0,ECB EXR CNY/EUR ÷ USD/EUR,confirmed,derived,day
2025-07-10,2025-07-10,ecb_fx,ecb,1,fx.usdcny,,7.174822785891195,CNY,per USD,reference_rate,fx,reference,https://data-api.ecb.europa.eu/service/data/EXR/D.CNY+USD.EUR.SP00.A?startPeriod=2023-01-01&format=csvdata,1.0,ECB EXR CNY/EUR ÷ USD/EUR,confirmed,derived,day
2025-07-11,2025-07-11,ecb_fx,ecb,1,fx.usdcny,,7.167765128819654,CNY,per USD,reference_rate,fx,reference,https://data-api.ecb.europa.eu/service/data/EXR/D.CNY+USD.EUR.SP00.A?startPeriod=2023-01-01&format=csvdata,1.0,ECB EXR CNY/EUR ÷ USD/EUR,confirmed,derived,day
2025-07-14,2025-07-14,ecb_fx,ecb,1,fx.usdcny,,7.167236954662105,CNY,per USD,reference_rate,fx,reference,https://data-api.ecb.europa.eu/service/data/EXR/D.CNY+USD.EUR.SP00.A?startPeriod=2023-01-01&format=csvdata,1.0,ECB EXR CNY/EUR ÷ USD/EUR,confirmed,derived,day
2025-07-15,2025-07-15,ecb_fx,ecb,1,fx.usdcny,,7.172996142306043,CNY,per USD,reference_rate,fx,reference,https://data-api.ecb.europa.eu/service/data/EXR/D.CNY+USD.EUR.SP00.A?startPeriod=2023-01-01&format=csvdata,1.0,ECB EXR CNY/EUR ÷ USD/EUR,confirmed,derived,day
2025-07-16,2025-07-16,ecb_fx,ecb,1,fx.usdcny,,7.180572315118083,CNY,per USD,reference_rate,fx,reference,https://data-api.ecb.europa.eu/service/data/EXR/D.CNY+USD.EUR.SP00.A?startPeriod=2023-01-01&format=csvdata,1.0,ECB EXR CNY/EUR ÷ USD/EUR,confirmed,derived,day
2025-07-17,2025-07-17,ecb_fx,ecb,1,fx.usdcny,,7.181708264962432,CNY,per USD,reference_rate,fx,reference,https://data-api.ecb.europa.eu/service/data/EXR/D.CNY+USD.EUR.SP00.A?startPeriod=2023-01-01&format=csvdata,1.0,ECB EXR CNY/EUR ÷ USD/EUR,confirmed,derived,day
2025-07-18,2025-07-18,ecb_fx,ecb,1,fx.usdcny,,7.1779399141630895,CNY,per USD,reference_rate,fx,reference,https://data-api.ecb.europa.eu/service/data/EXR/D.CNY+USD.EUR.SP00.A?startPeriod=2023-01-01&format=csvdata,1.0,ECB EXR CNY/EUR ÷ USD/EUR,confirmed,derived,day
2025-07-21,2025-07-21,ecb_fx,ecb,1,fx.usdcny,,7.176309248307191,CNY,per USD,reference_rate,fx,reference,https://data-api.ecb.europa.eu/service/data/EXR/D.CNY+USD.EUR.SP00.A?startPeriod=2023-01-01&format=csvdata,1.0,ECB EXR CNY/EUR ÷ USD/EUR,confirmed,derived,day
2025-07-22,2025-07-22,ecb_fx,ecb,1,fx.usdcny,,7.1749722198478505,CNY,per USD,reference_rate,fx,reference,https://data-api.ecb.europa.eu/service/data/EXR/D.CNY+USD.EUR.SP00.A?startPeriod=2023-01-01&format=csvdata,1.0,ECB EXR CNY/EUR ÷ USD/EUR,confirmed,derived,day
2025-07-23,2025-07-23,ecb_fx,ecb,1,fx.usdcny,,7.1602421968275625,CNY,per USD,reference_rate,fx,reference,https://data-api.ecb.europa.eu/service/data/EXR/D.CNY+USD.EUR.SP00.A?startPeriod=2023-01-01&format=csvdata,1.0,ECB EXR CNY/EUR ÷ USD/EUR,confirmed,derived,day
2025-07-24,2025-07-24,ecb_fx,ecb,1,fx.usdcny,,7.157366451173868,CNY,per USD,reference_rate,fx,reference,https://data-api.ecb.europa.eu/service/data/EXR/D.CNY+USD.EUR.SP00.A?startPeriod=2023-01-01&format=csvdata,1.0,ECB EXR CNY/EUR ÷ USD/EUR,confirmed,derived,day
2025-07-25,2025-07-25,ecb_fx,ecb,1,fx.usdcny,,7.168713749573524,CNY,per USD,reference_rate,fx,reference,https://data-api.ecb.europa.eu/service/data/EXR/D.CNY+USD.EUR.SP00.A?startPeriod=2023-01-01&format=csvdata,1.0,ECB EXR CNY/EUR ÷ USD/EUR,confirmed,derived,day
2025-07-28,2025-07-28,ecb_fx,ecb,1,fx.usdcny,,7.173931697271323,CNY,per USD,reference_rate,fx,reference,https://data-api.ecb.europa.eu/service/data/EXR/D.CNY+USD.EUR.SP00.A?startPeriod=2023-01-01&format=csvdata,1.0,ECB EXR CNY/EUR ÷ USD/EUR,confirmed,derived,day
2025-07-29,2025-07-29,ecb_fx,ecb,1,fx.usdcny,,7.177490678921355,CNY,per USD,reference_rate,fx,reference,https://data-api.ecb.europa.eu/service/data/EXR/D.CNY+USD.EUR.SP00.A?startPeriod=2023-01-01&format=csvdata,1.0,ECB EXR CNY/EUR ÷ USD/EUR,confirmed,derived,day
2025-07-30,2025-07-30,ecb_fx,ecb,1,fx.usdcny,,7.1816604493797165,CNY,per USD,reference_rate,fx,reference,https://data-api.ecb.europa.eu/service/data/EXR/D.CNY+USD.EUR.SP00.A?startPeriod=2023-01-01&format=csvdata,1.0,ECB EXR CNY/EUR ÷ USD/EUR,confirmed,derived,day
2025-07-31,2025-07-31,ecb_fx,ecb,1,fx.usdcny,,7.19465315394024,CNY,per USD,reference_rate,fx,reference,https://data-api.ecb.europa.eu/service/data/EXR/D.CNY+USD.EUR.SP00.A?startPeriod=2023-01-01&format=csvdata,1.0,ECB EXR CNY/EUR ÷ USD/EUR,confirmed,derived,day
2025-08-01,2025-08-01,ecb_fx,ecb,1,fx.usdcny,,7.211767800771658,CNY,per USD,reference_rate,fx,reference,https://data-api.ecb.europa.eu/service/data/EXR/D.CNY+USD.EUR.SP00.A?startPeriod=2023-01-01&format=csvdata,1.0,ECB EXR CNY/EUR ÷ USD/EUR,confirmed,derived,day
2025-08-04,2025-08-04,ecb_fx,ecb,1,fx.usdcny,,7.176221357544315,CNY,per USD,reference_rate,fx,reference,https://data-api.ecb.europa.eu/service/data/EXR/D.CNY+USD.EUR.SP00.A?startPeriod=2023-01-01&format=csvdata,1.0,ECB EXR CNY/EUR ÷ USD/EUR,confirmed,derived,day
2025-08-05,2025-08-05,ecb_fx,ecb,1,fx.usdcny,,7.187424216178763,CNY,per USD,reference_rate,fx,reference,https://data-api.ecb.europa.eu/service/data/EXR/D.CNY+USD.EUR.SP00.A?startPeriod=2023-01-01&format=csvdata,1.0,ECB EXR CNY/EUR ÷ USD/EUR,confirmed,derived,day
2025-08-06,2025-08-06,ecb_fx,ecb,1,fx.usdcny,,7.185711823509134,CNY,per USD,reference_rate,fx,reference,https://data-api.ecb.europa.eu/service/data/EXR/D.CNY+USD.EUR.SP00.A?startPeriod=2023-01-01&format=csvdata,1.0,ECB EXR CNY/EUR ÷ USD/EUR,confirmed,derived,day
2025-08-07,2025-08-07,ecb_fx,ecb,1,fx.usdcny,,7.179163445847292,CNY,per USD,reference_rate,fx,reference,https://data-api.ecb.europa.eu/service/data/EXR/D.CNY+USD.EUR.SP00.A?startPeriod=2023-01-01&format=csvdata,1.0,ECB EXR CNY/EUR ÷ USD/EUR,confirmed,derived,day
2025-08-08,2025-08-08,ecb_fx,ecb,1,fx.usdcny,,7.183808379120878,CNY,per USD,reference_rate,fx,reference,https://data-api.ecb.europa.eu/service/data/EXR/D.CNY+USD.EUR.SP00.A?startPeriod=2023-01-01&format=csvdata,1.0,ECB EXR CNY/EUR ÷ USD/EUR,confirmed,derived,day
2025-08-11,2025-08-11,ecb_fx,ecb,1,fx.usdcny,,7.184649802099467,CNY,per USD,reference_rate,fx,reference,https://data-api.ecb.europa.eu/service/data/EXR/D.CNY+USD.EUR.SP00.A?startPeriod=2023-01-01&format=csvdata,1.0,ECB EXR CNY/EUR ÷ USD/EUR,confirmed,derived,day
2025-08-12,2025-08-12,ecb_fx,ecb,1,fx.usdcny,,7.187316905049112,CNY,per USD,reference_rate,fx,reference,https://data-api.ecb.europa.eu/service/data/EXR/D.CNY+USD.EUR.SP00.A?startPeriod=2023-01-01&format=csvdata,1.0,ECB EXR CNY/EUR ÷ USD/EUR,confirmed,derived,day
2025-08-13,2025-08-13,ecb_fx,ecb,1,fx.usdcny,,7.174451370506361,CNY,per USD,reference_rate,fx,reference,https://data-api.ecb.europa.eu/service/data/EXR/D.CNY+USD.EUR.SP00.A?startPeriod=2023-01-01&format=csvdata,1.0,ECB EXR CNY/EUR ÷ USD/EUR,confirmed,derived,day
2025-08-14,2025-08-14,ecb_fx,ecb,1,fx.usdcny,,7.170573139435415,CNY,per USD,reference_rate,fx,reference,https://data-api.ecb.europa.eu/service/data/EXR/D.CNY+USD.EUR.SP00.A?startPeriod=2023-01-01&format=csvdata,1.0,ECB EXR CNY/EUR ÷ USD/EUR,confirmed,derived,day
2025-08-15,2025-08-15,ecb_fx,ecb,1,fx.usdcny,,7.179072553045859,CNY,per USD,reference_rate,fx,reference,https://data-api.ecb.europa.eu/service/data/EXR/D.CNY+USD.EUR.SP00.A?startPeriod=2023-01-01&format=csvdata,1.0,ECB EXR CNY/EUR ÷ USD/EUR,confirmed,derived,day
2025-08-18,2025-08-18,ecb_fx,ecb,1,fx.usdcny,,7.178788657585882,CNY,per USD,reference_rate,fx,reference,https://data-api.ecb.europa.eu/service/data/EXR/D.CNY+USD.EUR.SP00.A?startPeriod=2023-01-01&format=csvdata,1.0,ECB EXR CNY/EUR ÷ USD/EUR,confirmed,derived,day
2025-08-19,2025-08-19,ecb_fx,ecb,1,fx.usdcny,,7.179078924841637,CNY,per USD,reference_rate,fx,reference,https://data-api.ecb.europa.eu/service/data/EXR/D.CNY+USD.EUR.SP00.A?startPeriod=2023-01-01&format=csvdata,1.0,ECB EXR CNY/EUR ÷ USD/EUR,confirmed,derived,day
2025-08-20,2025-08-20,ecb_fx,ecb,1,fx.usdcny,,7.176122221268561,CNY,per USD,reference_rate,fx,reference,https://data-api.ecb.europa.eu/service/data/EXR/D.CNY+USD.EUR.SP00.A?startPeriod=2023-01-01&format=csvdata,1.0,ECB EXR CNY/EUR ÷ USD/EUR,confirmed,derived,day
2025-08-21,2025-08-21,ecb_fx,ecb,1,fx.usdcny,,7.178194002921213,CNY,per USD,reference_rate,fx,reference,https://data-api.ecb.europa.eu/service/data/EXR/D.CNY+USD.EUR.SP00.A?startPeriod=2023-01-01&format=csvdata,1.0,ECB EXR CNY/EUR ÷ USD/EUR,confirmed,derived,day
2025-08-22,2025-08-22,ecb_fx,ecb,1,fx.usdcny,,7.178928325292901,CNY,per USD,reference_rate,fx,reference,https://data-api.ecb.europa.eu/service/data/EXR/D.CNY+USD.EUR.SP00.A?startPeriod=2023-01-01&format=csvdata,1.0,ECB EXR CNY/EUR ÷ USD/EUR,confirmed,derived,day
2025-08-25,2025-08-25,ecb_fx,ecb,1,fx.usdcny,,7.156450371890229,CNY,per USD,reference_rate,fx,reference,https://data-api.ecb.europa.eu/service/data/EXR/D.CNY+USD.EUR.SP00.A?startPeriod=2023-01-01&format=csvdata,1.0,ECB EXR CNY/EUR ÷ USD/EUR,confirmed,derived,day
2025-08-26,2025-08-26,ecb_fx,ecb,1,fx.usdcny,,7.157429649965684,CNY,per USD,reference_rate,fx,reference,https://data-api.ecb.europa.eu/service/data/EXR/D.CNY+USD.EUR.SP00.A?startPeriod=2023-01-01&format=csvdata,1.0,ECB EXR CNY/EUR ÷ USD/EUR,confirmed,derived,day
2025-08-27,2025-08-27,ecb_fx,ecb,1,fx.usdcny,,7.1618217890106095,CNY,per USD,reference_rate,fx,reference,https://data-api.ecb.europa.eu/service/data/EXR/D.CNY+USD.EUR.SP00.A?startPeriod=2023-01-01&format=csvdata,1.0,ECB EXR CNY/EUR ÷ USD/EUR,confirmed,derived,day
2025-08-28,2025-08-28,ecb_fx,ecb,1,fx.usdcny,,7.131380609797875,CNY,per USD,reference_rate,fx,reference,https://data-api.ecb.europa.eu/service/data/EXR/D.CNY+USD.EUR.SP00.A?startPeriod=2023-01-01&format=csvdata,1.0,ECB EXR CNY/EUR ÷ USD/EUR,confirmed,derived,day
2025-08-29,2025-08-29,ecb_fx,ecb,1,fx.usdcny,,7.13287013209813,CNY,per USD,reference_rate,fx,reference,https://data-api.ecb.europa.eu/service/data/EXR/D.CNY+USD.EUR.SP00.A?startPeriod=2023-01-01&format=csvdata,1.0,ECB EXR CNY/EUR ÷ USD/EUR,confirmed,derived,day
2025-09-01,2025-09-01,ecb_fx,ecb,1,fx.usdcny,,7.134528382415707,CNY,per USD,reference_rate,fx,reference,https://data-api.ecb.europa.eu/service/data/EXR/D.CNY+USD.EUR.SP00.A?startPeriod=2023-01-01&format=csvdata,1.0,ECB EXR CNY/EUR ÷ USD/EUR,confirmed,derived,day
2025-09-02,2025-09-02,ecb_fx,ecb,1,fx.usdcny,,7.144255538382277,CNY,per USD,reference_rate,fx,reference,https://data-api.ecb.europa.eu/service/data/EXR/D.CNY+USD.EUR.SP00.A?startPeriod=2023-01-01&format=csvdata,1.0,ECB EXR CNY/EUR ÷ USD/EUR,confirmed,derived,day
2025-09-03,2025-09-03,ecb_fx,ecb,1,fx.usdcny,,7.145627735347121,CNY,per USD,reference_rate,fx,reference,https://data-api.ecb.europa.eu/service/data/EXR/D.CNY+USD.EUR.SP00.A?startPeriod=2023-01-01&format=csvdata,1.0,ECB EXR CNY/EUR ÷ USD/EUR,confirmed,derived,day
2025-09-04,2025-09-04,ecb_fx,ecb,1,fx.usdcny,,7.140722932944106,CNY,per USD,reference_rate,fx,reference,https://data-api.ecb.europa.eu/service/data/EXR/D.CNY+USD.EUR.SP00.A?startPeriod=2023-01-01&format=csvdata,1.0,ECB EXR CNY/EUR ÷ USD/EUR,confirmed,derived,day
2025-09-05,2025-09-05,ecb_fx,ecb,1,fx.usdcny,,7.137642130460803,CNY,per USD,reference_rate,fx,reference,https://data-api.ecb.europa.eu/service/data/EXR/D.CNY+USD.EUR.SP00.A?startPeriod=2023-01-01&format=csvdata,1.0,ECB EXR CNY/EUR ÷ USD/EUR,confirmed,derived,day
2025-09-08,2025-09-08,ecb_fx,ecb,1,fx.usdcny,,7.129860163710777,CNY,per USD,reference_rate,fx,reference,https://data-api.ecb.europa.eu/service/data/EXR/D.CNY+USD.EUR.SP00.A?startPeriod=2023-01-01&format=csvdata,1.0,ECB EXR CNY/EUR ÷ USD/EUR,confirmed,derived,day
2025-09-09,2025-09-09,ecb_fx,ecb,1,fx.usdcny,,7.12150885558583,CNY,per USD,reference_rate,fx,reference,https://data-api.ecb.europa.eu/service/data/EXR/D.CNY+USD.EUR.SP00.A?startPeriod=2023-01-01&format=csvdata,1.0,ECB EXR CNY/EUR ÷ USD/EUR,confirmed,derived,day
2025-09-10,2025-09-10,ecb_fx,ecb,1,fx.usdcny,,7.122832493380028,CNY,per USD,reference_rate,fx,reference,https://data-api.ecb.europa.eu/service/data/EXR/D.CNY+USD.EUR.SP00.A?startPeriod=2023-01-01&format=csvdata,1.0,ECB EXR CNY/EUR ÷ USD/EUR,confirmed,derived,day
2025-09-11,2025-09-11,ecb_fx,ecb,1,fx.usdcny,,7.124689773213522,CNY,per USD,reference_rate,fx,reference,https://data-api.ecb.europa.eu/service/data/EXR/D.CNY+USD.EUR.SP00.A?startPeriod=2023-01-01&format=csvdata,1.0,ECB EXR CNY/EUR ÷ USD/EUR,confirmed,derived,day
2025-09-12,2025-09-12,ecb_fx,ecb,1,fx.usdcny,,7.122461170848268,CNY,per USD,reference_rate,fx,reference,https://data-api.ecb.europa.eu/service/data/EXR/D.CNY+USD.EUR.SP00.A?startPeriod=2023-01-01&format=csvdata,1.0,ECB EXR CNY/EUR ÷ USD/EUR,confirmed,derived,day
2025-09-15,2025-09-15,ecb_fx,ecb,1,fx.usdcny,,7.121791602923678,CNY,per USD,reference_rate,fx,reference,https://data-api.ecb.europa.eu/service/data/EXR/D.CNY+USD.EUR.SP00.A?startPeriod=2023-01-01&format=csvdata,1.0,ECB EXR CNY/EUR ÷ USD/EUR,confirmed,derived,day
2025-09-16,2025-09-16,ecb_fx,ecb,1,fx.usdcny,,7.115270602185144,CNY,per USD,reference_rate,fx,reference,https://data-api.ecb.europa.eu/service/data/EXR/D.CNY+USD.EUR.SP00.A?startPeriod=2023-01-01&format=csvdata,1.0,ECB EXR CNY/EUR ÷ USD/EUR,confirmed,derived,day
2025-09-17,2025-09-17,ecb_fx,ecb,1,fx.usdcny,,7.104164906648644,CNY,per USD,reference_rate,fx,reference,https://data-api.ecb.europa.eu/service/data/EXR/D.CNY+USD.EUR.SP00.A?startPeriod=2023-01-01&format=csvdata,1.0,ECB EXR CNY/EUR ÷ USD/EUR,confirmed,derived,day
2025-09-18,2025-09-18,ecb_fx,ecb,1,fx.usdcny,,7.105517007953968,CNY,per USD,reference_rate,fx,reference,https://data-api.ecb.europa.eu/service/data/EXR/D.CNY+USD.EUR.SP00.A?startPeriod=2023-01-01&format=csvdata,1.0,ECB EXR CNY/EUR ÷ USD/EUR,confirmed,derived,day
2025-09-19,2025-09-19,ecb_fx,ecb,1,fx.usdcny,,7.115712338104977,CNY,per USD,reference_rate,fx,reference,https://data-api.ecb.europa.eu/service/data/EXR/D.CNY+USD.EUR.SP00.A?startPeriod=2023-01-01&format=csvdata,1.0,ECB EXR CNY/EUR ÷ USD/EUR,confirmed,derived,day
2025-09-22,2025-09-22,ecb_fx,ecb,1,fx.usdcny,,7.112129700364995,CNY,per USD,reference_rate,fx,reference,https://data-api.ecb.europa.eu/service/data/EXR/D.CNY+USD.EUR.SP00.A?startPeriod=2023-01-01&format=csvdata,1.0,ECB EXR CNY/EUR ÷ USD/EUR,confirmed,derived,day
2025-09-23,2025-09-23,ecb_fx,ecb,1,fx.usdcny,,7.111761214279658,CNY,per USD,reference_rate,fx,reference,https://data-api.ecb.europa.eu/service/data/EXR/D.CNY+USD.EUR.SP00.A?startPeriod=2023-01-01&format=csvdata,1.0,ECB EXR CNY/EUR ÷ USD/EUR,confirmed,derived,day
2025-09-24,2025-09-24,ecb_fx,ecb,1,fx.usdcny,,7.127084042191222,CNY,per USD,reference_rate,fx,reference,https://data-api.ecb.europa.eu/service/data/EXR/D.CNY+USD.EUR.SP00.A?startPeriod=2023-01-01&format=csvdata,1.0,ECB EXR CNY/EUR ÷ USD/EUR,confirmed,derived,day
2025-09-25,2025-09-25,ecb_fx,ecb,1,fx.usdcny,,7.124116193883635,CNY,per USD,reference_rate,fx,reference,https://data-api.ecb.europa.eu/service/data/EXR/D.CNY+USD.EUR.SP00.A?startPeriod=2023-01-01&format=csvdata,1.0,ECB EXR CNY/EUR ÷ USD/EUR,confirmed,derived,day
2025-09-26,2025-09-26,ecb_fx,ecb,1,fx.usdcny,,7.137422892392049,CNY,per USD,reference_rate,fx,reference,https://data-api.ecb.europa.eu/service/data/EXR/D.CNY+USD.EUR.SP00.A?startPeriod=2023-01-01&format=csvdata,1.0,ECB EXR CNY/EUR ÷ USD/EUR,confirmed,derived,day
2025-09-29,2025-09-29,ecb_fx,ecb,1,fx.usdcny,,7.121214706133244,CNY,per USD,reference_rate,fx,reference,https://data-api.ecb.europa.eu/service/data/EXR/D.CNY+USD.EUR.SP00.A?startPeriod=2023-01-01&format=csvdata,1.0,ECB EXR CNY/EUR ÷ USD/EUR,confirmed,derived,day
2025-09-30,2025-09-30,ecb_fx,ecb,1,fx.usdcny,,7.119580955625586,CNY,per USD,reference_rate,fx,reference,https://data-api.ecb.europa.eu/service/data/EXR/D.CNY+USD.EUR.SP00.A?startPeriod=2023-01-01&format=csvdata,1.0,ECB EXR CNY/EUR ÷ USD/EUR,confirmed,derived,day
2025-10-01,2025-10-01,ecb_fx,ecb,1,fx.usdcny,,7.119583759808938,CNY,per USD,reference_rate,fx,reference,https://data-api.ecb.europa.eu/service/data/EXR/D.CNY+USD.EUR.SP00.A?startPeriod=2023-01-01&format=csvdata,1.0,ECB EXR CNY/EUR ÷ USD/EUR,confirmed,derived,day
2025-10-02,2025-10-02,ecb_fx,ecb,1,fx.usdcny,,7.11953377573592,CNY,per USD,reference_rate,fx,reference,https://data-api.ecb.europa.eu/service/data/EXR/D.CNY+USD.EUR.SP00.A?startPeriod=2023-01-01&format=csvdata,1.0,ECB EXR CNY/EUR ÷ USD/EUR,confirmed,derived,day
2025-10-03,2025-10-03,ecb_fx,ecb,1,fx.usdcny,,7.119567070052838,CNY,per USD,reference_rate,fx,reference,https://data-api.ecb.europa.eu/service/data/EXR/D.CNY+USD.EUR.SP00.A?startPeriod=2023-01-01&format=csvdata,1.0,ECB EXR CNY/EUR ÷ USD/EUR,confirmed,derived,day
2025-10-06,2025-10-06,ecb_fx,ecb,1,fx.usdcny,,7.1195410172974825,CNY,per USD,reference_rate,fx,reference,https://data-api.ecb.europa.eu/service/data/EXR/D.CNY+USD.EUR.SP00.A?startPeriod=2023-01-01&format=csvdata,1.0,ECB EXR CNY/EUR ÷ USD/EUR,confirmed,derived,day
2025-10-07,2025-10-07,ecb_fx,ecb,1,fx.usdcny,,7.119578261614949,CNY,per USD,reference_rate,fx,reference,https://data-api.ecb.europa.eu/service/data/EXR/D.CNY+USD.EUR.SP00.A?startPeriod=2023-01-01&format=csvdata,1.0,ECB EXR CNY/EUR ÷ USD/EUR,confirmed,derived,day
2025-10-08,2025-10-08,ecb_fx,ecb,1,fx.usdcny,,7.1195493248473385,CNY,per USD,reference_rate,fx,reference,https://data-api.ecb.europa.eu/service/data/EXR/D.CNY+USD.EUR.SP00.A?startPeriod=2023-01-01&format=csvdata,1.0,ECB EXR CNY/EUR ÷ USD/EUR,confirmed,derived,day
2025-10-09,2025-10-09,ecb_fx,ecb,1,fx.usdcny,,7.122383946257859,CNY,per USD,reference_rate,fx,reference,https://data-api.ecb.europa.eu/service/data/EXR/D.CNY+USD.EUR.SP00.A?startPeriod=2023-01-01&format=csvdata,1.0,ECB EXR CNY/EUR ÷ USD/EUR,confirmed,derived,day
2025-10-10,2025-10-10,ecb_fx,ecb,1,fx.usdcny,,7.122838865836791,CNY,per USD,reference_rate,fx,reference,https://data-api.ecb.europa.eu/service/data/EXR/D.CNY+USD.EUR.SP00.A?startPeriod=2023-01-01&format=csvdata,1.0,ECB EXR CNY/EUR ÷ USD/EUR,confirmed,derived,day
2025-10-13,2025-10-13,ecb_fx,ecb,1,fx.usdcny,,7.132077102601779,CNY,per USD,reference_rate,fx,reference,https://data-api.ecb.europa.eu/service/data/EXR/D.CNY+USD.EUR.SP00.A?startPeriod=2023-01-01&format=csvdata,1.0,ECB EXR CNY/EUR ÷ USD/EUR,confirmed,derived,day
2025-10-14,2025-10-14,ecb_fx,ecb,1,fx.usdcny,,7.139963645806284,CNY,per USD,reference_rate,fx,reference,https://data-api.ecb.europa.eu/service/data/EXR/D.CNY+USD.EUR.SP00.A?startPeriod=2023-01-01&format=csvdata,1.0,ECB EXR CNY/EUR ÷ USD/EUR,confirmed,derived,day
2025-10-15,2025-10-15,ecb_fx,ecb,1,fx.usdcny,,7.126398210290827,CNY,per USD,reference_rate,fx,reference,https://data-api.ecb.europa.eu/service/data/EXR/D.CNY+USD.EUR.SP00.A?startPeriod=2023-01-01&format=csvdata,1.0,ECB EXR CNY/EUR ÷ USD/EUR,confirmed,derived,day
2025-10-16,2025-10-16,ecb_fx,ecb,1,fx.usdcny,,7.125847712249978,CNY,per USD,reference_rate,fx,reference,https://data-api.ecb.europa.eu/service/data/EXR/D.CNY+USD.EUR.SP00.A?startPeriod=2023-01-01&format=csvdata,1.0,ECB EXR CNY/EUR ÷ USD/EUR,confirmed,derived,day
2025-10-17,2025-10-17,ecb_fx,ecb,1,fx.usdcny,,7.122335416488315,CNY,per USD,reference_rate,fx,reference,https://data-api.ecb.europa.eu/service/data/EXR/D.CNY+USD.EUR.SP00.A?startPeriod=2023-01-01&format=csvdata,1.0,ECB EXR CNY/EUR ÷ USD/EUR,confirmed,derived,day
2025-10-20,2025-10-20,ecb_fx,ecb,1,fx.usdcny,,7.123466323466324,CNY,per USD,reference_rate,fx,reference,https://data-api.ecb.europa.eu/service/data/EXR/D.CNY+USD.EUR.SP00.A?startPeriod=2023-01-01&format=csvdata,1.0,ECB EXR CNY/EUR ÷ USD/EUR,confirmed,derived,day
2025-10-21,2025-10-21,ecb_fx,ecb,1,fx.usdcny,,7.118635306280693,CNY,per USD,reference_rate,fx,reference,https://data-api.ecb.europa.eu/service/data/EXR/D.CNY+USD.EUR.SP00.A?startPeriod=2023-01-01&format=csvdata,1.0,ECB EXR CNY/EUR ÷ USD/EUR,confirmed,derived,day
2025-10-22,2025-10-22,ecb_fx,ecb,1,fx.usdcny,,7.126607404850263,CNY,per USD,reference_rate,fx,reference,https://data-api.ecb.europa.eu/service/data/EXR/D.CNY+USD.EUR.SP00.A?startPeriod=2023-01-01&format=csvdata,1.0,ECB EXR CNY/EUR ÷ USD/EUR,confirmed,derived,day
2025-10-23,2025-10-23,ecb_fx,ecb,1,fx.usdcny,,7.124385404985767,CNY,per USD,reference_rate,fx,reference,https://data-api.ecb.europa.eu/service/data/EXR/D.CNY+USD.EUR.SP00.A?startPeriod=2023-01-01&format=csvdata,1.0,ECB EXR CNY/EUR ÷ USD/EUR,confirmed,derived,day
2025-10-24,2025-10-24,ecb_fx,ecb,1,fx.usdcny,,7.122459524629694,CNY,per USD,reference_rate,fx,reference,https://data-api.ecb.europa.eu/service/data/EXR/D.CNY+USD.EUR.SP00.A?startPeriod=2023-01-01&format=csvdata,1.0,ECB EXR CNY/EUR ÷ USD/EUR,confirmed,derived,day
2025-10-27,2025-10-27,ecb_fx,ecb,1,fx.usdcny,,7.107474226804124,CNY,per USD,reference_rate,fx,reference,https://data-api.ecb.europa.eu/service/data/EXR/D.CNY+USD.EUR.SP00.A?startPeriod=2023-01-01&format=csvdata,1.0,ECB EXR CNY/EUR ÷ USD/EUR,confirmed,derived,day
2025-10-28,2025-10-28,ecb_fx,ecb,1,fx.usdcny,,7.101375752364575,CNY,per USD,reference_rate,fx,reference,https://data-api.ecb.europa.eu/service/data/EXR/D.CNY+USD.EUR.SP00.A?startPeriod=2023-01-01&format=csvdata,1.0,ECB EXR CNY/EUR ÷ USD/EUR,confirmed,derived,day
2025-10-29,2025-10-29,ecb_fx,ecb,1,fx.usdcny,,7.099432794774836,CNY,per USD,reference_rate,fx,reference,https://data-api.ecb.europa.eu/service/data/EXR/D.CNY+USD.EUR.SP00.A?startPeriod=2023-01-01&format=csvdata,1.0,ECB EXR CNY/EUR ÷ USD/EUR,confirmed,derived,day
2025-10-30,2025-10-30,ecb_fx,ecb,1,fx.usdcny,,7.114285714285715,CNY,per USD,reference_rate,fx,reference,https://data-api.ecb.europa.eu/service/data/EXR/D.CNY+USD.EUR.SP00.A?startPeriod=2023-01-01&format=csvdata,1.0,ECB EXR CNY/EUR ÷ USD/EUR,confirmed,derived,day
2025-10-31,2025-10-31,ecb_fx,ecb,1,fx.usdcny,,7.116150250995326,CNY,per USD,reference_rate,fx,reference,https://data-api.ecb.europa.eu/service/data/EXR/D.CNY+USD.EUR.SP00.A?startPeriod=2023-01-01&format=csvdata,1.0,ECB EXR CNY/EUR ÷ USD/EUR,confirmed,derived,day
2025-11-03,2025-11-03,ecb_fx,ecb,1,fx.usdcny,,7.120635747785306,CNY,per USD,reference_rate,fx,reference,https://data-api.ecb.europa.eu/service/data/EXR/D.CNY+USD.EUR.SP00.A?startPeriod=2023-01-01&format=csvdata,1.0,ECB EXR CNY/EUR ÷ USD/EUR,confirmed,derived,day
2025-11-04,2025-11-04,ecb_fx,ecb,1,fx.usdcny,,7.125315464276389,CNY,per USD,reference_rate,fx,reference,https://data-api.ecb.europa.eu/service/data/EXR/D.CNY+USD.EUR.SP00.A?startPeriod=2023-01-01&format=csvdata,1.0,ECB EXR CNY/EUR ÷ USD/EUR,confirmed,derived,day
2025-11-05,2025-11-05,ecb_fx,ecb,1,fx.usdcny,,7.1271319178559,CNY,per USD,reference_rate,fx,reference,https://data-api.ecb.europa.eu/service/data/EXR/D.CNY+USD.EUR.SP00.A?startPeriod=2023-01-01&format=csvdata,1.0,ECB EXR CNY/EUR ÷ USD/EUR,confirmed,derived,day
2025-11-06,2025-11-06,ecb_fx,ecb,1,fx.usdcny,,7.119483222058442,CNY,per USD,reference_rate,fx,reference,https://data-api.ecb.europa.eu/service/data/EXR/D.CNY+USD.EUR.SP00.A?startPeriod=2023-01-01&format=csvdata,1.0,ECB EXR CNY/EUR ÷ USD/EUR,confirmed,derived,day
2025-11-07,2025-11-07,ecb_fx,ecb,1,fx.usdcny,,7.120837297811609,CNY,per USD,reference_rate,fx,reference,https://data-api.ecb.europa.eu/service/data/EXR/D.CNY+USD.EUR.SP00.A?startPeriod=2023-01-01&format=csvdata,1.0,ECB EXR CNY/EUR ÷ USD/EUR,confirmed,derived,day
2025-11-10,2025-11-10,ecb_fx,ecb,1,fx.usdcny,,7.11926367643246,CNY,per USD,reference_rate,fx,reference,https://data-api.ecb.europa.eu/service/data/EXR/D.CNY+USD.EUR.SP00.A?startPeriod=2023-01-01&format=csvdata,1.0,ECB EXR CNY/EUR ÷ USD/EUR,confirmed,derived,day
2025-11-11,2025-11-11,ecb_fx,ecb,1,fx.usdcny,,7.118531317494599,CNY,per USD,reference_rate,fx,reference,https://data-api.ecb.europa.eu/service/data/EXR/D.CNY+USD.EUR.SP00.A?startPeriod=2023-01-01&format=csvdata,1.0,ECB EXR CNY/EUR ÷ USD/EUR,confirmed,derived,day
2025-11-12,2025-11-12,ecb_fx,ecb,1,fx.usdcny,,7.11653420870767,CNY,per USD,reference_rate,fx,reference,https://data-api.ecb.europa.eu/service/data/EXR/D.CNY+USD.EUR.SP00.A?startPeriod=2023-01-01&format=csvdata,1.0,ECB EXR CNY/EUR ÷ USD/EUR,confirmed,derived,day
2025-11-13,2025-11-13,ecb_fx,ecb,1,fx.usdcny,,7.096135639900163,CNY,per USD,reference_rate,fx,reference,https://data-api.ecb.europa.eu/service/data/EXR/D.CNY+USD.EUR.SP00.A?startPeriod=2023-01-01&format=csvdata,1.0,ECB EXR CNY/EUR ÷ USD/EUR,confirmed,derived,day
2025-11-14,2025-11-14,ecb_fx,ecb,1,fx.usdcny,,7.096067994505494,CNY,per USD,reference_rate,fx,reference,https://data-api.ecb.europa.eu/service/data/EXR/D.CNY+USD.EUR.SP00.A?startPeriod=2023-01-01&format=csvdata,1.0,ECB EXR CNY/EUR ÷ USD/EUR,confirmed,derived,day
2025-11-17,2025-11-17,ecb_fx,ecb,1,fx.usdcny,,7.107564909859399,CNY,per USD,reference_rate,fx,reference,https://data-api.ecb.europa.eu/service/data/EXR/D.CNY+USD.EUR.SP00.A?startPeriod=2023-01-01&format=csvdata,1.0,ECB EXR CNY/EUR ÷ USD/EUR,confirmed,derived,day
2025-11-18,2025-11-18,ecb_fx,ecb,1,fx.usdcny,,7.110440034512511,CNY,per USD,reference_rate,fx,reference,https://data-api.ecb.europa.eu/service/data/EXR/D.CNY+USD.EUR.SP00.A?startPeriod=2023-01-01&format=csvdata,1.0,ECB EXR CNY/EUR ÷ USD/EUR,confirmed,derived,day
2025-11-19,2025-11-19,ecb_fx,ecb,1,fx.usdcny,,7.110334110334111,CNY,per USD,reference_rate,fx,reference,https://data-api.ecb.europa.eu/service/data/EXR/D.CNY+USD.EUR.SP00.A?startPeriod=2023-01-01&format=csvdata,1.0,ECB EXR CNY/EUR ÷ USD/EUR,confirmed,derived,day
2025-11-20,2025-11-20,ecb_fx,ecb,1,fx.usdcny,,7.113774535348271,CNY,per USD,reference_rate,fx,reference,https://data-api.ecb.europa.eu/service/data/EXR/D.CNY+USD.EUR.SP00.A?startPeriod=2023-01-01&format=csvdata,1.0,ECB EXR CNY/EUR ÷ USD/EUR,confirmed,derived,day
2025-11-21,2025-11-21,ecb_fx,ecb,1,fx.usdcny,,7.109809027777779,CNY,per USD,reference_rate,fx,reference,https://data-api.ecb.europa.eu/service/data/EXR/D.CNY+USD.EUR.SP00.A?startPeriod=2023-01-01&format=csvdata,1.0,ECB EXR CNY/EUR ÷ USD/EUR,confirmed,derived,day
2025-11-24,2025-11-24,ecb_fx,ecb,1,fx.usdcny,,7.088790713790712,CNY,per USD,reference_rate,fx,reference,https://data-api.ecb.europa.eu/service/data/EXR/D.CNY+USD.EUR.SP00.A?startPeriod=2023-01-01&format=csvdata,1.0,ECB EXR CNY/EUR ÷ USD/EUR,confirmed,derived,day
2025-11-25,2025-11-25,ecb_fx,ecb,1,fx.usdcny,,7.08553372002424,CNY,per USD,reference_rate,fx,reference,https://data-api.ecb.europa.eu/service/data/EXR/D.CNY+USD.EUR.SP00.A?startPeriod=2023-01-01&format=csvdata,1.0,ECB EXR CNY/EUR ÷ USD/EUR,confirmed,derived,day
2025-11-26,2025-11-26,ecb_fx,ecb,1,fx.usdcny,,7.079467910512223,CNY,per USD,reference_rate,fx,reference,https://data-api.ecb.europa.eu/service/data/EXR/D.CNY+USD.EUR.SP00.A?startPeriod=2023-01-01&format=csvdata,1.0,ECB EXR CNY/EUR ÷ USD/EUR,confirmed,derived,day
2025-11-27,2025-11-27,ecb_fx,ecb,1,fx.usdcny,,7.083376488865872,CNY,per USD,reference_rate,fx,reference,https://data-api.ecb.europa.eu/service/data/EXR/D.CNY+USD.EUR.SP00.A?startPeriod=2023-01-01&format=csvdata,1.0,ECB EXR CNY/EUR ÷ USD/EUR,confirmed,derived,day
2025-11-28,2025-11-28,ecb_fx,ecb,1,fx.usdcny,,7.075566315061387,CNY,per USD,reference_rate,fx,reference,https://data-api.ecb.europa.eu/service/data/EXR/D.CNY+USD.EUR.SP00.A?startPeriod=2023-01-01&format=csvdata,1.0,ECB EXR CNY/EUR ÷ USD/EUR,confirmed,derived,day
2025-12-01,2025-12-01,ecb_fx,ecb,1,fx.usdcny,,7.071784303623561,CNY,per USD,reference_rate,fx,reference,https://data-api.ecb.europa.eu/service/data/EXR/D.CNY+USD.EUR.SP00.A?startPeriod=2023-01-01&format=csvdata,1.0,ECB EXR CNY/EUR ÷ USD/EUR,confirmed,derived,day
2025-12-02,2025-12-02,ecb_fx,ecb,1,fx.usdcny,,7.071034957809541,CNY,per USD,reference_rate,fx,reference,https://data-api.ecb.europa.eu/service/data/EXR/D.CNY+USD.EUR.SP00.A?startPeriod=2023-01-01&format=csvdata,1.0,ECB EXR CNY/EUR ÷ USD/EUR,confirmed,derived,day
2025-12-03,2025-12-03,ecb_fx,ecb,1,fx.usdcny,,7.063849845731917,CNY,per USD,reference_rate,fx,reference,https://data-api.ecb.europa.eu/service/data/EXR/D.CNY+USD.EUR.SP00.A?startPeriod=2023-01-01&format=csvdata,1.0,ECB EXR CNY/EUR ÷ USD/EUR,confirmed,derived,day
2025-12-04,2025-12-04,ecb_fx,ecb,1,fx.usdcny,,7.071661237785016,CNY,per USD,reference_rate,fx,reference,https://data-api.ecb.europa.eu/service/data/EXR/D.CNY+USD.EUR.SP00.A?startPeriod=2023-01-01&format=csvdata,1.0,ECB EXR CNY/EUR ÷ USD/EUR,confirmed,derived,day
2025-12-05,2025-12-05,ecb_fx,ecb,1,fx.usdcny,,7.070244740231859,CNY,per USD,reference_rate,fx,reference,https://data-api.ecb.europa.eu/service/data/EXR/D.CNY+USD.EUR.SP00.A?startPeriod=2023-01-01&format=csvdata,1.0,ECB EXR CNY/EUR ÷ USD/EUR,confirmed,derived,day
2025-12-08,2025-12-08,ecb_fx,ecb,1,fx.usdcny,,7.068039468039468,CNY,per USD,reference_rate,fx,reference,https://data-api.ecb.europa.eu/service/data/EXR/D.CNY+USD.EUR.SP00.A?startPeriod=2023-01-01&format=csvdata,1.0,ECB EXR CNY/EUR ÷ USD/EUR,confirmed,derived,day
2025-12-09,2025-12-09,ecb_fx,ecb,1,fx.usdcny,,7.0642777348113786,CNY,per USD,reference_rate,fx,reference,https://data-api.ecb.europa.eu/service/data/EXR/D.CNY+USD.EUR.SP00.A?startPeriod=2023-01-01&format=csvdata,1.0,ECB EXR CNY/EUR ÷ USD/EUR,confirmed,derived,day
2025-12-10,2025-12-10,ecb_fx,ecb,1,fx.usdcny,,7.06248925563005,CNY,per USD,reference_rate,fx,reference,https://data-api.ecb.europa.eu/service/data/EXR/D.CNY+USD.EUR.SP00.A?startPeriod=2023-01-01&format=csvdata,1.0,ECB EXR CNY/EUR ÷ USD/EUR,confirmed,derived,day
2025-12-11,2025-12-11,ecb_fx,ecb,1,fx.usdcny,,7.058050196346252,CNY,per USD,reference_rate,fx,reference,https://data-api.ecb.europa.eu/service/data/EXR/D.CNY+USD.EUR.SP00.A?startPeriod=2023-01-01&format=csvdata,1.0,ECB EXR CNY/EUR ÷ USD/EUR,confirmed,derived,day
2025-12-12,2025-12-12,ecb_fx,ecb,1,fx.usdcny,,7.0547267922598245,CNY,per USD,reference_rate,fx,reference,https://data-api.ecb.europa.eu/service/data/EXR/D.CNY+USD.EUR.SP00.A?startPeriod=2023-01-01&format=csvdata,1.0,ECB EXR CNY/EUR ÷ USD/EUR,confirmed,derived,day
2025-12-15,2025-12-15,ecb_fx,ecb,1,fx.usdcny,,7.047051816557476,CNY,per USD,reference_rate,fx,reference,https://data-api.ecb.europa.eu/service/data/EXR/D.CNY+USD.EUR.SP00.A?startPeriod=2023-01-01&format=csvdata,1.0,ECB EXR CNY/EUR ÷ USD/EUR,confirmed,derived,day
2025-12-16,2025-12-16,ecb_fx,ecb,1,fx.usdcny,,7.042289402173912,CNY,per USD,reference_rate,fx,reference,https://data-api.ecb.europa.eu/service/data/EXR/D.CNY+USD.EUR.SP00.A?startPeriod=2023-01-01&format=csvdata,1.0,ECB EXR CNY/EUR ÷ USD/EUR,confirmed,derived,day
2025-12-17,2025-12-17,ecb_fx,ecb,1,fx.usdcny,,7.043934482170279,CNY,per USD,reference_rate,fx,reference,https://data-api.ecb.europa.eu/service/data/EXR/D.CNY+USD.EUR.SP00.A?startPeriod=2023-01-01&format=csvdata,1.0,ECB EXR CNY/EUR ÷ USD/EUR,confirmed,derived,day
2025-12-18,2025-12-18,ecb_fx,ecb,1,fx.usdcny,,7.041300452257018,CNY,per USD,reference_rate,fx,reference,https://data-api.ecb.europa.eu/service/data/EXR/D.CNY+USD.EUR.SP00.A?startPeriod=2023-01-01&format=csvdata,1.0,ECB EXR CNY/EUR ÷ USD/EUR,confirmed,derived,day
2025-12-19,2025-12-19,ecb_fx,ecb,1,fx.usdcny,,7.041068989071038,CNY,per USD,reference_rate,fx,reference,https://data-api.ecb.europa.eu/service/data/EXR/D.CNY+USD.EUR.SP00.A?startPeriod=2023-01-01&format=csvdata,1.0,ECB EXR CNY/EUR ÷ USD/EUR,confirmed,derived,day
2025-12-22,2025-12-22,ecb_fx,ecb,1,fx.usdcny,,7.037037037037037,CNY,per USD,reference_rate,fx,reference,https://data-api.ecb.europa.eu/service/data/EXR/D.CNY+USD.EUR.SP00.A?startPeriod=2023-01-01&format=csvdata,1.0,ECB EXR CNY/EUR ÷ USD/EUR,confirmed,derived,day
2025-12-23,2025-12-23,ecb_fx,ecb,1,fx.usdcny,,7.028084167656542,CNY,per USD,reference_rate,fx,reference,https://data-api.ecb.europa.eu/service/data/EXR/D.CNY+USD.EUR.SP00.A?startPeriod=2023-01-01&format=csvdata,1.0,ECB EXR CNY/EUR ÷ USD/EUR,confirmed,derived,day
2025-12-24,2025-12-24,ecb_fx,ecb,1,fx.usdcny,,7.014422669042164,CNY,per USD,reference_rate,fx,reference,https://data-api.ecb.europa.eu/service/data/EXR/D.CNY+USD.EUR.SP00.A?startPeriod=2023-01-01&format=csvdata,1.0,ECB EXR CNY/EUR ÷ USD/EUR,confirmed,derived,day
2025-12-29,2025-12-29,ecb_fx,ecb,1,fx.usdcny,,7.006459289478157,CNY,per USD,reference_rate,fx,reference,https://data-api.ecb.europa.eu/service/data/EXR/D.CNY+USD.EUR.SP00.A?startPeriod=2023-01-01&format=csvdata,1.0,ECB EXR CNY/EUR ÷ USD/EUR,confirmed,derived,day
2025-12-30,2025-12-30,ecb_fx,ecb,1,fx.usdcny,,6.992940375946246,CNY,per USD,reference_rate,fx,reference,https://data-api.ecb.europa.eu/service/data/EXR/D.CNY+USD.EUR.SP00.A?startPeriod=2023-01-01&format=csvdata,1.0,ECB EXR CNY/EUR ÷ USD/EUR,confirmed,derived,day
2025-12-31,2025-12-31,ecb_fx,ecb,1,fx.usdcny,,7.001021276595745,CNY,per USD,reference_rate,fx,reference,https://data-api.ecb.europa.eu/service/data/EXR/D.CNY+USD.EUR.SP00.A?startPeriod=2023-01-01&format=csvdata,1.0,ECB EXR CNY/EUR ÷ USD/EUR,confirmed,derived,day
2026-01-02,2026-01-02,ecb_fx,ecb,1,fx.usdcny,,6.993686545516595,CNY,per USD,reference_rate,fx,reference,https://data-api.ecb.europa.eu/service/data/EXR/D.CNY+USD.EUR.SP00.A?startPeriod=2023-01-01&format=csvdata,1.0,ECB EXR CNY/EUR ÷ USD/EUR,confirmed,derived,day
2026-01-05,2026-01-05,ecb_fx,ecb,1,fx.usdcny,,6.9854252400548695,CNY,per USD,reference_rate,fx,reference,https://data-api.ecb.europa.eu/service/data/EXR/D.CNY+USD.EUR.SP00.A?startPeriod=2023-01-01&format=csvdata,1.0,ECB EXR CNY/EUR ÷ USD/EUR,confirmed,derived,day
2026-01-06,2026-01-06,ecb_fx,ecb,1,fx.usdcny,,6.98436832664218,CNY,per USD,reference_rate,fx,reference,https://data-api.ecb.europa.eu/service/data/EXR/D.CNY+USD.EUR.SP00.A?startPeriod=2023-01-01&format=csvdata,1.0,ECB EXR CNY/EUR ÷ USD/EUR,confirmed,derived,day
2026-01-07,2026-01-07,ecb_fx,ecb,1,fx.usdcny,,6.991184525847312,CNY,per USD,reference_rate,fx,reference,https://data-api.ecb.europa.eu/service/data/EXR/D.CNY+USD.EUR.SP00.A?startPeriod=2023-01-01&format=csvdata,1.0,ECB EXR CNY/EUR ÷ USD/EUR,confirmed,derived,day
2026-01-08,2026-01-08,ecb_fx,ecb,1,fx.usdcny,,6.981841541755889,CNY,per USD,reference_rate,fx,reference,https://data-api.ecb.europa.eu/service/data/EXR/D.CNY+USD.EUR.SP00.A?startPeriod=2023-01-01&format=csvdata,1.0,ECB EXR CNY/EUR ÷ USD/EUR,confirmed,derived,day
2026-01-09,2026-01-09,ecb_fx,ecb,1,fx.usdcny,,6.982305445799692,CNY,per USD,reference_rate,fx,reference,https://data-api.ecb.europa.eu/service/data/EXR/D.CNY+USD.EUR.SP00.A?startPeriod=2023-01-01&format=csvdata,1.0,ECB EXR CNY/EUR ÷ USD/EUR,confirmed,derived,day
2026-01-12,2026-01-12,ecb_fx,ecb,1,fx.usdcny,,6.973058501539515,CNY,per USD,reference_rate,fx,reference,https://data-api.ecb.europa.eu/service/data/EXR/D.CNY+USD.EUR.SP00.A?startPeriod=2023-01-01&format=csvdata,1.0,ECB EXR CNY/EUR ÷ USD/EUR,confirmed,derived,day
2026-01-13,2026-01-13,ecb_fx,ecb,1,fx.usdcny,,6.975630684743436,CNY,per USD,reference_rate,fx,reference,https://data-api.ecb.europa.eu/service/data/EXR/D.CNY+USD.EUR.SP00.A?startPeriod=2023-01-01&format=csvdata,1.0,ECB EXR CNY/EUR ÷ USD/EUR,confirmed,derived,day
2026-01-14,2026-01-14,ecb_fx,ecb,1,fx.usdcny,,6.973392841816153,CNY,per USD,reference_rate,fx,reference,https://data-api.ecb.europa.eu/service/data/EXR/D.CNY+USD.EUR.SP00.A?startPeriod=2023-01-01&format=csvdata,1.0,ECB EXR CNY/EUR ÷ USD/EUR,confirmed,derived,day
2026-01-15,2026-01-15,ecb_fx,ecb,1,fx.usdcny,,6.967309015829319,CNY,per USD,reference_rate,fx,reference,https://data-api.ecb.europa.eu/service/data/EXR/D.CNY+USD.EUR.SP00.A?startPeriod=2023-01-01&format=csvdata,1.0,ECB EXR CNY/EUR ÷ USD/EUR,confirmed,derived,day
2026-01-16,2026-01-16,ecb_fx,ecb,1,fx.usdcny,,6.969699578204356,CNY,per USD,reference_rate,fx,reference,https://data-api.ecb.europa.eu/service/data/EXR/D.CNY+USD.EUR.SP00.A?startPeriod=2023-01-01&format=csvdata,1.0,ECB EXR CNY/EUR ÷ USD/EUR,confirmed,derived,day
2026-01-19,2026-01-19,ecb_fx,ecb,1,fx.usdcny,,6.963373742584472,CNY,per USD,reference_rate,fx,reference,https://data-api.ecb.europa.eu/service/data/EXR/D.CNY+USD.EUR.SP00.A?startPeriod=2023-01-01&format=csvdata,1.0,ECB EXR CNY/EUR ÷ USD/EUR,confirmed,derived,day
2026-01-20,2026-01-20,ecb_fx,ecb,1,fx.usdcny,,6.958901773533424,CNY,per USD,reference_rate,fx,reference,https://data-api.ecb.europa.eu/service/data/EXR/D.CNY+USD.EUR.SP00.A?startPeriod=2023-01-01&format=csvdata,1.0,ECB EXR CNY/EUR ÷ USD/EUR,confirmed,derived,day
2026-01-21,2026-01-21,ecb_fx,ecb,1,fx.usdcny,,6.963881080160149,CNY,per USD,reference_rate,fx,reference,https://data-api.ecb.europa.eu/service/data/EXR/D.CNY+USD.EUR.SP00.A?startPeriod=2023-01-01&format=csvdata,1.0,ECB EXR CNY/EUR ÷ USD/EUR,confirmed,derived,day
2026-01-22,2026-01-22,ecb_fx,ecb,1,fx.usdcny,,6.975738937297113,CNY,per USD,reference_rate,fx,reference,https://data-api.ecb.europa.eu/service/data/EXR/D.CNY+USD.EUR.SP00.A?startPeriod=2023-01-01&format=csvdata,1.0,ECB EXR CNY/EUR ÷ USD/EUR,confirmed,derived,day
2026-01-23,2026-01-23,ecb_fx,ecb,1,fx.usdcny,,6.96457162323284,CNY,per USD,reference_rate,fx,reference,https://data-api.ecb.europa.eu/service/data/EXR/D.CNY+USD.EUR.SP00.A?startPeriod=2023-01-01&format=csvdata,1.0,ECB EXR CNY/EUR ÷ USD/EUR,confirmed,derived,day
2026-01-26,2026-01-26,ecb_fx,ecb,1,fx.usdcny,,6.954376478540047,CNY,per USD,reference_rate,fx,reference,https://data-api.ecb.europa.eu/service/data/EXR/D.CNY+USD.EUR.SP00.A?startPeriod=2023-01-01&format=csvdata,1.0,ECB EXR CNY/EUR ÷ USD/EUR,confirmed,derived,day
2026-01-27,2026-01-27,ecb_fx,ecb,1,fx.usdcny,,6.954815994634923,CNY,per USD,reference_rate,fx,reference,https://data-api.ecb.europa.eu/service/data/EXR/D.CNY+USD.EUR.SP00.A?startPeriod=2023-01-01&format=csvdata,1.0,ECB EXR CNY/EUR ÷ USD/EUR,confirmed,derived,day
2026-01-28,2026-01-28,ecb_fx,ecb,1,fx.usdcny,,6.94638383163521,CNY,per USD,reference_rate,fx,reference,https://data-api.ecb.europa.eu/service/data/EXR/D.CNY+USD.EUR.SP00.A?startPeriod=2023-01-01&format=csvdata,1.0,ECB EXR CNY/EUR ÷ USD/EUR,confirmed,derived,day
2026-01-29,2026-01-29,ecb_fx,ecb,1,fx.usdcny,,6.946189839572192,CNY,per USD,reference_rate,fx,reference,https://data-api.ecb.europa.eu/service/data/EXR/D.CNY+USD.EUR.SP00.A?startPeriod=2023-01-01&format=csvdata,1.0,ECB EXR CNY/EUR ÷ USD/EUR,confirmed,derived,day
2026-01-30,2026-01-30,ecb_fx,ecb,1,fx.usdcny,,6.949744106049166,CNY,per USD,reference_rate,fx,reference,https://data-api.ecb.europa.eu/service/data/EXR/D.CNY+USD.EUR.SP00.A?startPeriod=2023-01-01&format=csvdata,1.0,ECB EXR CNY/EUR ÷ USD/EUR,confirmed,derived,day
2026-02-02,2026-02-02,ecb_fx,ecb,1,fx.usdcny,,6.943412162162162,CNY,per USD,reference_rate,fx,reference,https://data-api.ecb.europa.eu/service/data/EXR/D.CNY+USD.EUR.SP00.A?startPeriod=2023-01-01&format=csvdata,1.0,ECB EXR CNY/EUR ÷ USD/EUR,confirmed,derived,day
2026-02-03,2026-02-03,ecb_fx,ecb,1,fx.usdcny,,6.938140835522414,CNY,per USD,reference_rate,fx,reference,https://data-api.ecb.europa.eu/service/data/EXR/D.CNY+USD.EUR.SP00.A?startPeriod=2023-01-01&format=csvdata,1.0,ECB EXR CNY/EUR ÷ USD/EUR,confirmed,derived,day
2026-02-04,2026-02-04,ecb_fx,ecb,1,fx.usdcny,,6.9417089678511,CNY,per USD,reference_rate,fx,reference,https://data-api.ecb.europa.eu/service/data/EXR/D.CNY+USD.EUR.SP00.A?startPeriod=2023-01-01&format=csvdata,1.0,ECB EXR CNY/EUR ÷ USD/EUR,confirmed,derived,day
2026-02-05,2026-02-05,ecb_fx,ecb,1,fx.usdcny,,6.939226987625021,CNY,per USD,reference_rate,fx,reference,https://data-api.ecb.europa.eu/service/data/EXR/D.CNY+USD.EUR.SP00.A?startPeriod=2023-01-01&format=csvdata,1.0,ECB EXR CNY/EUR ÷ USD/EUR,confirmed,derived,day
2026-02-06,2026-02-06,ecb_fx,ecb,1,fx.usdcny,,6.9389520094963535,CNY,per USD,reference_rate,fx,reference,https://data-api.ecb.europa.eu/service/data/EXR/D.CNY+USD.EUR.SP00.A?startPeriod=2023-01-01&format=csvdata,1.0,ECB EXR CNY/EUR ÷ USD/EUR,confirmed,derived,day
2026-02-09,2026-02-09,ecb_fx,ecb,1,fx.usdcny,,6.922513881877839,CNY,per USD,reference_rate,fx,reference,https://data-api.ecb.europa.eu/service/data/EXR/D.CNY+USD.EUR.SP00.A?startPeriod=2023-01-01&format=csvdata,1.0,ECB EXR CNY/EUR ÷ USD/EUR,confirmed,derived,day
2026-02-10,2026-02-10,ecb_fx,ecb,1,fx.usdcny,,6.9148310072305375,CNY,per USD,reference_rate,fx,reference,https://data-api.ecb.europa.eu/service/data/EXR/D.CNY+USD.EUR.SP00.A?startPeriod=2023-01-01&format=csvdata,1.0,ECB EXR CNY/EUR ÷ USD/EUR,confirmed,derived,day
2026-02-11,2026-02-11,ecb_fx,ecb,1,fx.usdcny,,6.911344537815127,CNY,per USD,reference_rate,fx,reference,https://data-api.ecb.europa.eu/service/data/EXR/D.CNY+USD.EUR.SP00.A?startPeriod=2023-01-01&format=csvdata,1.0,ECB EXR CNY/EUR ÷ USD/EUR,confirmed,derived,day
2026-02-12,2026-02-12,ecb_fx,ecb,1,fx.usdcny,,6.901128516085565,CNY,per USD,reference_rate,fx,reference,https://data-api.ecb.europa.eu/service/data/EXR/D.CNY+USD.EUR.SP00.A?startPeriod=2023-01-01&format=csvdata,1.0,ECB EXR CNY/EUR ÷ USD/EUR,confirmed,derived,day
2026-02-13,2026-02-13,ecb_fx,ecb,1,fx.usdcny,,6.908615747765976,CNY,per USD,reference_rate,fx,reference,https://data-api.ecb.europa.eu/service/data/EXR/D.CNY+USD.EUR.SP00.A?startPeriod=2023-01-01&format=csvdata,1.0,ECB EXR CNY/EUR ÷ USD/EUR,confirmed,derived,day
2026-02-16,2026-02-16,ecb_fx,ecb,1,fx.usdcny,,6.908646140868832,CNY,per USD,reference_rate,fx,reference,https://data-api.ecb.europa.eu/service/data/EXR/D.CNY+USD.EUR.SP00.A?startPeriod=2023-01-01&format=csvdata,1.0,ECB EXR CNY/EUR ÷ USD/EUR,confirmed,derived,day
2026-02-17,2026-02-17,ecb_fx,ecb,1,fx.usdcny,,6.908675799086757,CNY,per USD,reference_rate,fx,reference,https://data-api.ecb.europa.eu/service/data/EXR/D.CNY+USD.EUR.SP00.A?startPeriod=2023-01-01&format=csvdata,1.0,ECB EXR CNY/EUR ÷ USD/EUR,confirmed,derived,day
2026-02-18,2026-02-18,ecb_fx,ecb,1,fx.usdcny,,6.908653440270155,CNY,per USD,reference_rate,fx,reference,https://data-api.ecb.europa.eu/service/data/EXR/D.CNY+USD.EUR.SP00.A?startPeriod=2023-01-01&format=csvdata,1.0,ECB EXR CNY/EUR ÷ USD/EUR,confirmed,derived,day
2026-02-19,2026-02-19,ecb_fx,ecb,1,fx.usdcny,,6.9086190759806,CNY,per USD,reference_rate,fx,reference,https://data-api.ecb.europa.eu/service/data/EXR/D.CNY+USD.EUR.SP00.A?startPeriod=2023-01-01&format=csvdata,1.0,ECB EXR CNY/EUR ÷ USD/EUR,confirmed,derived,day
2026-02-20,2026-02-20,ecb_fx,ecb,1,fx.usdcny,,6.908642814651143,CNY,per USD,reference_rate,fx,reference,https://data-api.ecb.europa.eu/service/data/EXR/D.CNY+USD.EUR.SP00.A?startPeriod=2023-01-01&format=csvdata,1.0,ECB EXR CNY/EUR ÷ USD/EUR,confirmed,derived,day
2026-02-23,2026-02-23,ecb_fx,ecb,1,fx.usdcny,,6.908689748811948,CNY,per USD,reference_rate,fx,reference,https://data-api.ecb.europa.eu/service/data/EXR/D.CNY+USD.EUR.SP00.A?startPeriod=2023-01-01&format=csvdata,1.0,ECB EXR CNY/EUR ÷ USD/EUR,confirmed,derived,day
2026-02-24,2026-02-24,ecb_fx,ecb,1,fx.usdcny,,6.881718604058759,CNY,per USD,reference_rate,fx,reference,https://data-api.ecb.europa.eu/service/data/EXR/D.CNY+USD.EUR.SP00.A?startPeriod=2023-01-01&format=csvdata,1.0,ECB EXR CNY/EUR ÷ USD/EUR,confirmed,derived,day
2026-02-25,2026-02-25,ecb_fx,ecb,1,fx.usdcny,,6.869484046164292,CNY,per USD,reference_rate,fx,reference,https://data-api.ecb.europa.eu/service/data/EXR/D.CNY+USD.EUR.SP00.A?startPeriod=2023-01-01&format=csvdata,1.0,ECB EXR CNY/EUR ÷ USD/EUR,confirmed,derived,day
2026-02-26,2026-02-26,ecb_fx,ecb,1,fx.usdcny,,6.84128999492128,CNY,per USD,reference_rate,fx,reference,https://data-api.ecb.europa.eu/service/data/EXR/D.CNY+USD.EUR.SP00.A?startPeriod=2023-01-01&format=csvdata,1.0,ECB EXR CNY/EUR ÷ USD/EUR,confirmed,derived,day
2026-02-27,2026-02-27,ecb_fx,ecb,1,fx.usdcny,,6.858195679796696,CNY,per USD,reference_rate,fx,reference,https://data-api.ecb.europa.eu/service/data/EXR/D.CNY+USD.EUR.SP00.A?startPeriod=2023-01-01&format=csvdata,1.0,ECB EXR CNY/EUR ÷ USD/EUR,confirmed,derived,day
2026-03-02,2026-03-02,ecb_fx,ecb,1,fx.usdcny,,6.882544024619593,CNY,per USD,reference_rate,fx,reference,https://data-api.ecb.europa.eu/service/data/EXR/D.CNY+USD.EUR.SP00.A?startPeriod=2023-01-01&format=csvdata,1.0,ECB EXR CNY/EUR ÷ USD/EUR,confirmed,derived,day
2026-03-03,2026-03-03,ecb_fx,ecb,1,fx.usdcny,,6.907633982422884,CNY,per USD,reference_rate,fx,reference,https://data-api.ecb.europa.eu/service/data/EXR/D.CNY+USD.EUR.SP00.A?startPeriod=2023-01-01&format=csvdata,1.0,ECB EXR CNY/EUR ÷ USD/EUR,confirmed,derived,day
2026-03-04,2026-03-04,ecb_fx,ecb,1,fx.usdcny,,6.897330242939309,CNY,per USD,reference_rate,fx,reference,https://data-api.ecb.europa.eu/service/data/EXR/D.CNY+USD.EUR.SP00.A?startPeriod=2023-01-01&format=csvdata,1.0,ECB EXR CNY/EUR ÷ USD/EUR,confirmed,derived,day
2026-03-05,2026-03-05,ecb_fx,ecb,1,fx.usdcny,,6.901101738681357,CNY,per USD,reference_rate,fx,reference,https://data-api.ecb.europa.eu/service/data/EXR/D.CNY+USD.EUR.SP00.A?startPeriod=2023-01-01&format=csvdata,1.0,ECB EXR CNY/EUR ÷ USD/EUR,confirmed,derived,day
2026-03-06,2026-03-06,ecb_fx,ecb,1,fx.usdcny,,6.904679525992561,CNY,per USD,reference_rate,fx,reference,https://data-api.ecb.europa.eu/service/data/EXR/D.CNY+USD.EUR.SP00.A?startPeriod=2023-01-01&format=csvdata,1.0,ECB EXR CNY/EUR ÷ USD/EUR,confirmed,derived,day
2026-03-09,2026-03-09,ecb_fx,ecb,1,fx.usdcny,,6.91726525313717,CNY,per USD,reference_rate,fx,reference,https://data-api.ecb.europa.eu/service/data/EXR/D.CNY+USD.EUR.SP00.A?startPeriod=2023-01-01&format=csvdata,1.0,ECB EXR CNY/EUR ÷ USD/EUR,confirmed,derived,day
2026-03-10,2026-03-10,ecb_fx,ecb,1,fx.usdcny,,6.877158319731982,CNY,per USD,reference_rate,fx,reference,https://data-api.ecb.europa.eu/service/data/EXR/D.CNY+USD.EUR.SP00.A?startPeriod=2023-01-01&format=csvdata,1.0,ECB EXR CNY/EUR ÷ USD/EUR,confirmed,derived,day
2026-03-11,2026-03-11,ecb_fx,ecb,1,fx.usdcny,,6.866246438131423,CNY,per USD,reference_rate,fx,reference,https://data-api.ecb.europa.eu/service/data/EXR/D.CNY+USD.EUR.SP00.A?startPeriod=2023-01-01&format=csvdata,1.0,ECB EXR CNY/EUR ÷ USD/EUR,confirmed,derived,day
2026-03-12,2026-03-12,ecb_fx,ecb,1,fx.usdcny,,6.8689702953148,CNY,per USD,reference_rate,fx,reference,https://data-api.ecb.europa.eu/service/data/EXR/D.CNY+USD.EUR.SP00.A?startPeriod=2023-01-01&format=csvdata,1.0,ECB EXR CNY/EUR ÷ USD/EUR,confirmed,derived,day
2026-03-13,2026-03-13,ecb_fx,ecb,1,fx.usdcny,,6.896566747995818,CNY,per USD,reference_rate,fx,reference,https://data-api.ecb.europa.eu/service/data/EXR/D.CNY+USD.EUR.SP00.A?startPeriod=2023-01-01&format=csvdata,1.0,ECB EXR CNY/EUR ÷ USD/EUR,confirmed,derived,day
2026-03-16,2026-03-16,ecb_fx,ecb,1,fx.usdcny,,6.896149154905036,CNY,per USD,reference_rate,fx,reference,https://data-api.ecb.europa.eu/service/data/EXR/D.CNY+USD.EUR.SP00.A?startPeriod=2023-01-01&format=csvdata,1.0,ECB EXR CNY/EUR ÷ USD/EUR,confirmed,derived,day
2026-03-17,2026-03-17,ecb_fx,ecb,1,fx.usdcny,,6.886826814673489,CNY,per USD,reference_rate,fx,reference,https://data-api.ecb.europa.eu/service/data/EXR/D.CNY+USD.EUR.SP00.A?startPeriod=2023-01-01&format=csvdata,1.0,ECB EXR CNY/EUR ÷ USD/EUR,confirmed,derived,day
2026-03-18,2026-03-18,ecb_fx,ecb,1,fx.usdcny,,6.888173913043479,CNY,per USD,reference_rate,fx,reference,https://data-api.ecb.europa.eu/service/data/EXR/D.CNY+USD.EUR.SP00.A?startPeriod=2023-01-01&format=csvdata,1.0,ECB EXR CNY/EUR ÷ USD/EUR,confirmed,derived,day
2026-03-19,2026-03-19,ecb_fx,ecb,1,fx.usdcny,,6.900426494908173,CNY,per USD,reference_rate,fx,reference,https://data-api.ecb.europa.eu/service/data/EXR/D.CNY+USD.EUR.SP00.A?startPeriod=2023-01-01&format=csvdata,1.0,ECB EXR CNY/EUR ÷ USD/EUR,confirmed,derived,day
2026-03-20,2026-03-20,ecb_fx,ecb,1,fx.usdcny,,6.894331458243185,CNY,per USD,reference_rate,fx,reference,https://data-api.ecb.europa.eu/service/data/EXR/D.CNY+USD.EUR.SP00.A?startPeriod=2023-01-01&format=csvdata,1.0,ECB EXR CNY/EUR ÷ USD/EUR,confirmed,derived,day
2026-03-23,2026-03-23,ecb_fx,ecb,1,fx.usdcny,,6.891686788547776,CNY,per USD,reference_rate,fx,reference,https://data-api.ecb.europa.eu/service/data/EXR/D.CNY+USD.EUR.SP00.A?startPeriod=2023-01-01&format=csvdata,1.0,ECB EXR CNY/EUR ÷ USD/EUR,confirmed,derived,day
2026-03-24,2026-03-24,ecb_fx,ecb,1,fx.usdcny,,6.893363290701694,CNY,per USD,reference_rate,fx,reference,https://data-api.ecb.europa.eu/service/data/EXR/D.CNY+USD.EUR.SP00.A?startPeriod=2023-01-01&format=csvdata,1.0,ECB EXR CNY/EUR ÷ USD/EUR,confirmed,derived,day
2026-03-25,2026-03-25,ecb_fx,ecb,1,fx.usdcny,,6.899499654934437,CNY,per USD,reference_rate,fx,reference,https://data-api.ecb.europa.eu/service/data/EXR/D.CNY+USD.EUR.SP00.A?startPeriod=2023-01-01&format=csvdata,1.0,ECB EXR CNY/EUR ÷ USD/EUR,confirmed,derived,day
2026-03-26,2026-03-26,ecb_fx,ecb,1,fx.usdcny,,6.910217523182252,CNY,per USD,reference_rate,fx,reference,https://data-api.ecb.europa.eu/service/data/EXR/D.CNY+USD.EUR.SP00.A?startPeriod=2023-01-01&format=csvdata,1.0,ECB EXR CNY/EUR ÷ USD/EUR,confirmed,derived,day
2026-03-27,2026-03-27,ecb_fx,ecb,1,fx.usdcny,,6.913779630112009,CNY,per USD,reference_rate,fx,reference,https://data-api.ecb.europa.eu/service/data/EXR/D.CNY+USD.EUR.SP00.A?startPeriod=2023-01-01&format=csvdata,1.0,ECB EXR CNY/EUR ÷ USD/EUR,confirmed,derived,day
2026-03-30,2026-03-30,ecb_fx,ecb,1,fx.usdcny,,6.911354928596308,CNY,per USD,reference_rate,fx,reference,https://data-api.ecb.europa.eu/service/data/EXR/D.CNY+USD.EUR.SP00.A?startPeriod=2023-01-01&format=csvdata,1.0,ECB EXR CNY/EUR ÷ USD/EUR,confirmed,derived,day
2026-03-31,2026-03-31,ecb_fx,ecb,1,fx.usdcny,,6.900417463906766,CNY,per USD,reference_rate,fx,reference,https://data-api.ecb.europa.eu/service/data/EXR/D.CNY+USD.EUR.SP00.A?startPeriod=2023-01-01&format=csvdata,1.0,ECB EXR CNY/EUR ÷ USD/EUR,confirmed,derived,day
2026-04-01,2026-04-01,ecb_fx,ecb,1,fx.usdcny,,6.873847479534683,CNY,per USD,reference_rate,fx,reference,https://data-api.ecb.europa.eu/service/data/EXR/D.CNY+USD.EUR.SP00.A?startPeriod=2023-01-01&format=csvdata,1.0,ECB EXR CNY/EUR ÷ USD/EUR,confirmed,derived,day
2026-04-02,2026-04-02,ecb_fx,ecb,1,fx.usdcny,,6.89761388286334,CNY,per USD,reference_rate,fx,reference,https://data-api.ecb.europa.eu/service/data/EXR/D.CNY+USD.EUR.SP00.A?startPeriod=2023-01-01&format=csvdata,1.0,ECB EXR CNY/EUR ÷ USD/EUR,confirmed,derived,day
2026-04-07,2026-04-07,ecb_fx,ecb,1,fx.usdcny,,6.857402440079605,CNY,per USD,reference_rate,fx,reference,https://data-api.ecb.europa.eu/service/data/EXR/D.CNY+USD.EUR.SP00.A?startPeriod=2023-01-01&format=csvdata,1.0,ECB EXR CNY/EUR ÷ USD/EUR,confirmed,derived,day
2026-04-08,2026-04-08,ecb_fx,ecb,1,fx.usdcny,,6.82966000341705,CNY,per USD,reference_rate,fx,reference,https://data-api.ecb.europa.eu/service/data/EXR/D.CNY+USD.EUR.SP00.A?startPeriod=2023-01-01&format=csvdata,1.0,ECB EXR CNY/EUR ÷ USD/EUR,confirmed,derived,day
2026-04-09,2026-04-09,ecb_fx,ecb,1,fx.usdcny,,6.834659820282413,CNY,per USD,reference_rate,fx,reference,https://data-api.ecb.europa.eu/service/data/EXR/D.CNY+USD.EUR.SP00.A?startPeriod=2023-01-01&format=csvdata,1.0,ECB EXR CNY/EUR ÷ USD/EUR,confirmed,derived,day
2026-04-10,2026-04-10,ecb_fx,ecb,1,fx.usdcny,,6.828366493040731,CNY,per USD,reference_rate,fx,reference,https://data-api.ecb.europa.eu/service/data/EXR/D.CNY+USD.EUR.SP00.A?startPeriod=2023-01-01&format=csvdata,1.0,ECB EXR CNY/EUR ÷ USD/EUR,confirmed,derived,day
2026-04-13,2026-04-13,ecb_fx,ecb,1,fx.usdcny,,6.832163642588155,CNY,per USD,reference_rate,fx,reference,https://data-api.ecb.europa.eu/service/data/EXR/D.CNY+USD.EUR.SP00.A?startPeriod=2023-01-01&format=csvdata,1.0,ECB EXR CNY/EUR ÷ USD/EUR,confirmed,derived,day
2026-04-14,2026-04-14,ecb_fx,ecb,1,fx.usdcny,,6.815822945815315,CNY,per USD,reference_rate,fx,reference,https://data-api.ecb.europa.eu/service/data/EXR/D.CNY+USD.EUR.SP00.A?startPeriod=2023-01-01&format=csvdata,1.0,ECB EXR CNY/EUR ÷ USD/EUR,confirmed,derived,day
2026-04-15,2026-04-15,ecb_fx,ecb,1,fx.usdcny,,6.82113752122241,CNY,per USD,reference_rate,fx,reference,https://data-api.ecb.europa.eu/service/data/EXR/D.CNY+USD.EUR.SP00.A?startPeriod=2023-01-01&format=csvdata,1.0,ECB EXR CNY/EUR ÷ USD/EUR,confirmed,derived,day
2026-04-16,2026-04-16,ecb_fx,ecb,1,fx.usdcny,,6.821252758445086,CNY,per USD,reference_rate,fx,reference,https://data-api.ecb.europa.eu/service/data/EXR/D.CNY+USD.EUR.SP00.A?startPeriod=2023-01-01&format=csvdata,1.0,ECB EXR CNY/EUR ÷ USD/EUR,confirmed,derived,day
2026-04-17,2026-04-17,ecb_fx,ecb,1,fx.usdcny,,6.822327710434856,CNY,per USD,reference_rate,fx,reference,https://data-api.ecb.europa.eu/service/data/EXR/D.CNY+USD.EUR.SP00.A?startPeriod=2023-01-01&format=csvdata,1.0,ECB EXR CNY/EUR ÷ USD/EUR,confirmed,derived,day
2026-04-20,2026-04-20,ecb_fx,ecb,1,fx.usdcny,,6.817687074829932,CNY,per USD,reference_rate,fx,reference,https://data-api.ecb.europa.eu/service/data/EXR/D.CNY+USD.EUR.SP00.A?startPeriod=2023-01-01&format=csvdata,1.0,ECB EXR CNY/EUR ÷ USD/EUR,confirmed,derived,day
2026-04-21,2026-04-21,ecb_fx,ecb,1,fx.usdcny,,6.815840911022351,CNY,per USD,reference_rate,fx,reference,https://data-api.ecb.europa.eu/service/data/EXR/D.CNY+USD.EUR.SP00.A?startPeriod=2023-01-01&format=csvdata,1.0,ECB EXR CNY/EUR ÷ USD/EUR,confirmed,derived,day
2026-04-22,2026-04-22,ecb_fx,ecb,1,fx.usdcny,,6.824426830307679,CNY,per USD,reference_rate,fx,reference,https://data-api.ecb.europa.eu/service/data/EXR/D.CNY+USD.EUR.SP00.A?startPeriod=2023-01-01&format=csvdata,1.0,ECB EXR CNY/EUR ÷ USD/EUR,confirmed,derived,day
2026-04-23,2026-04-23,ecb_fx,ecb,1,fx.usdcny,,6.834958098170001,CNY,per USD,reference_rate,fx,reference,https://data-api.ecb.europa.eu/service/data/EXR/D.CNY+USD.EUR.SP00.A?startPeriod=2023-01-01&format=csvdata,1.0,ECB EXR CNY/EUR ÷ USD/EUR,confirmed,derived,day
2026-04-24,2026-04-24,ecb_fx,ecb,1,fx.usdcny,,6.836321721311475,CNY,per USD,reference_rate,fx,reference,https://data-api.ecb.europa.eu/service/data/EXR/D.CNY+USD.EUR.SP00.A?startPeriod=2023-01-01&format=csvdata,1.0,ECB EXR CNY/EUR ÷ USD/EUR,confirmed,derived,day
2026-04-27,2026-04-27,ecb_fx,ecb,1,fx.usdcny,,6.823133883734786,CNY,per USD,reference_rate,fx,reference,https://data-api.ecb.europa.eu/service/data/EXR/D.CNY+USD.EUR.SP00.A?startPeriod=2023-01-01&format=csvdata,1.0,ECB EXR CNY/EUR ÷ USD/EUR,confirmed,derived,day
2026-04-28,2026-04-28,ecb_fx,ecb,1,fx.usdcny,,6.838784246575343,CNY,per USD,reference_rate,fx,reference,https://data-api.ecb.europa.eu/service/data/EXR/D.CNY+USD.EUR.SP00.A?startPeriod=2023-01-01&format=csvdata,1.0,ECB EXR CNY/EUR ÷ USD/EUR,confirmed,derived,day
2026-04-29,2026-04-29,ecb_fx,ecb,1,fx.usdcny,,6.833504185887579,CNY,per USD,reference_rate,fx,reference,https://data-api.ecb.europa.eu/service/data/EXR/D.CNY+USD.EUR.SP00.A?startPeriod=2023-01-01&format=csvdata,1.0,ECB EXR CNY/EUR ÷ USD/EUR,confirmed,derived,day
2026-04-30,2026-04-30,ecb_fx,ecb,1,fx.usdcny,,6.828747222696975,CNY,per USD,reference_rate,fx,reference,https://data-api.ecb.europa.eu/service/data/EXR/D.CNY+USD.EUR.SP00.A?startPeriod=2023-01-01&format=csvdata,1.0,ECB EXR CNY/EUR ÷ USD/EUR,confirmed,derived,day
2026-05-04,2026-05-04,ecb_fx,ecb,1,fx.usdcny,,6.8302564102564105,CNY,per USD,reference_rate,fx,reference,https://data-api.ecb.europa.eu/service/data/EXR/D.CNY+USD.EUR.SP00.A?startPeriod=2023-01-01&format=csvdata,1.0,ECB EXR CNY/EUR ÷ USD/EUR,confirmed,derived,day
2026-05-05,2026-05-05,ecb_fx,ecb,1,fx.usdcny,,6.830224199897312,CNY,per USD,reference_rate,fx,reference,https://data-api.ecb.europa.eu/service/data/EXR/D.CNY+USD.EUR.SP00.A?startPeriod=2023-01-01&format=csvdata,1.0,ECB EXR CNY/EUR ÷ USD/EUR,confirmed,derived,day
2026-05-06,2026-05-06,ecb_fx,ecb,1,fx.usdcny,,6.811171569460977,CNY,per USD,reference_rate,fx,reference,https://data-api.ecb.europa.eu/service/data/EXR/D.CNY+USD.EUR.SP00.A?startPeriod=2023-01-01&format=csvdata,1.0,ECB EXR CNY/EUR ÷ USD/EUR,confirmed,derived,day
2026-05-07,2026-05-07,ecb_fx,ecb,1,fx.usdcny,,6.801869158878505,CNY,per USD,reference_rate,fx,reference,https://data-api.ecb.europa.eu/service/data/EXR/D.CNY+USD.EUR.SP00.A?startPeriod=2023-01-01&format=csvdata,1.0,ECB EXR CNY/EUR ÷ USD/EUR,confirmed,derived,day
2026-05-08,2026-05-08,ecb_fx,ecb,1,fx.usdcny,,6.8012073803248025,CNY,per USD,reference_rate,fx,reference,https://data-api.ecb.europa.eu/service/data/EXR/D.CNY+USD.EUR.SP00.A?startPeriod=2023-01-01&format=csvdata,1.0,ECB EXR CNY/EUR ÷ USD/EUR,confirmed,derived,day
2026-05-11,2026-05-11,ecb_fx,ecb,1,fx.usdcny,,6.796515087122821,CNY,per USD,reference_rate,fx,reference,https://data-api.ecb.europa.eu/service/data/EXR/D.CNY+USD.EUR.SP00.A?startPeriod=2023-01-01&format=csvdata,1.0,ECB EXR CNY/EUR ÷ USD/EUR,confirmed,derived,day
2026-05-12,2026-05-12,ecb_fx,ecb,1,fx.usdcny,,6.792128130857046,CNY,per USD,reference_rate,fx,reference,https://data-api.ecb.europa.eu/service/data/EXR/D.CNY+USD.EUR.SP00.A?startPeriod=2023-01-01&format=csvdata,1.0,ECB EXR CNY/EUR ÷ USD/EUR,confirmed,derived,day
2026-05-13,2026-05-13,ecb_fx,ecb,1,fx.usdcny,,6.790951771233461,CNY,per USD,reference_rate,fx,reference,https://data-api.ecb.europa.eu/service/data/EXR/D.CNY+USD.EUR.SP00.A?startPeriod=2023-01-01&format=csvdata,1.0,ECB EXR CNY/EUR ÷ USD/EUR,confirmed,derived,day
2026-05-14,2026-05-14,ecb_fx,ecb,1,fx.usdcny,,6.7851649290719545,CNY,per USD,reference_rate,fx,reference,https://data-api.ecb.europa.eu/service/data/EXR/D.CNY+USD.EUR.SP00.A?startPeriod=2023-01-01&format=csvdata,1.0,ECB EXR CNY/EUR ÷ USD/EUR,confirmed,derived,day
2026-05-15,2026-05-15,ecb_fx,ecb,1,fx.usdcny,,6.81062951496388,CNY,per USD,reference_rate,fx,reference,https://data-api.ecb.europa.eu/service/data/EXR/D.CNY+USD.EUR.SP00.A?startPeriod=2023-01-01&format=csvdata,1.0,ECB EXR CNY/EUR ÷ USD/EUR,confirmed,derived,day
2026-05-18,2026-05-18,ecb_fx,ecb,1,fx.usdcny,,6.8002232142857135,CNY,per USD,reference_rate,fx,reference,https://data-api.ecb.europa.eu/service/data/EXR/D.CNY+USD.EUR.SP00.A?startPeriod=2023-01-01&format=csvdata,1.0,ECB EXR CNY/EUR ÷ USD/EUR,confirmed,derived,day
2026-05-19,2026-05-19,ecb_fx,ecb,1,fx.usdcny,,6.806110154905336,CNY,per USD,reference_rate,fx,reference,https://data-api.ecb.europa.eu/service/data/EXR/D.CNY+USD.EUR.SP00.A?startPeriod=2023-01-01&format=csvdata,1.0,ECB EXR CNY/EUR ÷ USD/EUR,confirmed,derived,day
2026-05-20,2026-05-20,ecb_fx,ecb,1,fx.usdcny,,6.802758620689656,CNY,per USD,reference_rate,fx,reference,https://data-api.ecb.europa.eu/service/data/EXR/D.CNY+USD.EUR.SP00.A?startPeriod=2023-01-01&format=csvdata,1.0,ECB EXR CNY/EUR ÷ USD/EUR,confirmed,derived,day
2026-05-21,2026-05-21,ecb_fx,ecb,1,fx.usdcny,,6.802224329683594,CNY,per USD,reference_rate,fx,reference,https://data-api.ecb.europa.eu/service/data/EXR/D.CNY+USD.EUR.SP00.A?startPeriod=2023-01-01&format=csvdata,1.0,ECB EXR CNY/EUR ÷ USD/EUR,confirmed,derived,day
2026-05-22,2026-05-22,ecb_fx,ecb,1,fx.usdcny,,6.7952565761103925,CNY,per USD,reference_rate,fx,reference,https://data-api.ecb.europa.eu/service/data/EXR/D.CNY+USD.EUR.SP00.A?startPeriod=2023-01-01&format=csvdata,1.0,ECB EXR CNY/EUR ÷ USD/EUR,confirmed,derived,day
2026-05-25,2026-05-25,ecb_fx,ecb,1,fx.usdcny,,6.784333934552951,CNY,per USD,reference_rate,fx,reference,https://data-api.ecb.europa.eu/service/data/EXR/D.CNY+USD.EUR.SP00.A?startPeriod=2023-01-01&format=csvdata,1.0,ECB EXR CNY/EUR ÷ USD/EUR,confirmed,derived,day
2026-05-26,2026-05-26,ecb_fx,ecb,1,fx.usdcny,,6.785198555956679,CNY,per USD,reference_rate,fx,reference,https://data-api.ecb.europa.eu/service/data/EXR/D.CNY+USD.EUR.SP00.A?startPeriod=2023-01-01&format=csvdata,1.0,ECB EXR CNY/EUR ÷ USD/EUR,confirmed,derived,day
2026-05-27,2026-05-27,ecb_fx,ecb,1,fx.usdcny,,6.782074417805276,CNY,per USD,reference_rate,fx,reference,https://data-api.ecb.europa.eu/service/data/EXR/D.CNY+USD.EUR.SP00.A?startPeriod=2023-01-01&format=csvdata,1.0,ECB EXR CNY/EUR ÷ USD/EUR,confirmed,derived,day
2026-05-28,2026-05-28,ecb_fx,ecb,1,fx.usdcny,,6.77989153826289,CNY,per USD,reference_rate,fx,reference,https://data-api.ecb.europa.eu/service/data/EXR/D.CNY+USD.EUR.SP00.A?startPeriod=2023-01-01&format=csvdata,1.0,ECB EXR CNY/EUR ÷ USD/EUR,confirmed,derived,day
2026-05-29,2026-05-29,ecb_fx,ecb,1,fx.usdcny,,6.766832703538302,CNY,per USD,reference_rate,fx,reference,https://data-api.ecb.europa.eu/service/data/EXR/D.CNY+USD.EUR.SP00.A?startPeriod=2023-01-01&format=csvdata,1.0,ECB EXR CNY/EUR ÷ USD/EUR,confirmed,derived,day
2026-06-01,2026-06-01,ecb_fx,ecb,1,fx.usdcny,,6.765069551777433,CNY,per USD,reference_rate,fx,reference,https://data-api.ecb.europa.eu/service/data/EXR/D.CNY+USD.EUR.SP00.A?startPeriod=2023-01-01&format=csvdata,1.0,ECB EXR CNY/EUR ÷ USD/EUR,confirmed,derived,day
2026-06-02,2026-06-02,ecb_fx,ecb,1,fx.usdcny,,6.762640570006009,CNY,per USD,reference_rate,fx,reference,https://data-api.ecb.europa.eu/service/data/EXR/D.CNY+USD.EUR.SP00.A?startPeriod=2023-01-01&format=csvdata,1.0,ECB EXR CNY/EUR ÷ USD/EUR,confirmed,derived,day
2026-06-03,2026-06-03,ecb_fx,ecb,1,fx.usdcny,,6.769416221801275,CNY,per USD,reference_rate,fx,reference,https://data-api.ecb.europa.eu/service/data/EXR/D.CNY+USD.EUR.SP00.A?startPeriod=2023-01-01&format=csvdata,1.0,ECB EXR CNY/EUR ÷ USD/EUR,confirmed,derived,day
2026-06-04,2026-06-04,ecb_fx,ecb,1,fx.usdcny,,6.773883161512028,CNY,per USD,reference_rate,fx,reference,https://data-api.ecb.europa.eu/service/data/EXR/D.CNY+USD.EUR.SP00.A?startPeriod=2023-01-01&format=csvdata,1.0,ECB EXR CNY/EUR ÷ USD/EUR,confirmed,derived,day
2026-06-05,2026-06-05,ecb_fx,ecb,1,fx.usdcny,,6.765635738831616,CNY,per USD,reference_rate,fx,reference,https://data-api.ecb.europa.eu/service/data/EXR/D.CNY+USD.EUR.SP00.A?startPeriod=2023-01-01&format=csvdata,1.0,ECB EXR CNY/EUR ÷ USD/EUR,confirmed,derived,day
2026-06-08,2026-06-08,ecb_fx,ecb,1,fx.usdcny,,6.781889081455806,CNY,per USD,reference_rate,fx,reference,https://data-api.ecb.europa.eu/service/data/EXR/D.CNY+USD.EUR.SP00.A?startPeriod=2023-01-01&format=csvdata,1.0,ECB EXR CNY/EUR ÷ USD/EUR,confirmed,derived,day
2026-06-09,2026-06-09,ecb_fx,ecb,1,fx.usdcny,,6.771537198652036,CNY,per USD,reference_rate,fx,reference,https://data-api.ecb.europa.eu/service/data/EXR/D.CNY+USD.EUR.SP00.A?startPeriod=2023-01-01&format=csvdata,1.0,ECB EXR CNY/EUR ÷ USD/EUR,confirmed,derived,day
2026-06-10,2026-06-10,ecb_fx,ecb,1,fx.usdcny,,6.780743565300287,CNY,per USD,reference_rate,fx,reference,https://data-api.ecb.europa.eu/service/data/EXR/D.CNY+USD.EUR.SP00.A?startPeriod=2023-01-01&format=csvdata,1.0,ECB EXR CNY/EUR ÷ USD/EUR,confirmed,derived,day
2026-06-11,2026-06-11,ecb_fx,ecb,1,fx.usdcny,,6.777411805495363,CNY,per USD,reference_rate,fx,reference,https://data-api.ecb.europa.eu/service/data/EXR/D.CNY+USD.EUR.SP00.A?startPeriod=2023-01-01&format=csvdata,1.0,ECB EXR CNY/EUR ÷ USD/EUR,confirmed,derived,day
2026-06-12,2026-06-12,ecb_fx,ecb,1,fx.usdcny,,6.7623411429065445,CNY,per USD,reference_rate,fx,reference,https://data-api.ecb.europa.eu/service/data/EXR/D.CNY+USD.EUR.SP00.A?startPeriod=2023-01-01&format=csvdata,1.0,ECB EXR CNY/EUR ÷ USD/EUR,confirmed,derived,day
2026-06-15,2026-06-15,ecb_fx,ecb,1,fx.usdcny,,6.757043163608167,CNY,per USD,reference_rate,fx,reference,https://data-api.ecb.europa.eu/service/data/EXR/D.CNY+USD.EUR.SP00.A?startPeriod=2023-01-01&format=csvdata,1.0,ECB EXR CNY/EUR ÷ USD/EUR,confirmed,derived,day
2026-06-16,2026-06-16,ecb_fx,ecb,1,fx.usdcny,,6.756425737450406,CNY,per USD,reference_rate,fx,reference,https://data-api.ecb.europa.eu/service/data/EXR/D.CNY+USD.EUR.SP00.A?startPeriod=2023-01-01&format=csvdata,1.0,ECB EXR CNY/EUR ÷ USD/EUR,confirmed,derived,day
2026-06-17,2026-06-17,ecb_fx,ecb,1,fx.usdcny,,6.759468553187818,CNY,per USD,reference_rate,fx,reference,https://data-api.ecb.europa.eu/service/data/EXR/D.CNY+USD.EUR.SP00.A?startPeriod=2023-01-01&format=csvdata,1.0,ECB EXR CNY/EUR ÷ USD/EUR,confirmed,derived,day
2026-06-18,2026-06-18,ecb_fx,ecb,1,fx.usdcny,,6.771573161155223,CNY,per USD,reference_rate,fx,reference,https://data-api.ecb.europa.eu/service/data/EXR/D.CNY+USD.EUR.SP00.A?startPeriod=2023-01-01&format=csvdata,1.0,ECB EXR CNY/EUR ÷ USD/EUR,confirmed,derived,day
2026-06-19,2026-06-19,ecb_fx,ecb,1,fx.usdcny,,6.76933810063661,CNY,per USD,reference_rate,fx,reference,https://data-api.ecb.europa.eu/service/data/EXR/D.CNY+USD.EUR.SP00.A?startPeriod=2023-01-01&format=csvdata,1.0,ECB EXR CNY/EUR ÷ USD/EUR,confirmed,derived,day
2026-06-22,2026-06-22,ecb_fx,ecb,1,fx.usdcny,,6.774790502793296,CNY,per USD,reference_rate,fx,reference,https://data-api.ecb.europa.eu/service/data/EXR/D.CNY+USD.EUR.SP00.A?startPeriod=2023-01-01&format=csvdata,1.0,ECB EXR CNY/EUR ÷ USD/EUR,confirmed,derived,day
2026-06-23,2026-06-23,ecb_fx,ecb,1,fx.usdcny,,6.785726825842697,CNY,per USD,reference_rate,fx,reference,https://data-api.ecb.europa.eu/service/data/EXR/D.CNY+USD.EUR.SP00.A?startPeriod=2023-01-01&format=csvdata,1.0,ECB EXR CNY/EUR ÷ USD/EUR,confirmed,derived,day
2026-06-24,2026-06-24,ecb_fx,ecb,1,fx.usdcny,,6.810934744268079,CNY,per USD,reference_rate,fx,reference,https://data-api.ecb.europa.eu/service/data/EXR/D.CNY+USD.EUR.SP00.A?startPeriod=2023-01-01&format=csvdata,1.0,ECB EXR CNY/EUR ÷ USD/EUR,confirmed,derived,day
2026-06-25,2026-06-25,ecb_fx,ecb,1,fx.usdcny,,6.798183741844471,CNY,per USD,reference_rate,fx,reference,https://data-api.ecb.europa.eu/service/data/EXR/D.CNY+USD.EUR.SP00.A?startPeriod=2023-01-01&format=csvdata,1.0,ECB EXR CNY/EUR ÷ USD/EUR,confirmed,derived,day
2026-06-26,2026-06-26,ecb_fx,ecb,1,fx.usdcny,,6.7981755986317,CNY,per USD,reference_rate,fx,reference,https://data-api.ecb.europa.eu/service/data/EXR/D.CNY+USD.EUR.SP00.A?startPeriod=2023-01-01&format=csvdata,1.0,ECB EXR CNY/EUR ÷ USD/EUR,confirmed,derived,day
2026-06-29,2026-06-29,ecb_fx,ecb,1,fx.usdcny,,6.793968086971769,CNY,per USD,reference_rate,fx,reference,https://data-api.ecb.europa.eu/service/data/EXR/D.CNY+USD.EUR.SP00.A?startPeriod=2023-01-01&format=csvdata,1.0,ECB EXR CNY/EUR ÷ USD/EUR,confirmed,derived,day
2026-06-30,2026-06-30,ecb_fx,ecb,1,fx.usdcny,,6.785501140951378,CNY,per USD,reference_rate,fx,reference,https://data-api.ecb.europa.eu/service/data/EXR/D.CNY+USD.EUR.SP00.A?startPeriod=2023-01-01&format=csvdata,1.0,ECB EXR CNY/EUR ÷ USD/EUR,confirmed,derived,day
2026-07-01,2026-07-01,ecb_fx,ecb,1,fx.usdcny,,6.794518141087587,CNY,per USD,reference_rate,fx,reference,https://data-api.ecb.europa.eu/service/data/EXR/D.CNY+USD.EUR.SP00.A?startPeriod=2023-01-01&format=csvdata,1.0,ECB EXR CNY/EUR ÷ USD/EUR,confirmed,derived,day
2026-07-02,2026-07-02,ecb_fx,ecb,1,fx.usdcny,,6.789016580401791,CNY,per USD,reference_rate,fx,reference,https://data-api.ecb.europa.eu/service/data/EXR/D.CNY+USD.EUR.SP00.A?startPeriod=2023-01-01&format=csvdata,1.0,ECB EXR CNY/EUR ÷ USD/EUR,confirmed,derived,day
2026-07-03,2026-07-03,ecb_fx,ecb,1,fx.usdcny,,6.781446540880503,CNY,per USD,reference_rate,fx,reference,https://data-api.ecb.europa.eu/service/data/EXR/D.CNY+USD.EUR.SP00.A?startPeriod=2023-01-01&format=csvdata,1.0,ECB EXR CNY/EUR ÷ USD/EUR,confirmed,derived,day
2026-07-06,2026-07-06,ecb_fx,ecb,1,fx.usdcny,,6.795707402540517,CNY,per USD,reference_rate,fx,reference,https://data-api.ecb.europa.eu/service/data/EXR/D.CNY+USD.EUR.SP00.A?startPeriod=2023-01-01&format=csvdata,1.0,ECB EXR CNY/EUR ÷ USD/EUR,confirmed,derived,day
2026-07-07,2026-07-07,ecb_fx,ecb,1,fx.usdcny,,6.793492521647861,CNY,per USD,reference_rate,fx,reference,https://data-api.ecb.europa.eu/service/data/EXR/D.CNY+USD.EUR.SP00.A?startPeriod=2023-01-01&format=csvdata,1.0,ECB EXR CNY/EUR ÷ USD/EUR,confirmed,derived,day
2026-07-08,2026-07-08,ecb_fx,ecb,1,fx.usdcny,,6.800245527884952,CNY,per USD,reference_rate,fx,reference,https://data-api.ecb.europa.eu/service/data/EXR/D.CNY+USD.EUR.SP00.A?startPeriod=2023-01-01&format=csvdata,1.0,ECB EXR CNY/EUR ÷ USD/EUR,confirmed,derived,day
2026-07-09,2026-07-09,ecb_fx,ecb,1,fx.usdcny,,6.795977262789681,CNY,per USD,reference_rate,fx,reference,https://data-api.ecb.europa.eu/service/data/EXR/D.CNY+USD.EUR.SP00.A?startPeriod=2023-01-01&format=csvdata,1.0,ECB EXR CNY/EUR ÷ USD/EUR,confirmed,derived,day
2026-07-10,2026-07-10,ecb_fx,ecb,1,fx.usdcny,,6.774540682414698,CNY,per USD,reference_rate,fx,reference,https://data-api.ecb.europa.eu/service/data/EXR/D.CNY+USD.EUR.SP00.A?startPeriod=2023-01-01&format=csvdata,1.0,ECB EXR CNY/EUR ÷ USD/EUR,confirmed,derived,day
2026-07-13,2026-07-13,ecb_fx,ecb,1,fx.usdcny,,6.7775735294117645,CNY,per USD,reference_rate,fx,reference,https://data-api.ecb.europa.eu/service/data/EXR/D.CNY+USD.EUR.SP00.A?startPeriod=2023-01-01&format=csvdata,1.0,ECB EXR CNY/EUR ÷ USD/EUR,confirmed,derived,day
2026-07-14,2026-07-14,ecb_fx,ecb,1,fx.usdcny,,6.780096448925909,CNY,per USD,reference_rate,fx,reference,https://data-api.ecb.europa.eu/service/data/EXR/D.CNY+USD.EUR.SP00.A?startPeriod=2023-01-01&format=csvdata,1.0,ECB EXR CNY/EUR ÷ USD/EUR,confirmed,derived,day
2026-07-15,2026-07-15,ecb_fx,ecb,1,fx.usdcny,,6.774329300368227,CNY,per USD,reference_rate,fx,reference,https://data-api.ecb.europa.eu/service/data/EXR/D.CNY+USD.EUR.SP00.A?startPeriod=2023-01-01&format=csvdata,1.0,ECB EXR CNY/EUR ÷ USD/EUR,confirmed,derived,day
2026-07-16,2026-07-16,ecb_fx,ecb,1,fx.usdcny,,6.7668963111537455,CNY,per USD,reference_rate,fx,reference,https://data-api.ecb.europa.eu/service/data/EXR/D.CNY+USD.EUR.SP00.A?startPeriod=2023-01-01&format=csvdata,1.0,ECB EXR CNY/EUR ÷ USD/EUR,confirmed,derived,day
2026-07-17,2026-07-17,ecb_fx,ecb,1,fx.usdcny,,6.777525142107565,CNY,per USD,reference_rate,fx,reference,https://data-api.ecb.europa.eu/service/data/EXR/D.CNY+USD.EUR.SP00.A?startPeriod=2023-01-01&format=csvdata,1.0,ECB EXR CNY/EUR ÷ USD/EUR,confirmed,derived,day
2026-07-20,2026-07-20,ecb_fx,ecb,1,fx.usdcny,,6.766935060388588,CNY,per USD,reference_rate,fx,reference,https://data-api.ecb.europa.eu/service/data/EXR/D.CNY+USD.EUR.SP00.A?startPeriod=2023-01-01&format=csvdata,1.0,ECB EXR CNY/EUR ÷ USD/EUR,confirmed,derived,day
2026-07-21,2026-07-21,ecb_fx,ecb,1,fx.usdcny,,6.766071115782099,CNY,per USD,reference_rate,fx,reference,https://data-api.ecb.europa.eu/service/data/EXR/D.CNY+USD.EUR.SP00.A?startPeriod=2023-01-01&format=csvdata,1.0,ECB EXR CNY/EUR ÷ USD/EUR,confirmed,derived,day
2026-07-22,2026-07-22,ecb_fx,ecb,1,fx.usdcny,,6.77296633941094,CNY,per USD,reference_rate,fx,reference,https://data-api.ecb.europa.eu/service/data/EXR/D.CNY+USD.EUR.SP00.A?startPeriod=2023-01-01&format=csvdata,1.0,ECB EXR CNY/EUR ÷ USD/EUR,confirmed,derived,day
2026-07-23,2026-07-23,ecb_fx,ecb,1,fx.usdcny,,6.77027738764045,CNY,per USD,reference_rate,fx,reference,https://data-api.ecb.europa.eu/service/data/EXR/D.CNY+USD.EUR.SP00.A?startPeriod=2023-01-01&format=csvdata,1.0,ECB EXR CNY/EUR ÷ USD/EUR,confirmed,derived,day
2026-07-24,2026-07-24,ecb_fx,ecb,1,fx.usdcny,,6.7721719258152415,CNY,per USD,reference_rate,fx,reference,https://data-api.ecb.europa.eu/service/data/EXR/D.CNY+USD.EUR.SP00.A?startPeriod=2023-01-01&format=csvdata,1.0,ECB EXR CNY/EUR ÷ USD/EUR,confirmed,derived,day
2026-07-27,2026-07-27,ecb_fx,ecb,1,fx.usdcny,,6.766090086925981,CNY,per USD,reference_rate,fx,reference,https://data-api.ecb.europa.eu/service/data/EXR/D.CNY+USD.EUR.SP00.A?startPeriod=2023-01-01&format=csvdata,1.0,ECB EXR CNY/EUR ÷ USD/EUR,confirmed,derived,day
2026-07-28,2026-07-28,ecb_fx,ecb,1,fx.usdcny,,6.771267704759391,CNY,per USD,reference_rate,fx,reference,https://data-api.ecb.europa.eu/service/data/EXR/D.CNY+USD.EUR.SP00.A?startPeriod=2023-01-01&format=csvdata,1.0,ECB EXR CNY/EUR ÷ USD/EUR,confirmed,derived,day
2026-07-29,2026-07-29,ecb_fx,ecb,1,fx.usdcny,,6.766256590509667,CNY,per USD,reference_rate,fx,reference,https://data-api.ecb.europa.eu/service/data/EXR/D.CNY+USD.EUR.SP00.A?startPeriod=2023-01-01&format=csvdata,1.0,ECB EXR CNY/EUR ÷ USD/EUR,confirmed,derived,day
2026-07-30,2026-07-30,ecb_fx,ecb,1,fx.usdcny,,6.75505402579296,CNY,per USD,reference_rate,fx,reference,https://data-api.ecb.europa.eu/service/data/EXR/D.CNY+USD.EUR.SP00.A?startPeriod=2023-01-01&format=csvdata,1.0,ECB EXR CNY/EUR ÷ USD/EUR,confirmed,derived,day
2026-07-31,2026-07-31,ecb_fx,ecb,1,fx.usdcny,,6.751327818894209,CNY,per USD,reference_rate,fx,reference,https://data-api.ecb.europa.eu/service/data/EXR/D.CNY+USD.EUR.SP00.A?startPeriod=2023-01-01&format=csvdata,1.0,ECB EXR CNY/EUR ÷ USD/EUR,confirmed,derived,day
2026-08-03,2026-08-03,ecb_fx,ecb,1,fx.usdcny,,6.752579107065453,CNY,per USD,reference_rate,fx,reference,https://data-api.ecb.europa.eu/service/data/EXR/D.CNY+USD.EUR.SP00.A?startPeriod=2023-01-01&format=csvdata,1.0,ECB EXR CNY/EUR ÷ USD/EUR,confirmed,derived,day
2026-08-04,2026-08-04,ecb_fx,ecb,1,fx.usdcny,,6.7535388623534525,CNY,per USD,reference_rate,fx,reference,https://data-api.ecb.europa.eu/service/data/EXR/D.CNY+USD.EUR.SP00.A?startPeriod=2023-01-01&format=csvdata,1.0,ECB EXR CNY/EUR ÷ USD/EUR,confirmed,derived,day
2026-08-05,2026-08-05,ecb_fx,ecb,1,fx.usdcny,,6.749956724943742,CNY,per USD,reference_rate,fx,reference,https://data-api.ecb.europa.eu/service/data/EXR/D.CNY+USD.EUR.SP00.A?startPeriod=2023-01-01&format=csvdata,1.0,ECB EXR CNY/EUR ÷ USD/EUR,confirmed,derived,day
2026-08-06,2026-08-06,ecb_fx,ecb,1,fx.usdcny,,6.749090278981113,CNY,per USD,reference_rate,fx,reference,https://data-api.ecb.europa.eu/service/data/EXR/D.CNY+USD.EUR.SP00.A?startPeriod=2023-01-01&format=csvdata,1.0,ECB EXR CNY/EUR ÷ USD/EUR,confirmed,derived,day
2026-08-07,2026-08-07,ecb_fx,ecb,1,fx.usdcny,,6.74763762462072,CNY,per USD,reference_rate,fx,reference,https://data-api.ecb.europa.eu/service/data/EXR/D.CNY+USD.EUR.SP00.A?startPeriod=2023-01-01&format=csvdata,1.0,ECB EXR CNY/EUR ÷ USD/EUR,confirmed,derived,day
2026-08-10,2026-08-10,ecb_fx,ecb,1,fx.usdcny,,6.744353093898745,CNY,per USD,reference_rate,fx,reference,https://data-api.ecb.europa.eu/service/data/EXR/D.CNY+USD.EUR.SP00.A?startPeriod=2023-01-01&format=csvdata,1.0,ECB EXR CNY/EUR ÷ USD/EUR,confirmed,derived,day
2026-08-11,2026-08-11,ecb_fx,ecb,1,fx.usdcny,,6.745320623916811,CNY,per USD,reference_rate,fx,reference,https://data-api.ecb.europa.eu/service/data/EXR/D.CNY+USD.EUR.SP00.A?startPeriod=2023-01-01&format=csvdata,1.0,ECB EXR CNY/EUR ÷ USD/EUR,confirmed,derived,day
2026-08-12,2026-08-12,ecb_fx,ecb,1,fx.usdcny,,6.743178865309657,CNY,per USD,reference_rate,fx,reference,https://data-api.ecb.europa.eu/service/data/EXR/D.CNY+USD.EUR.SP00.A?startPeriod=2023-01-01&format=csvdata,1.0,ECB EXR CNY/EUR ÷ USD/EUR,confirmed,derived,day
2026-08-13,2026-08-13,ecb_fx,ecb,1,fx.usdcny,,6.743020634645396,CNY,per USD,reference_rate,fx,reference,https://data-api.ecb.europa.eu/service/data/EXR/D.CNY+USD.EUR.SP00.A?startPeriod=2023-01-01&format=csvdata,1.0,ECB EXR CNY/EUR ÷ USD/EUR,confirmed,derived,day
2026-08-14,2026-08-14,ecb_fx,ecb,1,fx.usdcny,,6.741333102792426,CNY,per USD,reference_rate,fx,reference,https://data-api.ecb.europa.eu/service/data/EXR/D.CNY+USD.EUR.SP00.A?startPeriod=2023-01-01&format=csvdata,1.0,ECB EXR CNY/EUR ÷ USD/EUR,confirmed,derived,day
2026-08-17,2026-08-17,ecb_fx,ecb,1,fx.usdcny,,6.739411713965324,CNY,per USD,reference_rate,fx,reference,https://data-api.ecb.europa.eu/service/data/EXR/D.CNY+USD.EUR.SP00.A?startPeriod=2023-01-01&format=csvdata,1.0,ECB EXR CNY/EUR ÷ USD/EUR,confirmed,derived,day
2026-08-18,2026-08-18,ecb_fx,ecb,1,fx.usdcny,,6.742311679336559,CNY,per USD,reference_rate,fx,reference,https://data-api.ecb.europa.eu/service/data/EXR/D.CNY+USD.EUR.SP00.A?startPeriod=2023-01-01&format=csvdata,1.0,ECB EXR CNY/EUR ÷ USD/EUR,confirmed,derived,day
2026-08-19,2026-08-19,ecb_fx,ecb,1,fx.usdcny,,6.738216286083584,CNY,per USD,reference_rate,fx,reference,https://data-api.ecb.europa.eu/service/data/EXR/D.CNY+USD.EUR.SP00.A?startPeriod=2023-01-01&format=csvdata,1.0,ECB EXR CNY/EUR ÷ USD/EUR,confirmed,derived,day
2026-08-20,2026-08-20,ecb_fx,ecb,1,fx.usdcny,,6.723568187655166,CNY,per USD,reference_rate,fx,reference,https://data-api.ecb.europa.eu/service/data/EXR/D.CNY+USD.EUR.SP00.A?startPeriod=2023-01-01&format=csvdata,1.0,ECB EXR CNY/EUR ÷ USD/EUR,confirmed,derived,day
2026-08-21,2026-08-21,ecb_fx,ecb,1,fx.usdcny,,6.720574408069066,CNY,per USD,reference_rate,fx,reference,https://data-api.ecb.europa.eu/service/data/EXR/D.CNY+USD.EUR.SP00.A?startPeriod=2023-01-01&format=csvdata,1.0,ECB EXR CNY/EUR ÷ USD/EUR,confirmed,derived,day
2026-08-24,2026-08-24,ecb_fx,ecb,1,fx.usdcny,,6.722736625514403,CNY,per USD,reference_rate,fx,reference,https://data-api.ecb.europa.eu/service/data/EXR/D.CNY+USD.EUR.SP00.A?startPeriod=2023-01-01&format=csvdata,1.0,ECB EXR CNY/EUR ÷ USD/EUR,confirmed,derived,day
2026-08-25,2026-08-25,ecb_fx,ecb,1,fx.usdcny,,6.719773623735208,CNY,per USD,reference_rate,fx,reference,https://data-api.ecb.europa.eu/service/data/EXR/D.CNY+USD.EUR.SP00.A?startPeriod=2023-01-01&format=csvdata,1.0,ECB EXR CNY/EUR ÷ USD/EUR,confirmed,derived,day
2026-08-26,2026-08-26,ecb_fx,ecb,1,fx.usdcny,,6.720541605964521,CNY,per USD,reference_rate,fx,reference,https://data-api.ecb.europa.eu/service/data/EXR/D.CNY+USD.EUR.SP00.A?startPeriod=2023-01-01&format=csvdata,1.0,ECB EXR CNY/EUR ÷ USD/EUR,confirmed,derived,day
2026-08-27,2026-08-27,ecb_fx,ecb,1,fx.usdcny,,6.720309145556032,CNY,per USD,reference_rate,fx,reference,https://data-api.ecb.europa.eu/service/data/EXR/D.CNY+USD.EUR.SP00.A?startPeriod=2023-01-01&format=csvdata,1.0,ECB EXR CNY/EUR ÷ USD/EUR,confirmed,derived,day
2026-08-28,2026-08-28,ecb_fx,ecb,1,fx.usdcny,,6.720862320707722,CNY,per USD,reference_rate,fx,reference,https://data-api.ecb.europa.eu/service/data/EXR/D.CNY+USD.EUR.SP00.A?startPeriod=2026-08-28&format=csvdata,1.0,ECB EXR CNY/EUR ÷ USD/EUR,confirmed,derived,day
2026-08-31,2026-08-31,ecb_fx,ecb,1,fx.usdcny,,6.719730941704037,CNY,per USD,reference_rate,fx,reference,https://data-api.ecb.europa.eu/service/data/EXR/D.CNY+USD.EUR.SP00.A?startPeriod=2026-08-29&format=csvdata,1.0,ECB EXR CNY/EUR ÷ USD/EUR,confirmed,derived,day
2026-09-01,2026-09-01,ecb_fx,ecb,1,fx.usdcny,,6.722260569456428,CNY,per USD,reference_rate,fx,reference,https://data-api.ecb.europa.eu/service/data/EXR/D.CNY+USD.EUR.SP00.A?startPeriod=2026-08-29&format=csvdata,1.0,ECB EXR CNY/EUR ÷ USD/EUR,confirmed,derived,day
2026-09-02,2026-09-02,ecb_fx,ecb,1,fx.usdcny,,6.721540853342546,CNY,per USD,reference_rate,fx,reference,https://data-api.ecb.europa.eu/service/data/EXR/D.CNY+USD.EUR.SP00.A?startPeriod=2026-08-29&format=csvdata,1.0,ECB EXR CNY/EUR ÷ USD/EUR,confirmed,derived,day
2026-09-03,2026-09-03,ecb_fx,ecb,1,fx.usdcny,,6.719070167886354,CNY,per USD,reference_rate,fx,reference,https://data-api.ecb.europa.eu/service/data/EXR/D.CNY+USD.EUR.SP00.A?startPeriod=2026-08-29&format=csvdata,1.0,ECB EXR CNY/EUR ÷ USD/EUR,confirmed,derived,day
2026-09-04,2026-09-04,ecb_fx,ecb,1,fx.usdcny,,6.710893133711926,CNY,per USD,reference_rate,fx,reference,https://data-api.ecb.europa.eu/service/data/EXR/D.CNY+USD.EUR.SP00.A?startPeriod=2026-08-29&format=csvdata,1.0,ECB EXR CNY/EUR ÷ USD/EUR,confirmed,derived,day
2026-09-07,2026-09-07,ecb_fx,ecb,1,fx.usdcny,,6.710979177422131,CNY,per USD,reference_rate,fx,reference,https://data-api.ecb.europa.eu/service/data/EXR/D.CNY+USD.EUR.SP00.A?startPeriod=2026-08-29&format=csvdata,1.0,ECB EXR CNY/EUR ÷ USD/EUR,confirmed,derived,day
2026-09-08,2026-09-08,ecb_fx,ecb,1,fx.usdcny,,6.710521784053728,CNY,per USD,reference_rate,fx,reference,https://data-api.ecb.europa.eu/service/data/EXR/D.CNY+USD.EUR.SP00.A?startPeriod=2026-08-29&format=csvdata,1.0,ECB EXR CNY/EUR ÷ USD/EUR,confirmed,derived,day
2026-09-09,2026-09-09,ecb_fx,ecb,1,fx.usdcny,,6.707775489186406,CNY,per USD,reference_rate,fx,reference,https://data-api.ecb.europa.eu/service/data/EXR/D.CNY+USD.EUR.SP00.A?startPeriod=2026-08-29&format=csvdata,1.0,ECB EXR CNY/EUR ÷ USD/EUR,confirmed,derived,day
2026-09-10,2026-09-10,ecb_fx,ecb,1,fx.usdcny,,6.706267217630854,CNY,per USD,reference_rate,fx,reference,https://data-api.ecb.europa.eu/service/data/EXR/D.CNY+USD.EUR.SP00.A?startPeriod=2026-08-29&format=csvdata,1.0,ECB EXR CNY/EUR ÷ USD/EUR,confirmed,derived,day
2026-09-11,2026-09-11,ecb_fx,ecb,1,fx.usdcny,,6.708247066942719,CNY,per USD,reference_rate,fx,reference,https://data-api.ecb.europa.eu/service/data/EXR/D.CNY+USD.EUR.SP00.A?startPeriod=2026-08-29&format=csvdata,1.0,ECB EXR CNY/EUR ÷ USD/EUR,confirmed,derived,day
2026-09-14,2026-09-14,ecb_fx,ecb,1,fx.usdcny,,6.708423513115747,CNY,per USD,reference_rate,fx,reference,https://data-api.ecb.europa.eu/service/data/EXR/D.CNY+USD.EUR.SP00.A?startPeriod=2026-08-29&format=csvdata,1.0,ECB EXR CNY/EUR ÷ USD/EUR,confirmed,derived,day
2026-09-15,2026-09-15,ecb_fx,ecb,1,fx.usdcny,,6.711500129993934,CNY,per USD,reference_rate,fx,reference,https://data-api.ecb.europa.eu/service/data/EXR/D.CNY+USD.EUR.SP00.A?startPeriod=2026-08-29&format=csvdata,1.0,ECB EXR CNY/EUR ÷ USD/EUR,confirmed,derived,day
2026-09-16,2026-09-16,ecb_fx,ecb,1,fx.usdcny,,6.707116234723066,CNY,per USD,reference_rate,fx,reference,https://data-api.ecb.europa.eu/service/data/EXR/D.CNY+USD.EUR.SP00.A?startPeriod=2026-08-29&format=csvdata,1.0,ECB EXR CNY/EUR ÷ USD/EUR,confirmed,derived,day
2026-09-17,2026-09-17,ecb_fx,ecb,1,fx.usdcny,,6.707516766832158,CNY,per USD,reference_rate,fx,reference,https://data-api.ecb.europa.eu/service/data/EXR/D.CNY+USD.EUR.SP00.A?startPeriod=2026-08-29&format=csvdata,1.0,ECB EXR CNY/EUR ÷ USD/EUR,confirmed,derived,day
2026-09-18,2026-09-18,ecb_fx,ecb,1,fx.usdcny,,6.697643979057593,CNY,per USD,reference_rate,fx,reference,https://data-api.ecb.europa.eu/service/data/EXR/D.CNY+USD.EUR.SP00.A?startPeriod=2026-08-29&format=csvdata,1.0,ECB EXR CNY/EUR ÷ USD/EUR,confirmed,derived,day
2026-09-21,2026-09-21,ecb_fx,ecb,1,fx.usdcny,,6.69538729329852,CNY,per USD,reference_rate,fx,reference,https://data-api.ecb.europa.eu/service/data/EXR/D.CNY+USD.EUR.SP00.A?startPeriod=2026-08-29&format=csvdata,1.0,ECB EXR CNY/EUR ÷ USD/EUR,confirmed,derived,day
2026-09-22,2026-09-22,ecb_fx,ecb,1,fx.usdcny,,6.700078513478147,CNY,per USD,reference_rate,fx,reference,https://data-api.ecb.europa.eu/service/data/EXR/D.CNY+USD.EUR.SP00.A?startPeriod=2026-08-29&format=csvdata,1.0,ECB EXR CNY/EUR ÷ USD/EUR,confirmed,derived,day
2026-09-23,2026-09-23,ecb_fx,ecb,1,fx.usdcny,,6.7073876084479895,CNY,per USD,reference_rate,fx,reference,https://data-api.ecb.europa.eu/service/data/EXR/D.CNY+USD.EUR.SP00.A?startPeriod=2026-08-29&format=csvdata,1.0,ECB EXR CNY/EUR ÷ USD/EUR,confirmed,derived,day
2026-09-24,2026-09-24,ecb_fx,ecb,1,fx.usdcny,,6.712589073634204,CNY,per USD,reference_rate,fx,reference,https://data-api.ecb.europa.eu/service/data/EXR/D.CNY+USD.EUR.SP00.A?startPeriod=2026-08-29&format=csvdata,1.0,ECB EXR CNY/EUR ÷ USD/EUR,confirmed,derived,day
2026-09-25,2026-09-25,ecb_fx,ecb,1,fx.usdcny,,6.7132333596421985,CNY,per USD,reference_rate,fx,reference,https://data-api.ecb.europa.eu/service/data/EXR/D.CNY+USD.EUR.SP00.A?startPeriod=2026-08-29&format=csvdata,1.0,ECB EXR CNY/EUR ÷ USD/EUR,confirmed,derived,day
2026-09-28,2026-09-28,ecb_fx,ecb,1,fx.usdcny,,6.71049393566532,CNY,per USD,reference_rate,fx,reference,https://data-api.ecb.europa.eu/service/data/EXR/D.CNY+USD.EUR.SP00.A?startPeriod=2026-08-29&format=csvdata,1.0,ECB EXR CNY/EUR ÷ USD/EUR,confirmed,derived,day
2026-09-29,2026-09-29,ecb_fx,ecb,1,fx.usdcny,,6.703390576838397,CNY,per USD,reference_rate,fx,reference,https://data-api.ecb.europa.eu/service/data/EXR/D.CNY+USD.EUR.SP00.A?startPeriod=2026-08-29&format=csvdata,1.0,ECB EXR CNY/EUR ÷ USD/EUR,confirmed,derived,day
2026-09-30,2026-09-30,ecb_fx,ecb,1,fx.usdcny,,6.7045354469396745,CNY,per USD,reference_rate,fx,reference,https://data-api.ecb.europa.eu/service/data/EXR/D.CNY+USD.EUR.SP00.A?startPeriod=2026-08-29&format=csvdata,1.0,ECB EXR CNY/EUR ÷ USD/EUR,confirmed,derived,day
2026-10-01,2026-10-01,ecb_fx,ecb,1,fx.usdcny,,6.7045494777836785,CNY,per USD,reference_rate,fx,reference,https://data-api.ecb.europa.eu/service/data/EXR/D.CNY+USD.EUR.SP00.A?startPeriod=2026-08-29&format=csvdata,1.0,ECB EXR CNY/EUR ÷ USD/EUR,confirmed,derived,day
2026-10-02,2026-10-02,ecb_fx,ecb,1,fx.usdcny,,6.7045879732739415,CNY,per USD,reference_rate,fx,reference,https://data-api.ecb.europa.eu/service/data/EXR/D.CNY+USD.EUR.SP00.A?startPeriod=2026-08-29&format=csvdata,1.0,ECB EXR CNY/EUR ÷ USD/EUR,confirmed,derived,day
2026-10-05,2026-10-05,ecb_fx,ecb,1,fx.usdcny,,6.704569796501249,CNY,per USD,reference_rate,fx,reference,https://data-api.ecb.europa.eu/service/data/EXR/D.CNY+USD.EUR.SP00.A?startPeriod=2026-08-29&format=csvdata,1.0,ECB EXR CNY/EUR ÷ USD/EUR,confirmed,derived,day
2026-10-06,2026-10-06,ecb_fx,ecb,1,fx.usdcny,,6.704587807258851,CNY,per USD,reference_rate,fx,reference,https://data-api.ecb.europa.eu/service/data/EXR/D.CNY+USD.EUR.SP00.A?startPeriod=2026-08-29&format=csvdata,1.0,ECB EXR CNY/EUR ÷ USD/EUR,confirmed,derived,day
2026-10-07,2026-10-07,ecb_fx,ecb,1,fx.usdcny,,6.704571888700009,CNY,per USD,reference_rate,fx,reference,https://data-api.ecb.europa.eu/service/data/EXR/D.CNY+USD.EUR.SP00.A?startPeriod=2026-08-29&format=csvdata,1.0,ECB EXR CNY/EUR ÷ USD/EUR,confirmed,derived,day
